fail_FW5,fail_FW6_HEADYAW,fail_FW6_YAW5,fail_FW7_YAW5_HEADYAW,fail_FW7_YAW6,fail_WHEEL_FW5,floor,law,ok_FW5,ok_FW6_HEADYAW,ok_FW6_YAW5,ok_FW7_YAW5_HEADYAW,ok_FW7_YAW6,ok_WHEEL_FW5,reading,sample,torque_scale
speed+turn,speed,speed,speed,speed+turn,-,WOOD,decoupled,False,False,False,False,False,True,WHEEL_FALLBACK,0,1.0
speed,speed,speed,speed,speed,-,WOOD,decoupled,False,False,False,False,False,True,WHEEL_FALLBACK,1,1.0
speed,speed,-,-,-,-,WOOD,ellipse,False,False,True,True,True,True,BODY_YAW_NEEDED,2,1.0
speed,speed,speed,speed,speed,-,WOOD,ellipse,False,False,False,False,False,True,WHEEL_FALLBACK,3,1.0
speed,speed,speed,speed,-,-,WOOD,ellipse,False,False,False,False,True,True,WHEEL_FALLBACK,4,1.0
speed,speed,speed,speed,speed,-,WOOD,decoupled,False,False,False,False,False,True,WHEEL_FALLBACK,5,1.0
speed,speed,speed,speed,speed,-,WOOD,decoupled,False,False,False,False,False,True,WHEEL_FALLBACK,6,1.0
speed+turn,speed,speed,speed,-,-,WOOD,decoupled,False,False,False,False,True,True,WHEEL_FALLBACK,7,1.0
speed,speed,speed,speed,speed,-,WOOD,ellipse,False,False,False,False,False,True,WHEEL_FALLBACK,8,1.0
speed,speed,speed,speed,speed,-,WOOD,ellipse,False,False,False,False,False,True,WHEEL_FALLBACK,9,1.0
speed,speed,speed,speed,speed,-,WOOD,ellipse,False,False,False,False,False,True,WHEEL_FALLBACK,10,1.0
speed,speed,speed,speed,-,-,WOOD,ellipse,False,False,False,False,True,True,WHEEL_FALLBACK,11,1.0
speed,speed,speed,speed,speed,-,WOOD,ellipse,False,False,False,False,False,True,WHEEL_FALLBACK,12,1.0
speed,speed,-,-,-,-,WOOD,ellipse,False,False,True,True,True,True,BODY_YAW_NEEDED,13,1.0
speed+turn,speed+turn,speed,speed,speed,-,WOOD,decoupled,False,False,False,False,False,True,WHEEL_FALLBACK,14,1.0
speed,speed,speed,speed,speed,-,WOOD,ellipse,False,False,False,False,False,True,WHEEL_FALLBACK,15,1.0
speed,speed,speed,speed,speed,-,WOOD,decoupled,False,False,False,False,False,True,WHEEL_FALLBACK,16,1.0
speed,speed,speed,speed,speed,-,WOOD,decoupled,False,False,False,False,False,True,WHEEL_FALLBACK,17,1.0
speed,speed,-,speed,-,-,WOOD,ellipse,False,False,True,False,True,True,BODY_YAW_NEEDED,18,1.0
speed,speed,-,-,-,-,WOOD,ellipse,False,False,True,True,True,True,BODY_YAW_NEEDED,19,1.0
speed,speed,speed,speed,speed,-,WOOD,ellipse,False,False,False,False,False,True,WHEEL_FALLBACK,20,1.0
speed,speed,speed,speed,-,-,WOOD,ellipse,False,False,False,False,True,True,WHEEL_FALLBACK,21,1.0
speed,speed,-,-,-,-,WOOD,ellipse,False,False,True,True,True,True,BODY_YAW_NEEDED,22,1.0
speed,speed,speed,speed,speed,-,WOOD,ellipse,False,False,False,False,False,True,WHEEL_FALLBACK,23,1.0
speed,speed,speed,speed,speed,-,WOOD,decoupled,False,False,False,False,False,True,WHEEL_FALLBACK,24,1.0
speed+turn,speed+turn,speed,speed,speed,-,WOOD,decoupled,False,False,False,False,False,True,WHEEL_FALLBACK,25,1.0
speed+turn,speed,speed,speed,speed,-,WOOD,decoupled,False,False,False,False,False,True,WHEEL_FALLBACK,26,1.0
speed,speed,speed,speed+turn,speed+turn,-,WOOD,decoupled,False,False,False,False,False,True,WHEEL_FALLBACK,27,1.0
-,-,-,-,-,-,WOOD,ellipse,True,True,True,True,True,True,HEAD_YAW_OK,28,1.0
speed,speed,speed+turn,speed,speed+turn,-,WOOD,decoupled,False,False,False,False,False,True,WHEEL_FALLBACK,29,1.0
speed,speed,speed,speed,-,-,WOOD,ellipse,False,False,False,False,True,True,WHEEL_FALLBACK,30,1.0
speed,speed,speed,speed,-,-,WOOD,ellipse,False,False,False,False,True,True,WHEEL_FALLBACK,31,1.0
speed,speed,speed,speed,speed,-,WOOD,ellipse,False,False,False,False,False,True,WHEEL_FALLBACK,32,1.0
speed,speed,-,speed,speed+turn,-,WOOD,ellipse,False,False,True,False,False,True,BODY_YAW_NEEDED,33,1.0
speed,speed,speed,speed,speed,-,WOOD,ellipse,False,False,False,False,False,True,WHEEL_FALLBACK,34,1.0
speed,speed,-,drift,-,-,WOOD,ellipse,False,False,True,False,True,True,BODY_YAW_NEEDED,35,1.0
-,-,-,speed,speed,-,WOOD,ellipse,True,True,True,False,False,True,HEAD_YAW_OK,36,1.0
speed,speed,speed,speed,speed,-,WOOD,decoupled,False,False,False,False,False,True,WHEEL_FALLBACK,37,1.0
speed,speed,speed,speed,speed,-,WOOD,decoupled,False,False,False,False,False,True,WHEEL_FALLBACK,38,1.0
speed,speed,speed,speed,-,-,WOOD,ellipse,False,False,False,False,True,True,WHEEL_FALLBACK,39,1.0
speed+turn,speed+turn,speed,speed,speed,-,WOOD,decoupled,False,False,False,False,False,True,WHEEL_FALLBACK,40,1.0
speed,speed,speed,speed,speed,-,WOOD,decoupled,False,False,False,False,False,True,WHEEL_FALLBACK,41,1.0
speed,speed,speed,speed,speed,-,WOOD,ellipse,False,False,False,False,False,True,WHEEL_FALLBACK,42,1.0
speed,speed,speed,speed,speed,-,WOOD,ellipse,False,False,False,False,False,True,WHEEL_FALLBACK,43,1.0
speed,speed,speed,speed,speed,-,WOOD,ellipse,False,False,False,False,False,True,WHEEL_FALLBACK,44,1.0
speed,speed,speed,speed,-,-,WOOD,decoupled,False,False,False,False,True,True,WHEEL_FALLBACK,45,1.0
speed,speed,speed,speed,speed,-,WOOD,ellipse,False,False,False,False,False,True,WHEEL_FALLBACK,46,1.0
-,-,-,-,turn,-,WOOD,ellipse,True,True,True,True,False,True,HEAD_YAW_OK,47,1.0
speed,speed,speed,speed,-,-,WOOD,ellipse,False,False,False,False,True,True,WHEEL_FALLBACK,48,1.0
speed,speed,speed,speed,speed,-,WOOD,ellipse,False,False,False,False,False,True,WHEEL_FALLBACK,49,1.0
speed,speed,speed,speed,-,-,WOOD,decoupled,False,False,False,False,True,True,WHEEL_FALLBACK,50,1.0
speed,speed,speed+turn,speed,speed+turn,-,WOOD,ellipse,False,False,False,False,False,True,WHEEL_FALLBACK,51,1.0
speed,speed,speed,speed,speed,-,WOOD,decoupled,False,False,False,False,False,True,WHEEL_FALLBACK,52,1.0
speed+turn,speed,speed,speed+turn,speed+turn,-,WOOD,decoupled,False,False,False,False,False,True,WHEEL_FALLBACK,53,1.0
speed,speed,speed,speed,speed,-,WOOD,ellipse,False,False,False,False,False,True,WHEEL_FALLBACK,54,1.0
speed+turn,speed,speed,speed,speed,-,WOOD,decoupled,False,False,False,False,False,True,WHEEL_FALLBACK,55,1.0
speed,speed,-,-,-,-,WOOD,ellipse,False,False,True,True,True,True,BODY_YAW_NEEDED,56,1.0
speed,speed,speed,speed,speed,-,WOOD,ellipse,False,False,False,False,False,True,WHEEL_FALLBACK,57,1.0
speed,speed,speed,speed,speed,-,WOOD,ellipse,False,False,False,False,False,True,WHEEL_FALLBACK,58,1.0
speed,speed,speed,speed,speed,-,WOOD,decoupled,False,False,False,False,False,True,WHEEL_FALLBACK,59,1.0
speed+turn,speed,speed,speed,speed+turn,-,WOOD,decoupled,False,False,False,False,False,True,WHEEL_FALLBACK,60,1.0
speed,speed,speed+turn,speed+turn,speed,-,WOOD,decoupled,False,False,False,False,False,True,WHEEL_FALLBACK,61,1.0
-,-,-,-,-,-,WOOD,ellipse,True,True,True,True,True,True,HEAD_YAW_OK,62,1.0
speed,speed,speed,speed,speed,-,WOOD,ellipse,False,False,False,False,False,True,WHEEL_FALLBACK,63,1.0
speed,speed,speed,speed,speed,-,WOOD,decoupled,False,False,False,False,False,True,WHEEL_FALLBACK,64,1.0
speed,speed,-,-,-,-,WOOD,ellipse,False,False,True,True,True,True,BODY_YAW_NEEDED,65,1.0
speed,speed,speed,speed,speed,-,WOOD,ellipse,False,False,False,False,False,True,WHEEL_FALLBACK,66,1.0
speed,speed,speed,speed,speed,-,WOOD,ellipse,False,False,False,False,False,True,WHEEL_FALLBACK,67,1.0
speed,speed,-,-,-,-,WOOD,ellipse,False,False,True,True,True,True,BODY_YAW_NEEDED,68,1.0
speed,speed,speed,speed,speed,-,WOOD,decoupled,False,False,False,False,False,True,WHEEL_FALLBACK,69,1.0
speed,speed,-,speed,-,-,WOOD,ellipse,False,False,True,False,True,True,BODY_YAW_NEEDED,70,1.0
speed+turn,speed,speed,speed,-,-,WOOD,decoupled,False,False,False,False,True,True,WHEEL_FALLBACK,71,1.0
speed,speed+turn,speed+turn,speed,turn,-,WOOD,decoupled,False,False,False,False,False,True,WHEEL_FALLBACK,72,1.0
speed,speed,speed,speed,speed,-,WOOD,ellipse,False,False,False,False,False,True,WHEEL_FALLBACK,73,1.0
speed,speed,speed,speed,speed,-,WOOD,decoupled,False,False,False,False,False,True,WHEEL_FALLBACK,74,1.0
-,-,-,-,-,-,WOOD,ellipse,True,True,True,True,True,True,HEAD_YAW_OK,75,1.0
speed,speed,speed,speed,speed,-,WOOD,decoupled,False,False,False,False,False,True,WHEEL_FALLBACK,76,1.0
-,-,-,-,-,-,WOOD,ellipse,True,True,True,True,True,True,HEAD_YAW_OK,77,1.0
-,speed,-,speed,-,-,WOOD,ellipse,True,False,True,False,True,True,BODY_YAW_NEEDED,78,1.0
speed,speed,speed,speed,speed,-,WOOD,decoupled,False,False,False,False,False,True,WHEEL_FALLBACK,79,1.0
speed,speed,speed,speed,speed,-,WOOD,decoupled,False,False,False,False,False,True,WHEEL_FALLBACK,80,1.0
speed,speed,speed,speed,speed,-,WOOD,ellipse,False,False,False,False,False,True,WHEEL_FALLBACK,81,1.0
-,speed,speed,speed+turn,-,-,WOOD,ellipse,True,False,False,False,True,True,WHEEL_FALLBACK,82,1.0
speed,speed,speed,speed,speed,-,WOOD,ellipse,False,False,False,False,False,True,WHEEL_FALLBACK,83,1.0
speed,speed,speed,speed,-,-,WOOD,ellipse,False,False,False,False,True,True,WHEEL_FALLBACK,84,1.0
speed+turn,speed,speed+turn,speed,speed,-,WOOD,decoupled,False,False,False,False,False,True,WHEEL_FALLBACK,85,1.0
speed,speed,speed,speed,speed,-,WOOD,decoupled,False,False,False,False,False,True,WHEEL_FALLBACK,86,1.0
speed,speed,speed,speed,speed,-,WOOD,ellipse,False,False,False,False,False,True,WHEEL_FALLBACK,87,1.0
speed,speed,speed,speed,speed,-,WOOD,decoupled,False,False,False,False,False,True,WHEEL_FALLBACK,88,1.0
-,-,-,-,turn,-,WOOD,ellipse,True,True,True,True,False,True,HEAD_YAW_OK,89,1.0
speed+turn,speed,speed+turn,speed,speed+turn,-,WOOD,decoupled,False,False,False,False,False,True,WHEEL_FALLBACK,90,1.0
speed+turn,speed,speed,speed+turn,speed+turn,-,WOOD,decoupled,False,False,False,False,False,True,WHEEL_FALLBACK,91,1.0
speed,speed,speed,speed,speed,-,WOOD,ellipse,False,False,False,False,False,True,WHEEL_FALLBACK,92,1.0
speed,speed,speed,speed,speed,-,WOOD,ellipse,False,False,False,False,False,True,WHEEL_FALLBACK,93,1.0
speed,speed,speed,speed,-,-,WOOD,ellipse,False,False,False,False,True,True,WHEEL_FALLBACK,94,1.0
speed,speed,speed,speed,-,-,WOOD,ellipse,False,False,False,False,True,True,WHEEL_FALLBACK,95,1.0
speed,speed,speed,speed,-,-,WOOD,ellipse,False,False,False,False,True,True,WHEEL_FALLBACK,96,1.0
speed,speed,speed,speed,speed,-,WOOD,ellipse,False,False,False,False,False,True,WHEEL_FALLBACK,97,1.0
speed,speed,speed,speed,speed,-,WOOD,decoupled,False,False,False,False,False,True,WHEEL_FALLBACK,98,1.0
speed,speed,speed,speed,-,-,WOOD,ellipse,False,False,False,False,True,True,WHEEL_FALLBACK,99,1.0
speed,speed,speed,speed,speed,-,WOOD,decoupled,False,False,False,False,False,True,WHEEL_FALLBACK,100,1.0
speed,speed,-,speed,speed+turn,-,WOOD,ellipse,False,False,True,False,False,True,BODY_YAW_NEEDED,101,1.0
speed,speed,speed,speed,speed,-,WOOD,decoupled,False,False,False,False,False,True,WHEEL_FALLBACK,102,1.0
speed,speed,speed,speed,speed,-,WOOD,decoupled,False,False,False,False,False,True,WHEEL_FALLBACK,103,1.0
speed+turn,speed,speed,speed,speed,-,WOOD,decoupled,False,False,False,False,False,True,WHEEL_FALLBACK,104,1.0
speed+turn,speed,speed,speed,-,-,WOOD,decoupled,False,False,False,False,True,True,WHEEL_FALLBACK,105,1.0
speed+turn,speed,speed,speed,-,-,WOOD,decoupled,False,False,False,False,True,True,WHEEL_FALLBACK,106,1.0
speed,speed,speed,speed,speed,-,WOOD,decoupled,False,False,False,False,False,True,WHEEL_FALLBACK,107,1.0
speed+turn,speed,speed,speed+turn,speed+turn,-,WOOD,decoupled,False,False,False,False,False,True,WHEEL_FALLBACK,108,1.0
speed,speed,speed,speed,speed,-,WOOD,decoupled,False,False,False,False,False,True,WHEEL_FALLBACK,109,1.0
speed,speed,-,speed,-,-,WOOD,ellipse,False,False,True,False,True,True,BODY_YAW_NEEDED,110,1.0
speed,speed,speed,speed,speed,-,WOOD,ellipse,False,False,False,False,False,True,WHEEL_FALLBACK,111,1.0
speed,speed,speed,speed,speed,-,WOOD,decoupled,False,False,False,False,False,True,WHEEL_FALLBACK,112,1.0
-,-,-,-,-,-,WOOD,ellipse,True,True,True,True,True,True,HEAD_YAW_OK,113,1.0
speed+turn,speed,speed,speed,-,-,WOOD,decoupled,False,False,False,False,True,True,WHEEL_FALLBACK,114,1.0
speed,speed,speed,speed,speed,-,WOOD,decoupled,False,False,False,False,False,True,WHEEL_FALLBACK,115,1.0
speed,speed,speed,speed,speed,-,WOOD,ellipse,False,False,False,False,False,True,WHEEL_FALLBACK,116,1.0
speed,speed,speed,speed,-,-,WOOD,decoupled,False,False,False,False,True,True,WHEEL_FALLBACK,117,1.0
speed+turn,speed,speed,speed+turn,speed+turn,-,WOOD,decoupled,False,False,False,False,False,True,WHEEL_FALLBACK,118,1.0
speed+turn,speed,speed,speed,-,-,WOOD,decoupled,False,False,False,False,True,True,WHEEL_FALLBACK,119,1.0
speed,speed,speed,speed,speed,-,WOOD,decoupled,False,False,False,False,False,True,WHEEL_FALLBACK,120,1.0
speed,speed,speed,speed,speed+turn,-,WOOD,ellipse,False,False,False,False,False,True,WHEEL_FALLBACK,121,1.0
speed,speed,speed,speed,-,-,WOOD,ellipse,False,False,False,False,True,True,WHEEL_FALLBACK,122,1.0
speed,speed,speed,speed,speed,-,WOOD,decoupled,False,False,False,False,False,True,WHEEL_FALLBACK,123,1.0
speed+turn,speed,speed,speed,-,-,WOOD,decoupled,False,False,False,False,True,True,WHEEL_FALLBACK,124,1.0
speed,speed,speed,speed,speed,-,WOOD,ellipse,False,False,False,False,False,True,WHEEL_FALLBACK,125,1.0
speed,speed,speed,speed,speed+turn,-,WOOD,decoupled,False,False,False,False,False,True,WHEEL_FALLBACK,126,1.0
speed+turn,speed+turn,speed+turn,speed,speed+turn,-,WOOD,decoupled,False,False,False,False,False,True,WHEEL_FALLBACK,127,1.0
speed+turn,speed+turn,speed,speed,speed,-,WOOD,decoupled,False,False,False,False,False,True,WHEEL_FALLBACK,128,1.0
speed,speed,speed,speed,speed,-,WOOD,decoupled,False,False,False,False,False,True,WHEEL_FALLBACK,129,1.0
speed,speed,speed,speed,-,-,WOOD,ellipse,False,False,False,False,True,True,WHEEL_FALLBACK,130,1.0
speed,speed,speed,speed,speed,-,WOOD,ellipse,False,False,False,False,False,True,WHEEL_FALLBACK,131,1.0
speed,speed,speed,speed,speed,-,WOOD,decoupled,False,False,False,False,False,True,WHEEL_FALLBACK,132,1.0
speed+turn,speed,speed,speed,-,-,WOOD,decoupled,False,False,False,False,True,True,WHEEL_FALLBACK,133,1.0
speed,speed,speed,speed,speed,-,WOOD,decoupled,False,False,False,False,False,True,WHEEL_FALLBACK,134,1.0
speed,speed,speed,speed,speed,-,WOOD,ellipse,False,False,False,False,False,True,WHEEL_FALLBACK,135,1.0
speed,speed,speed,speed,speed,-,WOOD,decoupled,False,False,False,False,False,True,WHEEL_FALLBACK,136,1.0
-,-,-,-,-,-,WOOD,ellipse,True,True,True,True,True,True,HEAD_YAW_OK,137,1.0
speed,speed,speed,speed,speed,-,WOOD,ellipse,False,False,False,False,False,True,WHEEL_FALLBACK,138,1.0
speed,speed,speed,speed,speed,-,WOOD,ellipse,False,False,False,False,False,True,WHEEL_FALLBACK,139,1.0
speed,speed,-,-,-,-,WOOD,ellipse,False,False,True,True,True,True,BODY_YAW_NEEDED,140,1.0
speed,speed,speed,speed+turn,speed+turn,-,WOOD,decoupled,False,False,False,False,False,True,WHEEL_FALLBACK,141,1.0
speed,speed,speed,speed,speed,-,WOOD,decoupled,False,False,False,False,False,True,WHEEL_FALLBACK,142,1.0
speed,speed,speed,speed,speed,-,WOOD,decoupled,False,False,False,False,False,True,WHEEL_FALLBACK,143,1.0
speed+turn,speed,speed,speed,speed+turn,-,WOOD,decoupled,False,False,False,False,False,True,WHEEL_FALLBACK,144,1.0
speed,speed,speed,speed,-,-,WOOD,decoupled,False,False,False,False,True,True,WHEEL_FALLBACK,145,1.0
speed,speed,speed,speed,-,-,WOOD,ellipse,False,False,False,False,True,True,WHEEL_FALLBACK,146,1.0
speed,speed,speed,speed+turn,speed+turn,-,WOOD,decoupled,False,False,False,False,False,True,WHEEL_FALLBACK,147,1.0
speed,speed,speed,speed,speed,-,WOOD,ellipse,False,False,False,False,False,True,WHEEL_FALLBACK,148,1.0
speed,speed,-,-,-,-,WOOD,ellipse,False,False,True,True,True,True,BODY_YAW_NEEDED,149,1.0
speed,speed,speed,speed,speed,-,WOOD,ellipse,False,False,False,False,False,True,WHEEL_FALLBACK,150,1.0
-,-,-,-,-,-,WOOD,ellipse,True,True,True,True,True,True,HEAD_YAW_OK,151,1.0
speed,speed,speed,speed,-,-,WOOD,ellipse,False,False,False,False,True,True,WHEEL_FALLBACK,152,1.0
speed,speed,speed,speed,speed,-,WOOD,decoupled,False,False,False,False,False,True,WHEEL_FALLBACK,153,1.0
speed,speed,speed,speed,speed,-,WOOD,decoupled,False,False,False,False,False,True,WHEEL_FALLBACK,154,1.0
speed,speed,speed,speed,speed,-,WOOD,ellipse,False,False,False,False,False,True,WHEEL_FALLBACK,155,1.0
speed,speed,speed,speed,speed,-,WOOD,ellipse,False,False,False,False,False,True,WHEEL_FALLBACK,156,1.0
speed,speed,speed,speed,speed,-,WOOD,ellipse,False,False,False,False,False,True,WHEEL_FALLBACK,157,1.0
speed,speed,-,-,-,-,WOOD,ellipse,False,False,True,True,True,True,BODY_YAW_NEEDED,158,1.0
-,-,-,-,turn,-,WOOD,ellipse,True,True,True,True,False,True,HEAD_YAW_OK,159,1.0
speed,speed,speed,speed,speed,speed,RUG,decoupled,False,False,False,False,False,False,NONE,0,1.0
speed,torque,speed+turn,torque,torque,-,RUG,ellipse,False,False,False,False,False,True,WHEEL_FALLBACK,1,1.0
speed,speed,speed,speed,speed,-,RUG,ellipse,False,False,False,False,False,True,WHEEL_FALLBACK,2,1.0
speed+turn,speed+turn,speed,speed+turn,speed+turn,speed,RUG,decoupled,False,False,False,False,False,False,NONE,3,1.0
speed,speed,speed,speed,speed,-,RUG,decoupled,False,False,False,False,False,True,WHEEL_FALLBACK,4,1.0
speed,speed,speed,speed,speed,-,RUG,decoupled,False,False,False,False,False,True,WHEEL_FALLBACK,5,1.0
speed,speed,speed,speed,speed,-,RUG,ellipse,False,False,False,False,False,True,WHEEL_FALLBACK,6,1.0
speed+turn,speed+turn,speed+turn,torque,torque,-,RUG,decoupled,False,False,False,False,False,True,WHEEL_FALLBACK,7,1.0
speed+turn,speed,speed,speed+turn,speed+turn,speed,RUG,decoupled,False,False,False,False,False,False,NONE,8,1.0
speed,speed,speed,speed+turn,speed+turn,speed,RUG,ellipse,False,False,False,False,False,False,NONE,9,1.0
speed+turn,torque,speed+turn,torque,speed+turn,speed,RUG,decoupled,False,False,False,False,False,False,NONE,10,1.0
speed+turn,torque,speed+turn,torque,torque,-,RUG,decoupled,False,False,False,False,False,True,WHEEL_FALLBACK,11,1.0
-,speed,speed+turn,speed+turn,turn,-,RUG,ellipse,True,False,False,False,False,True,WHEEL_FALLBACK,12,1.0
speed,speed,speed,speed,speed,speed,RUG,decoupled,False,False,False,False,False,False,NONE,13,1.0
speed+turn,speed+turn,speed,speed+turn,speed+turn,speed,RUG,decoupled,False,False,False,False,False,False,NONE,14,1.0
speed,speed+turn,speed+turn,speed,speed+turn,speed,RUG,decoupled,False,False,False,False,False,False,NONE,15,1.0
speed,speed,speed,speed,speed,-,RUG,ellipse,False,False,False,False,False,True,WHEEL_FALLBACK,16,1.0
speed,speed+turn,speed+turn,speed+turn,speed+turn,-,RUG,decoupled,False,False,False,False,False,True,WHEEL_FALLBACK,17,1.0
speed,speed,speed,speed,speed+turn,-,RUG,ellipse,False,False,False,False,False,True,WHEEL_FALLBACK,18,1.0
speed+turn,torque,speed+turn,torque,torque,-,RUG,decoupled,False,False,False,False,False,True,WHEEL_FALLBACK,19,1.0
speed,torque,speed+turn,torque,turn,-,RUG,ellipse,False,False,False,False,False,True,WHEEL_FALLBACK,20,1.0
speed+turn,speed+turn,speed+turn,torque,speed+turn,-,RUG,decoupled,False,False,False,False,False,True,WHEEL_FALLBACK,21,1.0
-,-,-,-,-,-,RUG,ellipse,True,True,True,True,True,True,HEAD_YAW_OK,22,1.0
speed+turn,speed+turn,speed,speed+turn,speed+turn,speed,RUG,decoupled,False,False,False,False,False,False,NONE,23,1.0
speed,speed,speed,speed,speed,-,RUG,decoupled,False,False,False,False,False,True,WHEEL_FALLBACK,24,1.0
speed+turn,speed+turn,speed,speed,speed,-,RUG,decoupled,False,False,False,False,False,True,WHEEL_FALLBACK,25,1.0
speed+turn,speed,speed+turn,speed,speed+turn,speed,RUG,ellipse,False,False,False,False,False,False,NONE,26,1.0
torque,torque,torque,torque,torque,-,RUG,ellipse,False,False,False,False,False,True,WHEEL_FALLBACK,27,1.0
speed+turn,torque,speed+turn,torque,torque,-,RUG,decoupled,False,False,False,False,False,True,WHEEL_FALLBACK,28,1.0
speed,torque,speed+turn,torque,torque,speed,RUG,ellipse,False,False,False,False,False,False,NONE,29,1.0
speed+turn,speed,speed,torque,torque,-,RUG,decoupled,False,False,False,False,False,True,WHEEL_FALLBACK,30,1.0
speed,torque,speed+turn,torque,torque,-,RUG,decoupled,False,False,False,False,False,True,WHEEL_FALLBACK,31,1.0
speed,speed,speed+turn,speed+turn,speed+turn,-,RUG,ellipse,False,False,False,False,False,True,WHEEL_FALLBACK,32,1.0
speed,speed,speed,speed,speed,-,RUG,decoupled,False,False,False,False,False,True,WHEEL_FALLBACK,33,1.0
speed,speed,speed,speed,speed+turn,speed,RUG,decoupled,False,False,False,False,False,False,NONE,34,1.0
speed+turn,speed+turn,speed,speed,speed+turn,-,RUG,ellipse,False,False,False,False,False,True,WHEEL_FALLBACK,35,1.0
speed+turn,torque,speed+turn,torque,torque,-,RUG,decoupled,False,False,False,False,False,True,WHEEL_FALLBACK,36,1.0
speed+turn,torque,torque,torque,torque,-,RUG,decoupled,False,False,False,False,False,True,WHEEL_FALLBACK,37,1.0
speed,speed+turn,speed,speed+turn,speed+turn,-,RUG,ellipse,False,False,False,False,False,True,WHEEL_FALLBACK,38,1.0
speed+turn,speed+turn,speed+turn,speed+turn,speed+turn,-,RUG,decoupled,False,False,False,False,False,True,WHEEL_FALLBACK,39,1.0
speed+turn,speed+turn,speed+turn,torque,speed+turn,speed,RUG,decoupled,False,False,False,False,False,False,NONE,40,1.0
speed,speed,speed,speed,speed,speed,RUG,decoupled,False,False,False,False,False,False,NONE,41,1.0
speed+turn,torque,speed+turn,torque,torque,-,RUG,decoupled,False,False,False,False,False,True,WHEEL_FALLBACK,42,1.0
speed,speed,speed,speed,speed+turn,-,RUG,ellipse,False,False,False,False,False,True,WHEEL_FALLBACK,43,1.0
-,-,-,-,turn,speed,RUG,ellipse,True,True,True,True,False,False,HEAD_YAW_OK,44,1.0
speed+turn,torque,torque,torque,torque,-,RUG,ellipse,False,False,False,False,False,True,WHEEL_FALLBACK,45,1.0
-,-,-,-,-,-,RUG,ellipse,True,True,True,True,True,True,HEAD_YAW_OK,46,1.0
speed,speed,speed,speed,speed,-,RUG,ellipse,False,False,False,False,False,True,WHEEL_FALLBACK,47,1.0
speed,speed,speed,speed,-,-,RUG,ellipse,False,False,False,False,True,True,WHEEL_FALLBACK,48,1.0
speed+turn,torque,speed+turn,torque,torque,speed,RUG,decoupled,False,False,False,False,False,False,NONE,49,1.0
speed+turn,speed,speed,speed+turn,speed+turn,-,RUG,decoupled,False,False,False,False,False,True,WHEEL_FALLBACK,50,1.0
speed,speed,speed,speed,speed,-,RUG,decoupled,False,False,False,False,False,True,WHEEL_FALLBACK,51,1.0
-,speed,speed,speed+turn,speed+turn,-,RUG,ellipse,True,False,False,False,False,True,WHEEL_FALLBACK,52,1.0
torque,torque,torque,torque,torque,-,RUG,ellipse,False,False,False,False,False,True,WHEEL_FALLBACK,53,1.0
speed,torque,speed+turn,torque,torque,-,RUG,decoupled,False,False,False,False,False,True,WHEEL_FALLBACK,54,1.0
-,speed+turn,turn,speed+turn,turn,-,RUG,ellipse,True,False,False,False,False,True,WHEEL_FALLBACK,55,1.0
speed,torque,speed+turn,torque,torque,-,RUG,ellipse,False,False,False,False,False,True,WHEEL_FALLBACK,56,1.0
speed,torque,speed+turn,torque,torque,speed,RUG,decoupled,False,False,False,False,False,False,NONE,57,1.0
speed,speed,speed,speed,speed,-,RUG,decoupled,False,False,False,False,False,True,WHEEL_FALLBACK,58,1.0
speed,torque,speed+turn,torque,torque,speed,RUG,decoupled,False,False,False,False,False,False,NONE,59,1.0
speed,speed,drift,speed+turn,turn,-,RUG,decoupled,False,False,False,False,False,True,WHEEL_FALLBACK,60,1.0
speed,speed,speed,speed+turn,speed,speed,RUG,ellipse,False,False,False,False,False,False,NONE,61,1.0
speed+turn,speed+turn,speed,speed,speed+turn,-,RUG,decoupled,False,False,False,False,False,True,WHEEL_FALLBACK,62,1.0
speed,speed,speed,speed,speed,-,RUG,ellipse,False,False,False,False,False,True,WHEEL_FALLBACK,63,1.0
speed,speed,speed,speed,speed,-,RUG,decoupled,False,False,False,False,False,True,WHEEL_FALLBACK,64,1.0
speed,speed+turn,speed+turn,speed+turn,speed+turn,-,RUG,decoupled,False,False,False,False,False,True,WHEEL_FALLBACK,65,1.0
speed+turn,torque,torque,torque,torque,-,RUG,decoupled,False,False,False,False,False,True,WHEEL_FALLBACK,66,1.0
speed,speed,speed,speed,speed,speed,RUG,ellipse,False,False,False,False,False,False,NONE,67,1.0
speed,speed,speed,speed,speed,speed,RUG,decoupled,False,False,False,False,False,False,NONE,68,1.0
speed,torque,speed+turn,torque,speed+turn,-,RUG,ellipse,False,False,False,False,False,True,WHEEL_FALLBACK,69,1.0
speed,speed,speed,speed,speed,-,RUG,decoupled,False,False,False,False,False,True,WHEEL_FALLBACK,70,1.0
speed+turn,torque,speed+turn,torque,torque,speed,RUG,decoupled,False,False,False,False,False,False,NONE,71,1.0
speed+turn,torque,speed+turn,torque,torque,-,RUG,decoupled,False,False,False,False,False,True,WHEEL_FALLBACK,72,1.0
speed,speed,speed,speed,speed,speed,RUG,ellipse,False,False,False,False,False,False,NONE,73,1.0
speed,speed,speed,speed,speed,speed,RUG,ellipse,False,False,False,False,False,False,NONE,74,1.0
speed,torque,speed,torque,speed+turn,-,RUG,ellipse,False,False,False,False,False,True,WHEEL_FALLBACK,75,1.0
speed,speed,speed,speed,speed,-,RUG,ellipse,False,False,False,False,False,True,WHEEL_FALLBACK,76,1.0
speed,speed,speed,speed,speed,speed,RUG,decoupled,False,False,False,False,False,False,NONE,77,1.0
speed+turn,torque,speed+turn,torque,torque,-,RUG,decoupled,False,False,False,False,False,True,WHEEL_FALLBACK,78,1.0
speed+turn,torque,torque,torque,torque,-,RUG,decoupled,False,False,False,False,False,True,WHEEL_FALLBACK,79,1.0
speed,speed+turn,speed+turn,speed+turn,speed+turn,-,RUG,decoupled,False,False,False,False,False,True,WHEEL_FALLBACK,80,1.0
torque,torque,torque,torque,torque,-,RUG,ellipse,False,False,False,False,False,True,WHEEL_FALLBACK,81,1.0
speed,speed,speed,speed,speed,-,RUG,ellipse,False,False,False,False,False,True,WHEEL_FALLBACK,82,1.0
speed,speed+turn,speed+turn,torque,speed+turn,-,RUG,decoupled,False,False,False,False,False,True,WHEEL_FALLBACK,83,1.0
speed,speed,speed,speed,speed+turn,-,RUG,decoupled,False,False,False,False,False,True,WHEEL_FALLBACK,84,1.0
torque,torque,torque,torque,torque,speed,RUG,ellipse,False,False,False,False,False,False,NONE,85,1.0
torque,torque,torque,torque,torque,-,RUG,decoupled,False,False,False,False,False,True,WHEEL_FALLBACK,86,1.0
-,speed,-,speed+turn,turn,speed,RUG,ellipse,True,False,True,False,False,False,BODY_YAW_NEEDED,87,1.0
speed,speed,speed,speed,speed,-,RUG,decoupled,False,False,False,False,False,True,WHEEL_FALLBACK,88,1.0
speed,speed,speed,speed+turn,speed+turn,-,RUG,ellipse,False,False,False,False,False,True,WHEEL_FALLBACK,89,1.0
speed,speed,speed,speed+turn,speed,-,RUG,ellipse,False,False,False,False,False,True,WHEEL_FALLBACK,90,1.0
torque,torque,torque,torque,torque,-,RUG,decoupled,False,False,False,False,False,True,WHEEL_FALLBACK,91,1.0
speed,speed,speed,speed,speed,-,RUG,decoupled,False,False,False,False,False,True,WHEEL_FALLBACK,92,1.0
speed,speed,speed,speed,speed,speed,RUG,decoupled,False,False,False,False,False,False,NONE,93,1.0
speed,speed,speed,speed+turn,speed+turn,speed,RUG,ellipse,False,False,False,False,False,False,NONE,94,1.0
speed,torque,speed+turn,torque,torque,speed,RUG,decoupled,False,False,False,False,False,False,NONE,95,1.0
-,-,-,speed,turn,-,RUG,ellipse,True,True,True,False,False,True,HEAD_YAW_OK,96,1.0
torque,torque,torque,torque,torque,-,RUG,ellipse,False,False,False,False,False,True,WHEEL_FALLBACK,97,1.0
speed,speed,speed,speed,speed,speed,RUG,ellipse,False,False,False,False,False,False,NONE,98,1.0
-,speed+turn,speed+turn,speed+turn,turn,-,RUG,ellipse,True,False,False,False,False,True,WHEEL_FALLBACK,99,1.0
speed,speed,speed+turn,speed+turn,speed+turn,-,RUG,decoupled,False,False,False,False,False,True,WHEEL_FALLBACK,100,1.0
-,torque,-,torque,turn,-,RUG,ellipse,True,False,True,False,False,True,BODY_YAW_NEEDED,101,1.0
speed,speed,speed,speed,speed+turn,-,RUG,decoupled,False,False,False,False,False,True,WHEEL_FALLBACK,102,1.0
-,speed,speed,speed+turn,turn,-,RUG,ellipse,True,False,False,False,False,True,WHEEL_FALLBACK,103,1.0
speed+turn,torque,torque,torque,torque,-,RUG,decoupled,False,False,False,False,False,True,WHEEL_FALLBACK,104,1.0
speed,speed,speed,speed,speed+turn,-,RUG,ellipse,False,False,False,False,False,True,WHEEL_FALLBACK,105,1.0
speed+turn,speed,speed,speed,speed,-,RUG,decoupled,False,False,False,False,False,True,WHEEL_FALLBACK,106,1.0
torque,torque,torque,torque,torque,speed,RUG,ellipse,False,False,False,False,False,False,NONE,107,1.0
torque,torque,torque,torque,torque,speed,RUG,ellipse,False,False,False,False,False,False,NONE,108,1.0
speed,speed,-,-,-,speed,RUG,ellipse,False,False,True,True,True,False,BODY_YAW_NEEDED,109,1.0
speed,speed,speed,speed,speed+turn,-,RUG,decoupled,False,False,False,False,False,True,WHEEL_FALLBACK,110,1.0
torque,torque,torque,torque,torque,-,RUG,decoupled,False,False,False,False,False,True,WHEEL_FALLBACK,111,1.0
speed,torque,speed+turn,torque,torque,speed,RUG,ellipse,False,False,False,False,False,False,NONE,112,1.0
speed,speed,speed,speed,speed,-,RUG,ellipse,False,False,False,False,False,True,WHEEL_FALLBACK,113,1.0
speed+turn,speed+turn,speed,speed,-,-,RUG,decoupled,False,False,False,False,True,True,WHEEL_FALLBACK,114,1.0
speed+turn,speed+turn,speed+turn,torque,torque,speed,RUG,decoupled,False,False,False,False,False,False,NONE,115,1.0
speed,speed,speed,speed+turn,speed,speed,RUG,decoupled,False,False,False,False,False,False,NONE,116,1.0
speed,speed,speed+turn,speed+turn,speed+turn,-,RUG,ellipse,False,False,False,False,False,True,WHEEL_FALLBACK,117,1.0
torque,torque,torque,torque,torque,-,RUG,decoupled,False,False,False,False,False,True,WHEEL_FALLBACK,118,1.0
speed,speed,speed,speed,speed,-,RUG,ellipse,False,False,False,False,False,True,WHEEL_FALLBACK,119,1.0
speed,speed,speed,speed,speed+turn,speed,RUG,ellipse,False,False,False,False,False,False,NONE,120,1.0
speed,speed,speed,speed,speed,-,RUG,decoupled,False,False,False,False,False,True,WHEEL_FALLBACK,121,1.0
-,torque,speed+turn,torque,torque,speed,RUG,ellipse,True,False,False,False,False,False,NONE,122,1.0
speed+turn,speed+turn,speed,speed+turn,speed+turn,-,RUG,decoupled,False,False,False,False,False,True,WHEEL_FALLBACK,123,1.0
speed,speed,-,speed,turn,-,RUG,ellipse,False,False,True,False,False,True,BODY_YAW_NEEDED,124,1.0
speed,torque,speed+turn,torque,torque,-,RUG,ellipse,False,False,False,False,False,True,WHEEL_FALLBACK,125,1.0
speed+turn,torque,speed+turn,torque,torque,-,RUG,decoupled,False,False,False,False,False,True,WHEEL_FALLBACK,126,1.0
speed,speed,speed+turn,speed+turn,speed+turn,speed,RUG,decoupled,False,False,False,False,False,False,NONE,127,1.0
speed,speed,speed,speed,speed,-,RUG,ellipse,False,False,False,False,False,True,WHEEL_FALLBACK,128,1.0
speed,speed,speed,speed,speed+turn,-,RUG,ellipse,False,False,False,False,False,True,WHEEL_FALLBACK,129,1.0
speed+turn,torque,torque,torque,torque,speed,RUG,decoupled,False,False,False,False,False,False,NONE,130,1.0
speed,speed,speed,speed,speed,-,RUG,ellipse,False,False,False,False,False,True,WHEEL_FALLBACK,131,1.0
speed,speed,speed,speed,speed,speed,RUG,ellipse,False,False,False,False,False,False,NONE,132,1.0
speed,speed,speed,speed,speed,-,RUG,decoupled,False,False,False,False,False,True,WHEEL_FALLBACK,133,1.0
speed,speed+turn,speed,speed,speed,speed,RUG,decoupled,False,False,False,False,False,False,NONE,134,1.0
speed+turn,speed,speed,speed,-,-,RUG,decoupled,False,False,False,False,True,True,WHEEL_FALLBACK,135,1.0
speed,speed,speed,speed,speed,-,RUG,decoupled,False,False,False,False,False,True,WHEEL_FALLBACK,136,1.0
drift,speed,-,speed,speed+turn,-,RUG,ellipse,False,False,True,False,False,True,BODY_YAW_NEEDED,137,1.0
torque,torque,torque,torque,torque,-,RUG,decoupled,False,False,False,False,False,True,WHEEL_FALLBACK,138,1.0
speed,speed,speed+turn,speed+turn,turn,-,RUG,ellipse,False,False,False,False,False,True,WHEEL_FALLBACK,139,1.0
torque,torque,torque,torque,torque,-,RUG,ellipse,False,False,False,False,False,True,WHEEL_FALLBACK,140,1.0
speed,speed+turn,speed+turn,torque,torque,-,RUG,ellipse,False,False,False,False,False,True,WHEEL_FALLBACK,141,1.0
speed+turn,speed,speed,speed,speed+turn,-,RUG,decoupled,False,False,False,False,False,True,WHEEL_FALLBACK,142,1.0
speed,torque,speed+turn,torque,speed+turn,-,RUG,ellipse,False,False,False,False,False,True,WHEEL_FALLBACK,143,1.0
speed,speed,speed,speed+turn,speed+turn,-,RUG,ellipse,False,False,False,False,False,True,WHEEL_FALLBACK,144,1.0
speed,speed,speed,speed,speed,-,RUG,ellipse,False,False,False,False,False,True,WHEEL_FALLBACK,145,1.0
speed,speed,speed,speed,speed+turn,-,RUG,ellipse,False,False,False,False,False,True,WHEEL_FALLBACK,146,1.0
speed,speed,speed,speed,speed,-,RUG,decoupled,False,False,False,False,False,True,WHEEL_FALLBACK,147,1.0
torque,torque,torque,torque,torque,-,RUG,ellipse,False,False,False,False,False,True,WHEEL_FALLBACK,148,1.0
torque,torque,torque,torque,torque,-,RUG,ellipse,False,False,False,False,False,True,WHEEL_FALLBACK,149,1.0
speed,speed+turn,speed,torque,speed+turn,speed,RUG,ellipse,False,False,False,False,False,False,NONE,150,1.0
speed,torque,speed,torque,speed+turn,speed,RUG,ellipse,False,False,False,False,False,False,NONE,151,1.0
speed+turn,speed,speed+turn,speed+turn,speed+turn,-,RUG,decoupled,False,False,False,False,False,True,WHEEL_FALLBACK,152,1.0
speed,speed,-,-,-,speed,RUG,ellipse,False,False,True,True,True,False,BODY_YAW_NEEDED,153,1.0
speed+turn,torque,torque,torque,torque,-,RUG,decoupled,False,False,False,False,False,True,WHEEL_FALLBACK,154,1.0
speed,speed,speed,speed,speed,-,RUG,decoupled,False,False,False,False,False,True,WHEEL_FALLBACK,155,1.0
speed,speed,speed,speed,speed+turn,-,RUG,ellipse,False,False,False,False,False,True,WHEEL_FALLBACK,156,1.0
speed+turn,speed+turn,speed+turn,speed+turn,speed+turn,-,RUG,decoupled,False,False,False,False,False,True,WHEEL_FALLBACK,157,1.0
speed,speed,speed,speed+turn,speed+turn,-,RUG,ellipse,False,False,False,False,False,True,WHEEL_FALLBACK,158,1.0
speed,speed+turn,speed+turn,torque,torque,speed,RUG,decoupled,False,False,False,False,False,False,NONE,159,1.0
speed,speed+turn,speed,torque,torque,-,CARPET,ellipse,False,False,False,False,False,True,WHEEL_FALLBACK,0,1.0
speed+turn,torque,speed+turn,torque,torque,speed,CARPET,ellipse,False,False,False,False,False,False,NONE,1,1.0
speed,torque,speed+turn,torque,torque,speed,CARPET,ellipse,False,False,False,False,False,False,NONE,2,1.0
speed,torque,speed+turn,torque,speed+turn,speed,CARPET,ellipse,False,False,False,False,False,False,NONE,3,1.0
speed,speed,speed,speed,speed+turn,speed,CARPET,decoupled,False,False,False,False,False,False,NONE,4,1.0
-,speed,speed,speed+turn,-,speed,CARPET,ellipse,True,False,False,False,True,False,NONE,5,1.0
speed+turn,torque,torque,torque,torque,speed,CARPET,decoupled,False,False,False,False,False,False,NONE,6,1.0
speed+turn,speed,speed,speed+turn,speed+turn,speed,CARPET,decoupled,False,False,False,False,False,False,NONE,7,1.0
torque,torque,torque,torque,torque,speed,CARPET,ellipse,False,False,False,False,False,False,NONE,8,1.0
speed+turn,torque,torque,torque,torque,-,CARPET,ellipse,False,False,False,False,False,True,WHEEL_FALLBACK,9,1.0
torque,torque,torque,torque,torque,speed,CARPET,ellipse,False,False,False,False,False,False,NONE,10,1.0
speed,speed+turn,speed+turn,torque,torque,speed,CARPET,ellipse,False,False,False,False,False,False,NONE,11,1.0
torque,torque,torque,torque,torque,speed,CARPET,decoupled,False,False,False,False,False,False,NONE,12,1.0
speed,speed,speed,speed,speed,speed,CARPET,ellipse,False,False,False,False,False,False,NONE,13,1.0
speed+turn,torque,torque,torque,torque,speed,CARPET,ellipse,False,False,False,False,False,False,NONE,14,1.0
speed,speed,speed,speed,speed,speed,CARPET,ellipse,False,False,False,False,False,False,NONE,15,1.0
speed+turn,torque,speed+turn,torque,torque,speed,CARPET,decoupled,False,False,False,False,False,False,NONE,16,1.0
speed,speed,speed,speed,speed,speed,CARPET,decoupled,False,False,False,False,False,False,NONE,17,1.0
torque,torque,torque,torque,torque,speed,CARPET,decoupled,False,False,False,False,False,False,NONE,18,1.0
torque,torque,torque,torque,torque,-,CARPET,ellipse,False,False,False,False,False,True,WHEEL_FALLBACK,19,1.0
torque,torque,torque,torque,torque,speed,CARPET,decoupled,False,False,False,False,False,False,NONE,20,1.0
speed,torque,torque,torque,torque,speed,CARPET,decoupled,False,False,False,False,False,False,NONE,21,1.0
speed+turn,speed,speed,speed+turn,speed+turn,speed,CARPET,ellipse,False,False,False,False,False,False,NONE,22,1.0
speed,torque,speed+turn,torque,torque,-,CARPET,decoupled,False,False,False,False,False,True,WHEEL_FALLBACK,23,1.0
speed,speed+turn,speed,speed+turn,torque,speed,CARPET,decoupled,False,False,False,False,False,False,NONE,24,1.0
torque,torque,torque,torque,torque,speed,CARPET,decoupled,False,False,False,False,False,False,NONE,25,1.0
speed,torque,speed+turn,torque,torque,speed,CARPET,decoupled,False,False,False,False,False,False,NONE,26,1.0
speed+turn,torque,torque,torque,torque,-,CARPET,ellipse,False,False,False,False,False,True,WHEEL_FALLBACK,27,1.0
speed+turn,torque,torque,torque,torque,speed,CARPET,decoupled,False,False,False,False,False,False,NONE,28,1.0
speed+turn,torque,torque,torque,torque,speed,CARPET,ellipse,False,False,False,False,False,False,NONE,29,1.0
torque,torque,torque,torque,torque,speed,CARPET,decoupled,False,False,False,False,False,False,NONE,30,1.0
torque,torque,torque,torque,torque,speed,CARPET,decoupled,False,False,False,False,False,False,NONE,31,1.0
speed+turn,torque,torque,torque,torque,speed,CARPET,decoupled,False,False,False,False,False,False,NONE,32,1.0
speed,torque,speed+turn,torque,torque,speed,CARPET,decoupled,False,False,False,False,False,False,NONE,33,1.0
speed,torque,speed+turn,torque,torque,speed,CARPET,ellipse,False,False,False,False,False,False,NONE,34,1.0
speed,speed,speed+turn,speed+turn,speed+turn,-,CARPET,ellipse,False,False,False,False,False,True,WHEEL_FALLBACK,35,1.0
speed+turn,torque,torque,torque,torque,-,CARPET,decoupled,False,False,False,False,False,True,WHEEL_FALLBACK,36,1.0
torque,torque,torque,torque,torque,-,CARPET,decoupled,False,False,False,False,False,True,WHEEL_FALLBACK,37,1.0
speed,speed,speed,speed,speed,speed,CARPET,decoupled,False,False,False,False,False,False,NONE,38,1.0
speed,speed,speed,speed,speed,speed,CARPET,ellipse,False,False,False,False,False,False,NONE,39,1.0
speed,speed,speed,speed,speed+turn,speed,CARPET,decoupled,False,False,False,False,False,False,NONE,40,1.0
speed+turn,torque,torque,torque,torque,speed,CARPET,decoupled,False,False,False,False,False,False,NONE,41,1.0
speed,speed+turn,speed,torque,torque,-,CARPET,decoupled,False,False,False,False,False,True,WHEEL_FALLBACK,42,1.0
speed,torque,torque,torque,torque,speed,CARPET,ellipse,False,False,False,False,False,False,NONE,43,1.0
speed,speed+turn,speed,torque,torque,-,CARPET,ellipse,False,False,False,False,False,True,WHEEL_FALLBACK,44,1.0
speed+turn,torque,speed+turn,torque,torque,-,CARPET,decoupled,False,False,False,False,False,True,WHEEL_FALLBACK,45,1.0
speed,torque,speed+turn,torque,torque,speed,CARPET,decoupled,False,False,False,False,False,False,NONE,46,1.0
speed+turn,speed+turn,speed+turn,torque,speed+turn,speed,CARPET,decoupled,False,False,False,False,False,False,NONE,47,1.0
speed,torque,speed+turn,torque,torque,-,CARPET,ellipse,False,False,False,False,False,True,WHEEL_FALLBACK,48,1.0
torque,torque,torque,torque,torque,speed,CARPET,ellipse,False,False,False,False,False,False,NONE,49,1.0
speed,speed,speed,speed,speed,speed,CARPET,decoupled,False,False,False,False,False,False,NONE,50,1.0
torque,torque,torque,torque,torque,speed,CARPET,decoupled,False,False,False,False,False,False,NONE,51,1.0
torque,torque,torque,torque,torque,-,CARPET,decoupled,False,False,False,False,False,True,WHEEL_FALLBACK,52,1.0
speed,speed,speed,speed,speed+turn,speed,CARPET,ellipse,False,False,False,False,False,False,NONE,53,1.0
speed,speed,speed,torque,torque,speed,CARPET,decoupled,False,False,False,False,False,False,NONE,54,1.0
torque,torque,torque,torque,torque,-,CARPET,ellipse,False,False,False,False,False,True,WHEEL_FALLBACK,55,1.0
torque,torque,torque,torque,torque,speed,CARPET,ellipse,False,False,False,False,False,False,NONE,56,1.0
torque,torque,torque,torque,torque,-,CARPET,decoupled,False,False,False,False,False,True,WHEEL_FALLBACK,57,1.0
torque,torque,torque,torque,torque,-,CARPET,ellipse,False,False,False,False,False,True,WHEEL_FALLBACK,58,1.0
speed+turn,speed,speed+turn,speed+turn,speed+turn,speed,CARPET,decoupled,False,False,False,False,False,False,NONE,59,1.0
speed,torque,speed,torque,torque,speed,CARPET,ellipse,False,False,False,False,False,False,NONE,60,1.0
torque,torque,torque,torque,torque,-,CARPET,ellipse,False,False,False,False,False,True,WHEEL_FALLBACK,61,1.0
speed,speed,speed,speed,speed,speed,CARPET,ellipse,False,False,False,False,False,False,NONE,62,1.0
speed,torque,speed,torque,torque,speed,CARPET,decoupled,False,False,False,False,False,False,NONE,63,1.0
torque,torque,torque,torque,torque,speed,CARPET,decoupled,False,False,False,False,False,False,NONE,64,1.0
torque,torque,torque,torque,torque,speed,CARPET,ellipse,False,False,False,False,False,False,NONE,65,1.0
speed+turn,torque,torque,torque,torque,speed,CARPET,decoupled,False,False,False,False,False,False,NONE,66,1.0
speed,speed,speed,speed,speed,speed,CARPET,decoupled,False,False,False,False,False,False,NONE,67,1.0
speed,speed,speed,speed,speed,-,CARPET,ellipse,False,False,False,False,False,True,WHEEL_FALLBACK,68,1.0
speed+turn,torque,torque,torque,torque,speed,CARPET,ellipse,False,False,False,False,False,False,NONE,69,1.0
speed,torque,torque,torque,torque,speed,CARPET,ellipse,False,False,False,False,False,False,NONE,70,1.0
torque,torque,torque,torque,torque,speed,CARPET,decoupled,False,False,False,False,False,False,NONE,71,1.0
torque,torque,torque,torque,torque,speed,CARPET,ellipse,False,False,False,False,False,False,NONE,72,1.0
speed,torque,torque,torque,torque,speed,CARPET,ellipse,False,False,False,False,False,False,NONE,73,1.0
speed,torque,speed+turn,torque,torque,speed,CARPET,ellipse,False,False,False,False,False,False,NONE,74,1.0
speed+turn,speed+turn,speed+turn,torque,speed+turn,speed,CARPET,decoupled,False,False,False,False,False,False,NONE,75,1.0
speed,torque,speed+turn,torque,torque,speed,CARPET,ellipse,False,False,False,False,False,False,NONE,76,1.0
torque,torque,torque,torque,torque,speed,CARPET,decoupled,False,False,False,False,False,False,NONE,77,1.0
torque,torque,torque,torque,torque,-,CARPET,ellipse,False,False,False,False,False,True,WHEEL_FALLBACK,78,1.0
speed+turn,speed+turn,speed+turn,torque,speed+turn,speed,CARPET,decoupled,False,False,False,False,False,False,NONE,79,1.0
speed,speed,speed,speed,speed+turn,-,CARPET,ellipse,False,False,False,False,False,True,WHEEL_FALLBACK,80,1.0
speed,speed,speed,speed,speed,speed,CARPET,ellipse,False,False,False,False,False,False,NONE,81,1.0
speed,speed,speed,speed,speed,speed,CARPET,ellipse,False,False,False,False,False,False,NONE,82,1.0
torque,torque,torque,torque,torque,speed,CARPET,decoupled,False,False,False,False,False,False,NONE,83,1.0
speed,speed,speed,torque,torque,speed,CARPET,ellipse,False,False,False,False,False,False,NONE,84,1.0
torque,torque,torque,torque,torque,-,CARPET,decoupled,False,False,False,False,False,True,WHEEL_FALLBACK,85,1.0
torque,torque,torque,torque,torque,speed,CARPET,decoupled,False,False,False,False,False,False,NONE,86,1.0
torque,torque,torque,torque,torque,speed,CARPET,decoupled,False,False,False,False,False,False,NONE,87,1.0
speed,torque,torque,torque,torque,-,CARPET,ellipse,False,False,False,False,False,True,WHEEL_FALLBACK,88,1.0
torque,torque,torque,torque,torque,speed,CARPET,decoupled,False,False,False,False,False,False,NONE,89,1.0
speed,torque,torque,torque,torque,speed,CARPET,decoupled,False,False,False,False,False,False,NONE,90,1.0
speed,torque,speed+turn,torque,torque,speed,CARPET,decoupled,False,False,False,False,False,False,NONE,91,1.0
speed,speed,speed,speed,speed,speed,CARPET,decoupled,False,False,False,False,False,False,NONE,92,1.0
-,speed+turn,-,turn,turn,speed,CARPET,ellipse,True,False,True,False,False,False,BODY_YAW_NEEDED,93,1.0
torque,torque,torque,torque,torque,speed,CARPET,ellipse,False,False,False,False,False,False,NONE,94,1.0
drift,speed+turn,speed,speed+turn,speed+turn,speed,CARPET,ellipse,False,False,False,False,False,False,NONE,95,1.0
speed,speed,turn,speed,turn,speed,CARPET,ellipse,False,False,False,False,False,False,NONE,96,1.0
speed,speed,speed,speed,speed,speed,CARPET,ellipse,False,False,False,False,False,False,NONE,97,1.0
speed+turn,speed+turn,speed,torque,torque,speed,CARPET,ellipse,False,False,False,False,False,False,NONE,98,1.0
torque,torque,torque,torque,torque,-,CARPET,decoupled,False,False,False,False,False,True,WHEEL_FALLBACK,99,1.0
speed+turn,speed+turn,speed,speed+turn,speed+turn,speed,CARPET,decoupled,False,False,False,False,False,False,NONE,100,1.0
speed,speed+turn,speed,speed+turn,speed,-,CARPET,decoupled,False,False,False,False,False,True,WHEEL_FALLBACK,101,1.0
speed,speed,speed,torque,torque,speed,CARPET,decoupled,False,False,False,False,False,False,NONE,102,1.0
speed+turn,torque,torque,torque,torque,speed,CARPET,decoupled,False,False,False,False,False,False,NONE,103,1.0
-,torque,speed,torque,turn,speed,CARPET,ellipse,True,False,False,False,False,False,NONE,104,1.0
speed,torque,torque,torque,torque,speed,CARPET,ellipse,False,False,False,False,False,False,NONE,105,1.0
speed,speed,speed,speed,speed+turn,-,CARPET,ellipse,False,False,False,False,False,True,WHEEL_FALLBACK,106,1.0
torque,torque,torque,torque,torque,speed,CARPET,ellipse,False,False,False,False,False,False,NONE,107,1.0
torque,torque,torque,torque,torque,-,CARPET,ellipse,False,False,False,False,False,True,WHEEL_FALLBACK,108,1.0
torque,torque,torque,torque,torque,speed,CARPET,ellipse,False,False,False,False,False,False,NONE,109,1.0
speed+turn,torque,torque,torque,torque,speed,CARPET,decoupled,False,False,False,False,False,False,NONE,110,1.0
speed,speed,speed,speed+turn,speed,speed,CARPET,decoupled,False,False,False,False,False,False,NONE,111,1.0
speed+turn,torque,torque,torque,torque,-,CARPET,decoupled,False,False,False,False,False,True,WHEEL_FALLBACK,112,1.0
torque,torque,torque,torque,torque,speed,CARPET,ellipse,False,False,False,False,False,False,NONE,113,1.0
torque,torque,torque,torque,torque,speed,CARPET,decoupled,False,False,False,False,False,False,NONE,114,1.0
speed,torque,speed,torque,turn,speed,CARPET,ellipse,False,False,False,False,False,False,NONE,115,1.0
speed+turn,speed+turn,speed+turn,speed+turn,speed+turn,speed,CARPET,decoupled,False,False,False,False,False,False,NONE,116,1.0
speed,speed+turn,speed,speed+turn,speed+turn,-,CARPET,decoupled,False,False,False,False,False,True,WHEEL_FALLBACK,117,1.0
torque,torque,torque,torque,torque,speed,CARPET,decoupled,False,False,False,False,False,False,NONE,118,1.0
speed,speed+turn,speed+turn,torque,torque,speed,CARPET,decoupled,False,False,False,False,False,False,NONE,119,1.0
speed+turn,torque,speed+turn,torque,torque,-,CARPET,ellipse,False,False,False,False,False,True,WHEEL_FALLBACK,120,1.0
torque,torque,torque,torque,torque,speed,CARPET,decoupled,False,False,False,False,False,False,NONE,121,1.0
torque,torque,torque,torque,torque,-,CARPET,decoupled,False,False,False,False,False,True,WHEEL_FALLBACK,122,1.0
torque,torque,torque,torque,torque,speed,CARPET,decoupled,False,False,False,False,False,False,NONE,123,1.0
speed,torque,speed+turn,torque,torque,speed,CARPET,ellipse,False,False,False,False,False,False,NONE,124,1.0
speed,speed+turn,speed,speed+turn,speed+turn,speed,CARPET,decoupled,False,False,False,False,False,False,NONE,125,1.0
torque,torque,torque,torque,torque,speed,CARPET,ellipse,False,False,False,False,False,False,NONE,126,1.0
speed,speed+turn,speed+turn,speed+turn,speed+turn,speed,CARPET,ellipse,False,False,False,False,False,False,NONE,127,1.0
speed,speed,speed,speed+turn,speed+turn,speed,CARPET,ellipse,False,False,False,False,False,False,NONE,128,1.0
speed,speed,speed+turn,speed,speed,speed,CARPET,decoupled,False,False,False,False,False,False,NONE,129,1.0
speed,torque,speed+turn,torque,torque,-,CARPET,ellipse,False,False,False,False,False,True,WHEEL_FALLBACK,130,1.0
torque,torque,torque,torque,torque,speed,CARPET,ellipse,False,False,False,False,False,False,NONE,131,1.0
speed,speed,speed,speed,torque,speed,CARPET,decoupled,False,False,False,False,False,False,NONE,132,1.0
speed+turn,speed,speed,speed,speed,speed,CARPET,decoupled,False,False,False,False,False,False,NONE,133,1.0
speed+turn,torque,speed+turn,torque,torque,speed,CARPET,ellipse,False,False,False,False,False,False,NONE,134,1.0
speed,torque,speed+turn,torque,torque,speed,CARPET,ellipse,False,False,False,False,False,False,NONE,135,1.0
speed,speed+turn,speed,speed,speed,speed,CARPET,decoupled,False,False,False,False,False,False,NONE,136,1.0
speed,speed,speed,speed,speed,speed,CARPET,ellipse,False,False,False,False,False,False,NONE,137,1.0
speed,torque,torque,torque,torque,speed,CARPET,decoupled,False,False,False,False,False,False,NONE,138,1.0
speed,speed,speed,speed,torque,speed,CARPET,ellipse,False,False,False,False,False,False,NONE,139,1.0
speed,torque,torque,torque,torque,speed,CARPET,ellipse,False,False,False,False,False,False,NONE,140,1.0
speed+turn,torque,torque,torque,torque,-,CARPET,decoupled,False,False,False,False,False,True,WHEEL_FALLBACK,141,1.0
speed+turn,torque,torque,torque,torque,speed,CARPET,decoupled,False,False,False,False,False,False,NONE,142,1.0
speed+turn,speed+turn,speed,speed+turn,speed+turn,-,CARPET,decoupled,False,False,False,False,False,True,WHEEL_FALLBACK,143,1.0
speed,speed,speed,speed,speed,-,CARPET,decoupled,False,False,False,False,False,True,WHEEL_FALLBACK,144,1.0
speed,torque,speed+turn,torque,torque,-,CARPET,ellipse,False,False,False,False,False,True,WHEEL_FALLBACK,145,1.0
speed,torque,speed+turn,torque,torque,speed,CARPET,ellipse,False,False,False,False,False,False,NONE,146,1.0
torque,torque,torque,torque,torque,speed,CARPET,decoupled,False,False,False,False,False,False,NONE,147,1.0
torque,torque,torque,torque,torque,speed,CARPET,ellipse,False,False,False,False,False,False,NONE,148,1.0
speed,speed,speed,speed,speed,-,CARPET,decoupled,False,False,False,False,False,True,WHEEL_FALLBACK,149,1.0
torque,torque,torque,torque,torque,speed,CARPET,ellipse,False,False,False,False,False,False,NONE,150,1.0
speed+turn,torque,torque,torque,torque,speed,CARPET,ellipse,False,False,False,False,False,False,NONE,151,1.0
speed,torque,torque,torque,torque,-,CARPET,ellipse,False,False,False,False,False,True,WHEEL_FALLBACK,152,1.0
speed,torque,speed+turn,torque,torque,speed,CARPET,ellipse,False,False,False,False,False,False,NONE,153,1.0
torque,torque,torque,torque,torque,speed,CARPET,ellipse,False,False,False,False,False,False,NONE,154,1.0
speed,torque,speed+turn,torque,torque,speed,CARPET,decoupled,False,False,False,False,False,False,NONE,155,1.0
speed,speed,speed,speed,speed,speed,CARPET,decoupled,False,False,False,False,False,False,NONE,156,1.0
speed,speed,speed+turn,torque,torque,speed,CARPET,decoupled,False,False,False,False,False,False,NONE,157,1.0
-,speed+turn,speed,speed,turn,speed,CARPET,ellipse,True,False,False,False,False,False,NONE,158,1.0
speed+turn,speed,speed,speed+turn,speed+turn,speed,CARPET,decoupled,False,False,False,False,False,False,NONE,159,1.0
