config,law,mu_f,ratio,amp,speed_mm_s,peak_demand_nm,peak_speed_dps,p_track_-40,p_track_-20,p_track_+0,p_track_+20,p_track_+40,p_track_all,p_thermal_stop,t_ss_p95_c,i_peak_p95_a,runtime_p05_min,v_min_p05
FW6_HEADYAW,decoupled,0.2,2.0,30,5.763127839014861,0.1344469758649244,93.79395018592973,1.0,1.0,1.0,1.0,1.0,1.0,0.0,46.759597568632564,2.311483325702073,26.083956793506317,6.911766781686983
FW6_HEADYAW,decoupled,0.2,2.0,40,10.479321520415832,0.12938376748947025,125.05860024790749,1.0,1.0,1.0,1.0,1.0,1.0,0.0,46.485339444248346,2.281290129274958,26.24627656079897,6.913613558308352
FW6_HEADYAW,decoupled,0.2,4.0,30,19.29058583365884,0.23521688437827531,93.79395018592973,0.40540540540540543,0.7952380952380952,0.9781144781144782,1.0,1.0,0.8353333333333334,0.014333333333333333,55.72753536100692,2.8791083083092683,22.090678137203657,6.874571161832327
FW6_HEADYAW,decoupled,0.2,4.0,40,32.74595775213718,0.2112617897439671,125.05860024790749,0.5743243243243243,0.9015873015873016,1.0,1.0,1.0,0.8953333333333333,0.006,53.574013570265,2.7344236182547834,22.80482581381858,6.8846916824103
FW6_HEADYAW,decoupled,0.2,8.0,30,57.63998367412337,0.34327195622028117,93.79395018592973,0.0,0.28888888888888886,0.5808080808080808,0.782608695652174,0.9692832764505119,0.521,0.172,70.60767275947839,3.44861042992422,18.526787379910523,6.838518601807741
FW6_HEADYAW,decoupled,0.2,8.0,40,83.51427560883856,0.2906592611485302,125.05860024790749,0.09628378378378379,0.5476190476190477,0.7777777777777778,0.9481605351170569,1.0,0.6723333333333333,0.08533333333333333,63.38416106579141,3.1468962393046955,19.89668703124195,6.857509152108171
FW6_HEADYAW,decoupled,0.4,2.0,30,5.763127834566907,0.268893951729849,93.79395018592973,0.22297297297297297,0.6396825396825396,0.8585858585858586,0.9916387959866221,1.0,0.7413333333333333,0.04633333333333333,59.56455870675721,3.094307799439745,21.124453785768047,6.861617028111006
FW6_HEADYAW,decoupled,0.4,2.0,40,10.479321520415832,0.2587675349789405,125.05860024790749,0.27871621621621623,0.6841269841269841,0.8855218855218855,1.0,1.0,0.7686666666666667,0.034,58.5236060017471,3.017978222286307,21.4371392882471,6.866307381429344
FW6_HEADYAW,decoupled,0.4,4.0,30,19.290585836659332,0.47043376875655063,93.79395018592973,0.0,0.0,0.11447811447811448,0.3762541806020067,0.5972696245733788,0.21433333333333332,0.456,92.20440775167312,4.3491829809675,15.737639221619823,6.778448956898533
FW6_HEADYAW,decoupled,0.4,4.0,40,32.745957778490116,0.42252357948793406,125.05860024790749,0.0,0.020634920634920634,0.29124579124579125,0.5117056856187291,0.7337883959044369,0.30733333333333335,0.3526666666666667,83.47575094870763,4.02917675878655,16.67061231566135,6.798749975691834
FW6_HEADYAW,decoupled,0.4,8.0,30,57.63998367168041,0.6865439155901617,93.79395018592973,0.0,0.0,0.0,0.0,0.052901023890784986,0.010333333333333333,0.8473333333333334,148.13191354765502,5.620521463581326,11.987663119965923,6.689672541067531
FW6_HEADYAW,decoupled,0.4,8.0,40,83.51427561582858,0.5813185222970598,125.05860024790749,0.0,0.0,0.0,0.05852842809364549,0.2901023890784983,0.06833333333333333,0.7083333333333334,119.94509354952552,4.932024912770706,13.358803399232658,6.739001407130098
FW6_HEADYAW,decoupled,0.8,2.0,30,5.763127833033318,0.5377879034596976,93.79395018592973,0.0,0.0,0.003367003367003367,0.17391304347826086,0.4129692832764505,0.116,0.593,105.71678309467318,4.81710371217915,14.643218635530225,6.7458083444893475
FW6_HEADYAW,decoupled,0.8,2.0,40,10.47932152488877,0.5175350699578811,125.05860024790749,0.0,0.0,0.013468013468013467,0.2491638795986622,0.4522184300341297,0.14066666666666666,0.5643333333333334,102.05569778640076,4.665472562889649,14.999477533441738,6.755061824560954
FW6_HEADYAW,decoupled,0.8,4.0,30,19.290585849146495,0.9408675375131013,93.79395018592973,0.0,0.0,0.0,0.0,0.0,0.0,0.9776666666666667,237.01632224065614,7.616123610012692,9.508412724195551,6.540110465697993
FW6_HEADYAW,decoupled,0.8,4.0,40,32.745957784149546,0.8450471589758681,125.05860024790749,0.0,0.0,0.0,0.0,0.0,0.0,0.9503333333333334,201.23158518875994,6.907140790253014,10.312667722215103,6.5938954363947335
FW6_HEADYAW,decoupled,0.8,8.0,30,57.639983671222495,1.3730878311803234,93.79395018592973,0.0,0.0,0.0,0.0,0.0,0.0,0.9996666666666667,482.2845175291682,10.41697439314185,6.5956282313019665,6.311235600606816
FW6_HEADYAW,decoupled,0.8,8.0,40,83.51427561582858,1.1626370445941197,125.05860024790749,0.0,0.0,0.0,0.0,0.0,0.0,0.9963333333333333,355.47045429522143,8.879435140222668,7.617227322019841,6.433056409918624
FW6_HEADYAW,ellipse,0.2,2.0,30,14.704023776431914,0.13381729393651665,93.79395018592973,1.0,1.0,1.0,1.0,1.0,1.0,0.0,46.62030280515808,2.3058583010718534,26.11852799758402,6.912304206591566
FW6_HEADYAW,ellipse,0.2,2.0,40,25.926053412292685,0.12864715415550912,125.05860024790749,1.0,1.0,1.0,1.0,1.0,1.0,0.0,46.27357687121811,2.267413503255885,26.282625798617268,6.914459769517805
FW6_HEADYAW,ellipse,0.2,4.0,30,82.06780791100961,0.233854716188013,93.79395018592973,0.41047297297297297,0.8015873015873016,0.9831649831649831,1.0,1.0,0.8386666666666667,0.014333333333333333,55.70988185367638,2.853124346880616,22.0887987115151,6.87588120207257
FW6_HEADYAW,ellipse,0.2,4.0,40,115.55761393554289,0.2093840532085348,125.05860024790749,0.581081081081081,0.9063492063492063,1.0,1.0,1.0,0.8976666666666666,0.006666666666666667,53.70372056026837,2.7207231407098287,22.74404025755373,6.885464566823035
FW6_HEADYAW,ellipse,0.2,8.0,30,191.7601602708371,0.36057183298504203,93.79395018592973,0.0,0.19682539682539682,0.5303030303030303,0.7190635451505016,0.9163822525597269,0.4686666666666667,0.24566666666666667,76.26193057815628,3.7574077332428724,17.52730146131198,6.818872794320429
FW6_HEADYAW,ellipse,0.2,8.0,40,208.93674577554467,0.3287461791881424,125.05860024790749,0.0016891891891891893,0.35555555555555557,0.6296296296296297,0.842809364548495,0.9761092150170648,0.5583333333333333,0.164,70.04333144963411,3.5726608856561697,18.396857581934675,6.8306453437880394
FW6_HEADYAW,ellipse,0.4,2.0,30,14.704023776431914,0.2676345878730333,93.79395018592973,0.23479729729729729,0.6492063492063492,0.8602693602693603,0.9916387959866221,1.0,0.746,0.04,59.084461813680356,3.078154752903003,21.176482698143836,6.863051807192237
FW6_HEADYAW,ellipse,0.4,2.0,40,25.92605339352641,0.25729430831101824,125.05860024790749,0.2905405405405405,0.6888888888888889,0.8872053872053872,1.0,1.0,0.7723333333333333,0.027666666666666666,57.96548651671803,2.9915897885563445,21.50131805845761,6.867778065816292
FW6_HEADYAW,ellipse,0.4,4.0,30,82.06780788738688,0.46770942971642554,93.79395018592973,0.0,0.0,0.12457912457912458,0.3795986622073579,0.6109215017064846,0.21966666666666668,0.454,92.0815752285236,4.290446232391361,15.740010721916116,6.782617333301874
FW6_HEADYAW,ellipse,0.4,4.0,40,115.55761393554289,0.4187681064170696,125.05860024790749,0.0,0.026984126984126985,0.30134680134680136,0.5217391304347826,0.7491467576791809,0.31566666666666665,0.35533333333333333,83.7897739275243,3.997688878338168,16.60448528005386,6.801271380007399
FW6_HEADYAW,ellipse,0.4,8.0,30,191.7601602600769,0.7211436659700841,93.79395018592973,0.0,0.0,0.0,0.0,0.01877133105802048,0.0036666666666666666,0.9053333333333333,169.92352886561125,6.300150297700646,11.085780771869004,6.635764686888242
FW6_HEADYAW,ellipse,0.4,8.0,40,208.93674577554467,0.6574923583762848,125.05860024790749,0.0,0.0,0.0,0.0,0.11433447098976109,0.022333333333333334,0.8393333333333334,146.30806303856173,5.891324779730589,11.870824896771026,6.667197613661161
FW6_HEADYAW,ellipse,0.8,2.0,30,14.704023780930427,0.5352691757460666,93.79395018592973,0.0,0.0,0.005050505050505051,0.18561872909698995,0.41638225255972694,0.11933333333333333,0.5823333333333334,104.17849634299279,4.7834979862982,14.706426004955135,6.747838688661
FW6_HEADYAW,ellipse,0.8,2.0,40,25.926053405754743,0.5145886166220365,125.05860024790749,0.0,0.0,0.02356902356902357,0.2525083612040134,0.4590443686006826,0.14466666666666667,0.5433333333333333,99.8828252239072,4.606255400360169,15.084767399654508,6.7586936049253845
FW6_HEADYAW,ellipse,0.8,4.0,30,82.06780792475149,0.9354188594328511,93.79395018592973,0.0,0.0,0.0,0.0,0.0,0.0,0.9776666666666667,236.40555203541695,7.480485682065049,9.518508805000055,6.55199342525126
FW6_HEADYAW,ellipse,0.8,4.0,40,115.55761399037468,0.8375362128341393,125.05860024790749,0.0,0.0,0.0,0.0,0.0,0.0,0.9516666666666667,202.16435171962436,6.841888676235904,10.25408806459305,6.598692643116995
FW6_HEADYAW,ellipse,0.8,8.0,30,191.7601602600769,1.4422873319401681,93.79395018592973,0.0,0.0,0.0,0.0,0.0,0.0,1.0,585.9143320107426,12.003044889674282,5.952306906865294,6.174962571959358
FW6_HEADYAW,ellipse,0.8,8.0,40,208.9367457723706,1.3149847167525697,125.05860024790749,0.0,0.0,0.0,0.0,0.0,0.0,0.9996666666666667,477.31227934976397,11.044228766554527,6.493229017340104,6.256875949125163
FW6_YAW5,decoupled,0.2,2.0,30,13.643966796332325,0.14911614728010936,94.22961184570333,0.9594594594594594,1.0,1.0,1.0,1.0,0.992,0.0,47.71927517518532,2.795228060440804,21.812448722484035,6.878974288907078
FW6_YAW5,decoupled,0.2,2.0,40,24.385993866137905,0.1415371237964869,125.63948246093747,0.9864864864864865,1.0,1.0,1.0,1.0,0.9973333333333333,0.0,47.15854800360342,2.7407319719385637,22.06617206935063,6.882143526094364
FW6_YAW5,decoupled,0.2,4.0,30,43.06295042994045,0.2276715125053707,94.22961184570333,0.4341216216216216,0.8269841269841269,0.9865319865319865,1.0,1.0,0.8493333333333334,0.015,55.7784587058989,3.333114619172043,18.740561767398006,6.841778819951963
FW6_YAW5,decoupled,0.2,4.0,40,65.3071542871697,0.1945375245538757,125.63948246093747,0.6706081081081081,0.9603174603174603,1.0,1.0,1.0,0.9266666666666666,0.0026666666666666666,52.50370757803697,3.0915638731475763,19.65068411558969,6.860117623969759
FW6_YAW5,decoupled,0.2,8.0,30,100.57555876213551,0.2972611949952085,94.22961184570333,0.0625,0.5126984126984127,0.7592592592592593,0.931438127090301,1.0,0.6513333333333333,0.10033333333333333,65.02580208403695,3.744553947514939,16.51603733883902,6.813895714518019
FW6_YAW5,decoupled,0.2,8.0,40,129.84361319734873,0.24423957224803577,125.63948246093747,0.34290540540540543,0.7365079365079366,0.9494949494949495,1.0,1.0,0.805,0.029333333333333333,58.06255935200419,3.375809530263098,17.947153317587436,6.837977352116844
FW6_YAW5,decoupled,0.4,2.0,30,13.643966804284728,0.2982322945602187,94.22961184570333,0.060810810810810814,0.5063492063492063,0.7558922558922558,0.9297658862876255,1.0,0.6486666666666666,0.08033333333333334,62.92695206466408,3.8457589012456217,17.233095660798583,6.805693179157006
FW6_YAW5,decoupled,0.4,2.0,40,24.385993901650203,0.2830742475929738,125.63948246093747,0.1266891891891892,0.5761904761904761,0.8013468013468014,0.9665551839464883,1.0,0.6926666666666667,0.057666666666666665,60.91613993185967,3.7182605098097135,17.64735942563189,6.815948765792986
FW6_YAW5,decoupled,0.4,4.0,30,43.06295042994045,0.4553430250107414,94.22961184570333,0.0,0.0,0.1632996632996633,0.4013377926421405,0.6313993174061433,0.23566666666666666,0.4533333333333333,92.27444883415262,5.03298769659927,13.195515118443062,6.724522382363881
FW6_YAW5,decoupled,0.4,4.0,40,65.3071542871697,0.3890750491077514,125.63948246093747,0.0,0.06190476190476191,0.41245791245791247,0.6254180602006689,0.825938566552901,0.38066666666666665,0.2976666666666667,80.15384813002058,4.494753557634954,14.401261705854658,6.760725294109665
FW6_YAW5,decoupled,0.4,8.0,30,100.57555876213551,0.594522389990417,94.22961184570333,0.0,0.0,0.0,0.03678929765886288,0.2645051194539249,0.059,0.743,126.50718427650074,5.956573257599597,10.83817423324188,6.656301513881224
FW6_YAW5,decoupled,0.4,8.0,40,129.84361320137515,0.48847914449607155,125.63948246093747,0.0,0.0,0.05218855218855219,0.31270903010033446,0.5221843003412969,0.17466666666666666,0.5456666666666666,100.25401964664579,5.133080431614117,12.28727528959086,6.717817172092571
FW6_YAW5,decoupled,0.8,2.0,30,13.643966808049202,0.5964645891204374,94.22961184570333,0.0,0.0,0.0,0.033444816053511704,0.2525597269624573,0.056,0.7006666666666667,119.12514174156289,6.182677066151509,11.475345654924016,6.635677280141636
FW6_YAW5,decoupled,0.8,2.0,40,24.385993901650203,0.5661484951859476,125.63948246093747,0.0,0.0,0.0,0.08862876254180602,0.31569965870307165,0.07933333333333334,0.6416666666666667,111.07598878609038,5.897934205128192,11.937716542570806,6.661031793256781
FW6_YAW5,decoupled,0.8,4.0,30,43.06295043011523,0.9106860500214828,94.22961184570333,0.0,0.0,0.0,0.0,0.0,0.0,0.9773333333333334,239.91895879619398,8.86009506964741,7.8496482931149325,6.4330569448331465
FW6_YAW5,decoupled,0.8,4.0,40,65.30715429197134,0.778150098215508,125.63948246093747,0.0,0.0,0.0,0.0,0.0,0.0,0.9306666666666666,187.0540063384481,7.654472155379008,8.873836967483076,6.533667673165534
FW6_YAW5,decoupled,0.8,8.0,30,100.57555876269006,1.189044779980834,94.22961184570333,0.0,0.0,0.0,0.0,0.0,0.0,0.9976666666666667,390.7289848081189,10.93051701384825,6.01255087481549,6.2634245507186925
FW6_YAW5,decoupled,0.8,8.0,40,129.84361319745923,0.9769582889921431,125.63948246093747,0.0,0.0,0.0,0.0,0.0,0.0,0.9883333333333333,270.71000161458863,9.079438175334015,7.157219711970794,6.414009076825189
FW6_YAW5,ellipse,0.2,2.0,30,32.906341681895825,0.14511552411788795,94.22961184570333,0.981418918918919,1.0,1.0,1.0,1.0,0.9963333333333333,0.0,47.49074384779201,2.780074406926833,21.91355441415094,6.879923568113268
FW6_YAW5,ellipse,0.2,2.0,40,53.54876996446529,0.1338806766228921,125.63948246093747,1.0,1.0,1.0,1.0,1.0,1.0,0.0,46.73652796145239,2.7028744604326196,22.192817239665462,6.884201917762046
FW6_YAW5,ellipse,0.2,4.0,30,138.68488239130835,0.2231697096892571,94.22961184570333,0.47297297297297297,0.8571428571428571,0.9915824915824916,1.0,1.0,0.8643333333333333,0.013333333333333334,55.41620172353816,3.329064408659482,18.752753822828883,6.842192186932752
FW6_YAW5,ellipse,0.2,4.0,40,170.05151565749566,0.1930895182158912,125.63948246093747,0.6841216216216216,0.9650793650793651,1.0,1.0,1.0,0.9303333333333333,0.0023333333333333335,52.19454273111814,3.1332761131505125,19.592973314194072,6.857314324099136
FW6_YAW5,ellipse,0.2,8.0,30,246.30751441592892,0.3258027679940843,94.22961184570333,0.0016891891891891893,0.3634920634920635,0.6313131313131313,0.8444816053511706,0.9795221843003413,0.5613333333333334,0.14033333333333334,68.3985025223107,4.175740593524311,15.590417259743415,6.783245777501708
FW6_YAW5,ellipse,0.2,8.0,40,249.1310046915202,0.29108813687427026,125.63948246093747,0.08783783783783784,0.5412698412698412,0.7727272727272727,0.9431438127090301,1.0,0.6673333333333333,0.08566666666666667,63.432070073475025,3.9698205950255585,16.584541159748348,6.798529707621411
FW6_YAW5,ellipse,0.4,2.0,30,32.9063416521724,0.2902310482357759,94.22961184570333,0.09121621621621621,0.5444444444444444,0.7727272727272727,0.9464882943143813,1.0,0.6693333333333333,0.07033333333333333,61.99852004049747,3.8126201158557005,17.364279558154013,6.8092917089356115
FW6_YAW5,ellipse,0.4,2.0,40,53.54876993394343,0.26776135324578415,125.63948246093747,0.22297297297297297,0.6396825396825396,0.8569023569023569,0.9916387959866221,1.0,0.741,0.04533333333333334,59.5481199784133,3.6335393697797422,17.866742028290968,6.820957728289897
FW6_YAW5,ellipse,0.4,4.0,30,138.68488239130835,0.4463394193785142,94.22961184570333,0.0,0.0,0.2053872053872054,0.4180602006688963,0.6552901023890785,0.252,0.44133333333333336,91.05734643554892,5.02336021715492,13.20606308077464,6.725066254269915
FW6_YAW5,ellipse,0.4,4.0,40,170.05151563965774,0.3861790364317824,125.63948246093747,0.0,0.0746031746031746,0.42424242424242425,0.6321070234113713,0.8344709897610921,0.38866666666666666,0.2776666666666667,78.74673588892561,4.5898987744218545,14.336960891903853,6.7548049579266545
FW6_YAW5,ellipse,0.4,8.0,30,246.3075144414307,0.6516055359881686,94.22961184570333,0.0,0.0,0.0,0.0,0.11433447098976109,0.022333333333333334,0.8106666666666666,141.295828415355,6.938784726530797,9.953338751516933,6.584909640324451
FW6_YAW5,ellipse,0.4,8.0,40,249.1310046915202,0.5821762737485405,125.63948246093747,0.0,0.0,0.0,0.051839464882943144,0.27986348122866894,0.065,0.708,120.70665203253952,6.465357612159778,10.870995774739388,6.61587504985815
FW6_YAW5,ellipse,0.8,2.0,30,32.90634167191443,0.5804620964715518,94.22961184570333,0.0,0.0,0.0,0.05518394648829431,0.2815699658703072,0.066,0.6773333333333333,115.73359349856818,6.107671159253481,11.63394984280713,6.642146842867969
FW6_YAW5,ellipse,0.8,2.0,40,53.54876993394343,0.5355227064915683,125.63948246093747,0.0,0.0,0.003367003367003367,0.1705685618729097,0.40784982935153585,0.11433333333333333,0.594,106.0453527353267,5.703342843953059,12.169882632079918,6.677844742188984
FW6_YAW5,ellipse,0.8,4.0,30,138.68488238331858,0.8926788387570287,94.22961184570333,0.0,0.0,0.0,0.0,0.0,0.0,0.9763333333333334,235.22492338526226,8.837974537395539,7.859069907468816,6.4350262589231955
FW6_YAW5,ellipse,0.8,4.0,40,170.05151562776922,0.7723580728635654,125.63948246093747,0.0,0.0,0.0,0.0,0.0,0.0,0.923,182.31968776060194,7.872013491259769,8.792523489558056,6.515983411007971
FW6_YAW5,ellipse,0.8,8.0,30,246.3075144332642,1.3032110719763317,94.22961184570333,0.0,0.0,0.0,0.0,0.0,0.0,0.9996666666666667,467.9679564909108,13.224136016512281,5.341644665974602,6.060485501784743
FW6_YAW5,ellipse,0.8,8.0,40,249.13100469420982,1.164352547497081,125.63948246093747,0.0,0.0,0.0,0.0,0.0,0.0,0.9963333333333333,374.4426328345281,12.093268208081701,5.992952417276928,6.160572314713715
