tag,fov_h_deg,width_px,height_px,cam_height_mm,cam_pitch_deg,distortion_k1,aperture_mm,focus_mm,motion_blur_px,exposure_gain,read_noise,shot_noise_k,floor_albedo,raking_led_height_mm,shadow_factor,line_width_mm,ambient_lux,f_px,mm_per_px_center,blur_sigma_center_px,recall_patrol,recall_inspect_online,recall_critical_online,false_alarm_patrol,false_alarm_inspect,far_phantom_inspect,size_err_mean,retake_rate,missed,n_pos,n_neg
nominal,65.0,1600,1200,30.0,25.0,0.0,1.0,100.0,0.0,1.0,2.0,0.05,0.5,6.0,0.35,3.0,8.0,1255.7484616939923,0.05652887473882745,2.0530359140863275,1.0,1.0,1.0,0.0,0.0,0.0,0.07461050313293453,0.0,,16,6
fov_h_deg=50.0,50.0,1600,1200,30.0,25.0,0.0,1.0,100.0,0.0,1.0,2.0,0.05,0.5,6.0,0.35,3.0,8.0,1715.605536407647,0.04137667196109343,2.804860916093678,1.0,1.0,1.0,0.0,0.0,0.0,0.07513909834804675,0.0,,16,6
fov_h_deg=80.0,80.0,1600,1200,30.0,25.0,0.0,1.0,100.0,0.0,1.0,2.0,0.05,0.5,6.0,0.35,3.0,8.0,953.4028740753681,0.07445545783928839,1.5587280421027807,1.0,1.0,1.0,0.0,0.0,0.0,0.07292271809936711,0.0,,16,6
fov_h_deg=100.0,100.0,1600,1200,30.0,25.0,0.0,1.0,100.0,0.0,1.0,2.0,0.05,0.5,6.0,0.35,3.0,8.0,671.279704941824,0.10574734640715365,1.097482007490347,1.0,1.0,1.0,0.0,0.0,0.0,0.09624561777407824,0.0,,16,6
width_px=640,65.0,640,1200,30.0,25.0,0.0,1.0,100.0,0.0,1.0,2.0,0.05,0.5,6.0,0.35,3.0,8.0,502.2993846775969,0.14132218684706863,0.821214365634531,1.0,1.0,1.0,0.0,0.0,0.0,0.0689024347724697,0.0,,16,6
width_px=1024,65.0,1024,1200,30.0,25.0,0.0,1.0,100.0,0.0,1.0,2.0,0.05,0.5,6.0,0.35,3.0,8.0,803.679015484155,0.0883263667794179,1.3139429850152495,1.0,1.0,1.0,0.0,0.0,0.0,0.07429162258231348,0.0,,16,6
width_px=2048,65.0,2048,1200,30.0,25.0,0.0,1.0,100.0,0.0,1.0,2.0,0.05,0.5,6.0,0.35,3.0,8.0,1607.35803096831,0.044163183389708954,2.627885970030499,1.0,1.0,1.0,0.0,0.0,0.0,0.07247006665061792,0.0,,16,6
cam_height_mm=20.0,65.0,1600,1200,20.0,25.0,0.0,1.0,100.0,0.0,1.0,2.0,0.05,0.5,6.0,0.35,3.0,8.0,1255.7484616939923,0.03768591649255163,5.5910507945174786,0.9375,1.0,1.0,0.0,0.0,0.0,0.26696782943032304,0.0,,16,6
cam_height_mm=45.0,65.0,1600,1200,45.0,25.0,0.0,1.0,100.0,0.0,1.0,2.0,0.05,0.5,6.0,0.35,3.0,8.0,1255.7484616939923,0.08479331210824116,0.3056406728677717,1.0,1.0,1.0,0.0,0.0,0.0,0.042442881061766,0.0,,16,6
cam_height_mm=60.0,65.0,1600,1200,60.0,25.0,0.0,1.0,100.0,0.0,1.0,2.0,0.05,0.5,6.0,0.35,3.0,8.0,1255.7484616939923,0.1130577494776549,1.484978966344821,1.0,1.0,1.0,0.0,0.0,0.0,0.03863945209455719,0.0,,16,6
cam_pitch_deg=15.0,65.0,1600,1200,30.0,15.0,0.0,1.0,100.0,0.0,1.0,2.0,0.05,0.5,6.0,0.35,3.0,8.0,1255.7484616939923,0.09230439271120051,0.6895056101813242,0.75,1.0,1.0,0.0,0.0,0.0,0.11989279883208455,0.0,,16,6
cam_pitch_deg=35.0,65.0,1600,1200,30.0,35.0,0.0,1.0,100.0,0.0,1.0,2.0,0.05,0.5,6.0,0.35,3.0,8.0,1255.7484616939923,0.041651178929637045,4.580575854714008,1.0,1.0,1.0,0.0,0.0,0.0,0.0711405284443632,0.0,,16,6
cam_pitch_deg=50.0,65.0,1600,1200,30.0,50.0,0.0,1.0,100.0,0.0,1.0,2.0,0.05,0.5,6.0,0.35,3.0,8.0,1255.7484616939923,0.0311863560853094,7.803127900369198,0.9375,0.875,0.8,0.0,0.0,0.0,0.11340100278637834,0.09090909090909091,button_lr44,16,6
distortion_k1=-0.1,65.0,1600,1200,30.0,25.0,-0.1,1.0,100.0,0.0,1.0,2.0,0.05,0.5,6.0,0.35,3.0,8.0,1255.7484616939923,0.05652887473882745,2.0530359140863275,1.0,1.0,1.0,0.0,0.0,0.0,0.1469497141783045,0.0,,16,6
distortion_k1=-0.2,65.0,1600,1200,30.0,25.0,-0.2,1.0,100.0,0.0,1.0,2.0,0.05,0.5,6.0,0.35,3.0,8.0,1255.7484616939923,0.05652887473882745,2.0530359140863275,1.0,1.0,1.0,0.0,0.0,0.0,0.147605684623215,0.0,,16,6
distortion_k1=-0.35,65.0,1600,1200,30.0,25.0,-0.35,1.0,100.0,0.0,1.0,2.0,0.05,0.5,6.0,0.35,3.0,8.0,1255.7484616939923,0.05652887473882745,2.0530359140863275,1.0,1.0,1.0,0.0,0.0,0.0,0.07426172525371733,0.0,,16,6
focus_mm=70.0,65.0,1600,1200,30.0,25.0,0.0,1.0,70.0,0.0,1.0,2.0,0.05,0.5,6.0,0.35,3.0,8.0,1255.7484616939923,0.05652887473882745,0.09967573453194459,1.0,1.0,1.0,0.0,0.0,0.0,0.07438145426005838,0.0,,16,6
focus_mm=200.0,65.0,1600,1200,30.0,25.0,0.0,1.0,200.0,0.0,1.0,2.0,0.05,0.5,6.0,0.35,3.0,8.0,1255.7484616939923,0.05652887473882745,4.564532837474313,1.0,1.0,1.0,0.0,0.0,0.0,0.07269308879920627,0.0,,16,6
focus_mm=500.0,65.0,1600,1200,30.0,25.0,0.0,1.0,500.0,0.0,1.0,2.0,0.05,0.5,6.0,0.35,3.0,8.0,1255.7484616939923,0.05652887473882745,6.071430991507103,1.0,1.0,1.0,0.0,0.0,0.0,0.1332766728995718,0.0,,16,6
focus_mm=5000.0,65.0,1600,1200,30.0,25.0,0.0,1.0,5000.0,0.0,1.0,2.0,0.05,0.5,6.0,0.35,3.0,8.0,1255.7484616939923,0.05652887473882745,6.975569883926778,1.0,1.0,1.0,0.0,0.0,0.0,0.13326705606926798,0.0,,16,6
aperture_mm=0.5,65.0,1600,1200,30.0,25.0,0.0,0.5,100.0,0.0,1.0,2.0,0.05,0.5,6.0,0.35,3.0,8.0,1255.7484616939923,0.05652887473882745,1.0265179570431637,1.0,1.0,1.0,0.0,0.0,0.0,0.07464867309331537,0.0,,16,6
aperture_mm=1.5,65.0,1600,1200,30.0,25.0,0.0,1.5,100.0,0.0,1.0,2.0,0.05,0.5,6.0,0.35,3.0,8.0,1255.7484616939923,0.05652887473882745,3.0795538711294914,1.0,1.0,1.0,0.0,0.0,0.0,0.07350838823500039,0.0,,16,6
motion_blur_px=2.0,65.0,1600,1200,30.0,25.0,0.0,1.0,100.0,2.0,1.0,2.0,0.05,0.5,6.0,0.35,3.0,8.0,1255.7484616939923,0.05652887473882745,2.0530359140863275,1.0,1.0,1.0,0.0,0.0,0.0,0.14825954387892476,0.0,,16,6
motion_blur_px=5.0,65.0,1600,1200,30.0,25.0,0.0,1.0,100.0,5.0,1.0,2.0,0.05,0.5,6.0,0.35,3.0,8.0,1255.7484616939923,0.05652887473882745,2.0530359140863275,1.0,1.0,1.0,0.0,0.0,0.0,0.07398238105271068,0.0,,16,6
motion_blur_px=10.0,65.0,1600,1200,30.0,25.0,0.0,1.0,100.0,10.0,1.0,2.0,0.05,0.5,6.0,0.35,3.0,8.0,1255.7484616939923,0.05652887473882745,2.0530359140863275,1.0,1.0,1.0,0.0,0.0,0.0,0.07660964985680546,0.0,,16,6
exposure_gain=0.5,65.0,1600,1200,30.0,25.0,0.0,1.0,100.0,0.0,0.5,2.0,0.05,0.5,6.0,0.35,3.0,8.0,1255.7484616939923,0.05652887473882745,2.0530359140863275,1.0,1.0,1.0,0.0,0.0,0.0,0.07399933149891699,0.0,,16,6
exposure_gain=1.5,65.0,1600,1200,30.0,25.0,0.0,1.0,100.0,0.0,1.5,2.0,0.05,0.5,6.0,0.35,3.0,8.0,1255.7484616939923,0.05652887473882745,2.0530359140863275,1.0,1.0,1.0,0.0,0.0,0.0,0.07484175336491898,0.0,,16,6
exposure_gain=2.5,65.0,1600,1200,30.0,25.0,0.0,1.0,100.0,0.0,2.5,2.0,0.05,0.5,6.0,0.35,3.0,8.0,1255.7484616939923,0.05652887473882745,2.0530359140863275,0.875,0.875,0.8,0.0,0.0,0.0,0.6540344899040988,0.0,button_lr44,16,6
read_noise=5.0,65.0,1600,1200,30.0,25.0,0.0,1.0,100.0,0.0,1.0,5.0,0.05,0.5,6.0,0.35,3.0,8.0,1255.7484616939923,0.05652887473882745,2.0530359140863275,1.0,1.0,1.0,0.0,0.0,0.0,0.07240652723177857,0.0,,16,6
read_noise=10.0,65.0,1600,1200,30.0,25.0,0.0,1.0,100.0,0.0,1.0,10.0,0.05,0.5,6.0,0.35,3.0,8.0,1255.7484616939923,0.05652887473882745,2.0530359140863275,0.8125,0.625,0.8,0.0,0.0,0.0,0.06441998045168577,0.22727272727272727,button_lr44;coin_1yen;crumb,16,6
floor_albedo=0.2,65.0,1600,1200,30.0,25.0,0.0,1.0,100.0,0.0,1.0,2.0,0.05,0.2,6.0,0.35,3.0,8.0,1255.7484616939923,0.05652887473882745,2.0530359140863275,1.0,1.0,1.0,0.0,0.0,0.0,0.16706335263912475,0.045454545454545456,,16,6
floor_albedo=0.8,65.0,1600,1200,30.0,25.0,0.0,1.0,100.0,0.0,1.0,2.0,0.05,0.8,6.0,0.35,3.0,8.0,1255.7484616939923,0.05652887473882745,2.0530359140863275,1.0,1.0,1.0,0.0,0.0,0.0,0.2039125818704413,0.0,,16,6
raking_led_height_mm=3.0,65.0,1600,1200,30.0,25.0,0.0,1.0,100.0,0.0,1.0,2.0,0.05,0.5,3.0,0.35,3.0,8.0,1255.7484616939923,0.05652887473882745,2.0530359140863275,1.0,1.0,1.0,0.0,0.0,0.0,0.07461050313293453,0.0,,16,6
raking_led_height_mm=12.0,65.0,1600,1200,30.0,25.0,0.0,1.0,100.0,0.0,1.0,2.0,0.05,0.5,12.0,0.35,3.0,8.0,1255.7484616939923,0.05652887473882745,2.0530359140863275,0.9375,1.0,1.0,0.0,0.0,0.0,0.07461050313293453,0.0,,16,6
raking_led_height_mm=25.0,65.0,1600,1200,30.0,25.0,0.0,1.0,100.0,0.0,1.0,2.0,0.05,0.5,25.0,0.35,3.0,8.0,1255.7484616939923,0.05652887473882745,2.0530359140863275,0.6875,1.0,1.0,0.0,0.0,0.0,0.07468721068536745,0.0,,16,6
shadow_factor=0.2,65.0,1600,1200,30.0,25.0,0.0,1.0,100.0,0.0,1.0,2.0,0.05,0.5,6.0,0.2,3.0,8.0,1255.7484616939923,0.05652887473882745,2.0530359140863275,1.0,1.0,1.0,0.0,0.0,0.0,0.1450949332091189,0.0,,16,6
shadow_factor=0.6,65.0,1600,1200,30.0,25.0,0.0,1.0,100.0,0.0,1.0,2.0,0.05,0.5,6.0,0.6,3.0,8.0,1255.7484616939923,0.05652887473882745,2.0530359140863275,1.0,1.0,1.0,0.0,0.0,0.0,0.08108339432291022,0.0,,16,6
shadow_factor=0.85,65.0,1600,1200,30.0,25.0,0.0,1.0,100.0,0.0,1.0,2.0,0.05,0.5,6.0,0.85,3.0,8.0,1255.7484616939923,0.05652887473882745,2.0530359140863275,0.0,0.875,1.0,0.0,0.0,0.0,0.09142460749752593,0.0,crumb,16,6
line_width_mm=1.0,65.0,1600,1200,30.0,25.0,0.0,1.0,100.0,0.0,1.0,2.0,0.05,0.5,6.0,0.35,1.0,8.0,1255.7484616939923,0.05652887473882745,2.0530359140863275,1.0,1.0,1.0,0.0,0.0,0.0,0.15623592509296713,0.0,,16,6
line_width_mm=6.0,65.0,1600,1200,30.0,25.0,0.0,1.0,100.0,0.0,1.0,2.0,0.05,0.5,6.0,0.35,6.0,8.0,1255.7484616939923,0.05652887473882745,2.0530359140863275,1.0,1.0,1.0,0.0,0.0,0.0,0.07496109304358028,0.0,,16,6
ambient_lux=50.0,65.0,1600,1200,30.0,25.0,0.0,1.0,100.0,0.0,1.0,2.0,0.05,0.5,6.0,0.35,3.0,50.0,1255.7484616939923,0.05652887473882745,2.0530359140863275,1.0,1.0,1.0,0.0,0.0,0.0,0.14661731892281257,0.0,,16,6
ambient_lux=150.0,65.0,1600,1200,30.0,25.0,0.0,1.0,100.0,0.0,1.0,2.0,0.05,0.5,6.0,0.35,3.0,150.0,1255.7484616939923,0.05652887473882745,2.0530359140863275,0.9375,1.0,1.0,0.0,0.0,0.0,0.13930162971939236,0.0,,16,6
worst_case,65.0,1600,1200,30.0,25.0,-0.2,1.0,5000.0,5.0,0.5,2.0,0.05,0.2,6.0,0.35,3.0,8.0,1255.7484616939923,0.05652887473882745,6.975569883926778,0.9375,0.875,0.8,0.0,0.0,0.0,0.07821809231550622,0.045454545454545456,button_lr44,16,6
no_raking,65.0,1600,1200,30.0,25.0,0.0,1.0,100.0,0.0,1.0,2.0,0.05,0.5,6.0,1.0,3.0,8.0,1255.7484616939923,0.05652887473882745,2.0530359140863275,0.0,0.875,1.0,0.0,0.0,0.0,0.09142460749752593,0.0,crumb,16,6
