source,config,belly,slide_along,slide_across,anisotropy,torque_limit_nm,amplitude_deg,waves,temporal_freq_hz,gamma_deg,body_axes,length_mm,mass_kg,speed_mm_s,body_lengths_per_s,lateral_slip_ratio,turn_deg,turn_radius_mm,energy_j_per_m,peak_torque_nm,torque_saturation,tracking_error_rms_deg,fell_over
MUJOCO_SIM,FW5,WHEEL,0.02,1.0,50.0,0.45,40.0,0.75,0.5,0.0,4,573.0,0.865,175.6632823034149,0.30656768290299286,0.24288698036671807,-50.16215832772707,,6.8579968604367485,0.45,0.00825,3.3026692917532334,False
MUJOCO_SIM,FW5,SNAKE_ISOTROPIC,0.35,0.35,1.0,0.45,40.0,0.75,0.5,0.0,4,573.0,0.865,22.564005464116086,0.039378718087462634,0.6909845244028358,-38.11208072478717,,33.53216987533892,0.45,0.0085,2.544567151145619,False
MUJOCO_SIM,FW5,SNAKE_ANISOTROPIC,0.12,0.8,6.666666666666667,0.45,40.0,0.75,0.5,0.0,4,573.0,0.865,170.15096868379516,0.296947589325995,0.2817903430204893,-54.76947773268374,,6.3869861350750305,0.45,0.00825,3.0494251840985904,False
MUJOCO_SIM,FW6_YAW5,WHEEL,0.02,1.0,50.0,0.45,30.0,0.75,0.5,0.0,5,668.0,0.98,242.07799929902131,0.362392214519493,0.06747452910477489,-22.064864407924585,,4.625457398084082,0.45,0.011458333333333333,3.1579362372973967,False
MUJOCO_SIM,FW6_YAW5,SNAKE_ISOTROPIC,0.35,0.35,1.0,0.45,40.0,0.75,0.5,0.0,5,668.0,0.98,39.789401203109996,0.0595649718609431,0.25515950471580334,-40.607408425511295,,31.279034543147983,0.45,0.014375,2.9833702419147823,False
MUJOCO_SIM,FW6_YAW5,SNAKE_ANISOTROPIC,0.12,0.8,6.666666666666667,0.45,40.0,0.75,0.5,0.0,5,668.0,0.98,226.85487188494056,0.33960310162416246,0.24795813268603323,-58.70726678274315,,6.401178269405489,0.45,0.013958333333333333,3.4390714299922043,False
MUJOCO_SIM,FW6_HEADYAW,WHEEL,0.02,1.0,50.0,0.45,40.0,0.75,0.5,0.0,4,623.0,0.9450000000000001,188.2231927818544,0.3021239049467968,0.18268512179826635,-55.60672825316675,,7.20815082522797,0.45,0.014166666666666666,3.419865553795717,False
MUJOCO_SIM,FW6_HEADYAW,SNAKE_ISOTROPIC,0.35,0.35,1.0,0.45,40.0,0.75,0.5,0.0,4,623.0,0.9450000000000001,23.191025644728114,0.0372247602644111,0.871925128625176,-43.53295162881979,,31.410706491840116,0.45,0.0077083333333333335,2.4125851992767413,False
MUJOCO_SIM,FW6_HEADYAW,SNAKE_ANISOTROPIC,0.12,0.8,6.666666666666667,0.45,40.0,0.75,0.5,0.0,4,623.0,0.9450000000000001,179.63122878731647,0.2883326304772335,0.1608743047776469,-53.37516059697745,,6.858226185449235,0.45,0.009583333333333333,3.067699721466252,False
MUJOCO_SIM,FW5,SWEEP_0.05_0.3,0.05,0.3,5.999999999999999,0.45,40.0,0.75,0.5,0.0,4,573.0,0.865,211.6082964041599,0.3692989466041185,0.168707725094307,-42.59166882666435,,3.676249642521038,0.45,0.0085,2.3303820267732993,False
MUJOCO_SIM,FW5,SWEEP_0.05_0.5,0.05,0.5,10.0,0.45,40.0,0.75,0.5,0.0,4,573.0,0.865,209.87698575257312,0.36627746204637546,0.2900493875867148,-52.99940336139876,,4.199202589158384,0.45,0.008,2.6159250657073803,False
MUJOCO_SIM,FW5,SWEEP_0.05_0.8,0.05,0.8,16.0,0.45,40.0,0.75,0.5,0.0,4,573.0,0.865,185.61739512530727,0.32393960754852924,0.26665168712775994,-53.34907542411653,,5.791096827095376,0.45,0.00825,3.045801302402967,False
MUJOCO_SIM,FW5,SWEEP_0.1_0.3,0.1,0.3,2.9999999999999996,0.45,40.0,0.75,0.5,0.0,4,573.0,0.865,149.97050058624365,0.26172862231456134,0.1560823211836798,-47.313389923458324,,5.342781188346355,0.45,0.00825,2.35867460461989,False
MUJOCO_SIM,FW5,SWEEP_0.1_0.5,0.1,0.5,5.0,0.45,40.0,0.75,0.5,0.0,4,573.0,0.865,187.94351893294393,0.32799916044143795,0.17540951395182924,-45.73904957069091,,4.898511344442721,0.45,0.00925,2.634403366818472,False
MUJOCO_SIM,FW5,SWEEP_0.1_0.8,0.1,0.8,8.0,0.45,40.0,0.75,0.5,0.0,4,573.0,0.865,179.0621180173121,0.3124993333635464,0.22069140876991503,-51.260751256354446,,6.128396344886023,0.45,0.00825,3.048293369548188,False
MUJOCO_SIM,FW5,SWEEP_0.2_0.3,0.2,0.3,1.4999999999999998,0.45,40.0,0.75,0.5,0.0,4,573.0,0.865,55.63139674028758,0.09708795242633086,0.11444369108059849,-23.90544926600089,,15.329011205601764,0.45,0.008,2.380678384056442,False
MUJOCO_SIM,FW5,SWEEP_0.2_0.5,0.2,0.5,2.5,0.45,40.0,0.75,0.5,0.0,4,573.0,0.865,120.73651286743426,0.21070944654002488,0.09327463936918569,-44.16047702839791,,8.123403391615122,0.45,0.009,2.71410829648859,False
MUJOCO_SIM,FW5,SWEEP_0.2_0.8,0.2,0.8,4.0,0.45,40.0,0.75,0.5,0.0,4,573.0,0.865,145.71053450982373,0.25429412654419503,0.15769557297803966,-47.61419828443922,,7.836714570810652,0.45,0.00825,3.10946441167471,False
MUJOCO_SIM,FW5,SWEEP_0.3_0.3,0.3,0.3,1.0,0.45,40.0,0.75,0.5,0.0,4,573.0,0.865,22.932588081729907,0.04002196872902253,0.7395186705386314,-36.42495699134557,,30.63746703813625,0.45,0.009,2.4547819974400196,False
MUJOCO_SIM,FW5,SWEEP_0.3_0.5,0.3,0.5,1.6666666666666667,0.45,40.0,0.75,0.5,0.0,4,573.0,0.865,59.22158731754811,0.10335355552800717,0.10654420324679814,-21.653227223172056,,17.112336427123104,0.45,0.0075,2.6952364455831637,False
MUJOCO_SIM,FW5,SWEEP_0.3_0.8,0.3,0.8,2.666666666666667,0.45,40.0,0.75,0.5,0.0,4,573.0,0.865,106.07738464711983,0.18512632573668383,0.06092777049869418,-48.48153714800857,,11.372953537577462,0.45,0.00825,3.1892050440871604,False
MUJOCO_SIM,FW6_YAW5,SWEEP_0.05_0.3,0.05,0.3,5.999999999999999,0.45,40.0,0.75,0.5,0.0,5,668.0,0.98,270.054476344152,0.4042731681798683,0.11636556304903124,-45.96781334330141,,3.78591984951026,0.45,0.014375,2.6402432275231047,False
MUJOCO_SIM,FW6_YAW5,SWEEP_0.05_0.5,0.05,0.5,10.0,0.45,40.0,0.75,0.5,0.0,5,668.0,0.98,277.98578172116873,0.41614637982210884,0.09225963646146916,-47.969273022483,,4.305465175435411,0.45,0.014375,2.9363138842315166,False
MUJOCO_SIM,FW6_YAW5,SWEEP_0.05_0.8,0.05,0.8,16.0,0.45,40.0,0.75,0.5,0.0,5,668.0,0.98,243.236688276782,0.36412677885745803,0.2585532066942921,-60.968761779255196,,5.905344257975456,0.45,0.016458333333333332,3.4464163984659946,False
MUJOCO_SIM,FW6_YAW5,SWEEP_0.1_0.3,0.1,0.3,2.9999999999999996,0.45,40.0,0.75,0.5,0.0,5,668.0,0.98,199.26904286646726,0.2983069503989031,0.06823751369529542,-46.83686122399267,,5.365832674867623,0.45,0.014166666666666666,2.6838384719151067,False
MUJOCO_SIM,FW6_YAW5,SWEEP_0.1_0.5,0.1,0.5,5.0,0.45,40.0,0.75,0.5,0.0,5,668.0,0.98,247.2371501433443,0.3701154942265633,0.08739103466028106,-46.93468252824799,,4.92675817881732,0.45,0.015416666666666667,2.966071602977392,False
MUJOCO_SIM,FW6_YAW5,SWEEP_0.1_0.8,0.1,0.8,8.0,0.45,40.0,0.75,0.5,0.0,5,668.0,0.98,234.29203595035412,0.35073658076400316,0.19114034065596075,-55.68672002067437,,6.2450127056633296,0.45,0.016666666666666666,3.4565042898730214,False
MUJOCO_SIM,FW6_YAW5,SWEEP_0.2_0.3,0.2,0.3,1.4999999999999998,0.45,40.0,0.75,0.5,0.0,5,668.0,0.98,90.6857791145583,0.13575715436311123,0.16804146975132933,-48.368266614540524,,12.636079259043463,0.45,0.013333333333333334,2.7839637945523505,False
MUJOCO_SIM,FW6_YAW5,SWEEP_0.2_0.5,0.2,0.5,2.5,0.45,40.0,0.75,0.5,0.0,5,668.0,0.98,162.3942481302316,0.24310516187160416,0.0003238036526203433,-44.39699454063115,,8.098224935488098,0.45,0.015208333333333334,3.0843492258952927,False
MUJOCO_SIM,FW6_YAW5,SWEEP_0.2_0.8,0.2,0.8,4.0,0.45,40.0,0.75,0.5,0.0,5,668.0,0.98,197.25059398072537,0.29528532033042715,0.14840048074682,-53.8469894735628,,7.664447847599902,0.45,0.01625,3.496864526528463,False
MUJOCO_SIM,FW6_YAW5,SWEEP_0.3_0.3,0.3,0.3,1.0,0.45,40.0,0.75,0.5,0.0,5,668.0,0.98,41.227072318682424,0.0617171741297641,0.3898695127239447,-43.52821059606392,,27.18095653723862,0.45,0.012916666666666667,2.873295426189369,False
MUJOCO_SIM,FW6_YAW5,SWEEP_0.3_0.5,0.3,0.5,1.6666666666666667,0.45,40.0,0.75,0.5,0.0,5,668.0,0.98,95.57639063984792,0.14307842910156873,0.12211566931982475,-44.50616949808389,,14.62498551804826,0.45,0.015,3.2092515886819517,False
MUJOCO_SIM,FW6_YAW5,SWEEP_0.3_0.8,0.3,0.8,2.666666666666667,0.45,40.0,0.75,0.5,0.0,5,668.0,0.98,146.2879781868887,0.21899397932168962,0.07105430056707099,-53.44978112629449,,11.073868153530473,0.45,0.016041666666666666,3.6357204457842522,False
MUJOCO_SIM,FW6_HEADYAW,SWEEP_0.05_0.3,0.05,0.3,5.999999999999999,0.45,40.0,0.75,0.5,0.0,4,623.0,0.9450000000000001,224.58893397262023,0.36049588117595543,0.1745949744818515,-50.14283914929762,,3.684918625682716,0.45,0.008333333333333333,2.224427203378258,False
MUJOCO_SIM,FW6_HEADYAW,SWEEP_0.05_0.5,0.05,0.5,10.0,0.45,40.0,0.75,0.5,0.0,4,623.0,0.9450000000000001,229.5715526577033,0.36849366397705186,0.18798643471371346,-48.83453098115554,,4.2710612056888335,0.45,0.008958333333333334,2.5521773659597544,False
MUJOCO_SIM,FW6_HEADYAW,SWEEP_0.05_0.8,0.05,0.8,16.0,0.45,40.0,0.75,0.5,0.0,4,623.0,0.9450000000000001,203.76980554571116,0.327078339559729,0.20925068079333478,-54.71548679813159,,5.907823221649396,0.45,0.009583333333333333,3.068987636243557,False
MUJOCO_SIM,FW6_HEADYAW,SWEEP_0.1_0.3,0.1,0.3,2.9999999999999996,0.45,40.0,0.75,0.5,0.0,4,623.0,0.9450000000000001,157.01369008921517,0.25202839500676594,0.10388577777966634,-47.37519025257837,,5.483033741363803,0.45,0.008125,2.2555679014435497,False
MUJOCO_SIM,FW6_HEADYAW,SWEEP_0.1_0.5,0.1,0.5,5.0,0.45,40.0,0.75,0.5,0.0,4,623.0,0.9450000000000001,200.0960159526156,0.32118140602346007,0.1454636899213922,-47.196305760718744,,5.021081652767611,0.45,0.008958333333333334,2.5596654106726726,False
MUJOCO_SIM,FW6_HEADYAW,SWEEP_0.1_0.8,0.1,0.8,8.0,0.45,40.0,0.75,0.5,0.0,4,623.0,0.9450000000000001,190.27231822465882,0.3054130308582004,0.10662523375775762,-45.41759435225445,,6.513180730681005,0.45,0.01,3.0881635826197353,False
MUJOCO_SIM,FW6_HEADYAW,SWEEP_0.2_0.3,0.2,0.3,1.4999999999999998,0.45,40.0,0.75,0.5,0.0,4,623.0,0.9450000000000001,55.33092258967012,0.08881367991921367,0.28166969419227184,-47.610711361186105,,15.713615733039054,0.45,0.008333333333333333,2.3029447251511925,False
MUJOCO_SIM,FW6_HEADYAW,SWEEP_0.2_0.5,0.2,0.5,2.5,0.45,40.0,0.75,0.5,0.0,4,623.0,0.9450000000000001,116.69483263688811,0.1873111278280708,0.022363562455230645,-45.93656911219281,,9.136956293872123,0.45,0.00875,2.6248952273461463,False
MUJOCO_SIM,FW6_HEADYAW,SWEEP_0.2_0.8,0.2,0.8,4.0,0.45,40.0,0.75,0.5,0.0,4,623.0,0.9450000000000001,149.37579029156657,0.23976852374248248,0.09329499681597449,-48.10509333014419,,8.566136036816609,0.45,0.009375,3.1182223302332943,False
MUJOCO_SIM,FW6_HEADYAW,SWEEP_0.3_0.3,0.3,0.3,1.0,0.45,40.0,0.75,0.5,0.0,4,623.0,0.9450000000000001,23.379849751995398,0.03752784871909374,0.6033891013443741,-35.863318936500505,,33.44115177486314,0.45,0.007083333333333333,2.3063673141369065,False
MUJOCO_SIM,FW6_HEADYAW,SWEEP_0.3_0.5,0.3,0.5,1.6666666666666667,0.45,40.0,0.75,0.5,0.0,4,623.0,0.9450000000000001,60.274368731115246,0.09674858544320264,0.2588141011853363,-49.46887208390361,,17.637177336802075,0.45,0.007916666666666667,2.661361341312788,False
MUJOCO_SIM,FW6_HEADYAW,SWEEP_0.3_0.8,0.3,0.8,2.666666666666667,0.45,40.0,0.75,0.5,0.0,4,623.0,0.9450000000000001,97.76600538081868,0.15692777749730127,0.052534017341641606,-53.19069019121961,,13.578717194845309,0.45,0.009375,3.1937680142336817,False
MUJOCO_SIM,FW5,SNAKE_ANISOTROPIC,0.12,0.8,6.666666666666667,0.3,40.0,0.75,0.5,0.0,4,573.0,0.865,175.26663362935915,0.30587545136013816,0.02491091035720463,-34.249024473427056,,6.122475111808524,0.3,0.05875,4.44096130234784,False
MUJOCO_SIM,FW5,SNAKE_ANISOTROPIC,0.12,0.8,6.666666666666667,0.45,40.0,0.75,0.5,0.0,4,573.0,0.865,170.15096868379516,0.296947589325995,0.2817903430204893,-54.76947773268374,,6.3869861350750305,0.45,0.00825,3.0494251840985904,False
MUJOCO_SIM,FW5,SNAKE_ANISOTROPIC,0.12,0.8,6.666666666666667,0.9,40.0,0.75,0.5,0.0,4,573.0,0.865,182.38819294383515,0.3183040016471818,0.04858229125495429,-27.73487481372455,,7.0153297596053665,0.9,0.00675,1.8518488859472237,False
MUJOCO_SIM,FW5,SNAKE_ANISOTROPIC,0.12,0.8,6.666666666666667,1.5,40.0,0.75,0.5,0.0,4,573.0,0.865,184.59812177410083,0.3221607709844692,0.01848034167976147,-31.866374572618327,,8.31640106326662,1.5,0.0065,1.488838285362133,False
MUJOCO_SIM,FW6_YAW5,SNAKE_ANISOTROPIC,0.12,0.8,6.666666666666667,0.3,40.0,0.75,0.5,0.0,5,668.0,0.98,226.62814773884165,0.33926369421982283,0.01374140398063094,-42.13114277544528,,6.1748800421888,0.3,0.15020833333333333,5.482702454930573,False
MUJOCO_SIM,FW6_YAW5,SNAKE_ANISOTROPIC,0.12,0.8,6.666666666666667,0.45,40.0,0.75,0.5,0.0,5,668.0,0.98,226.85487188494056,0.33960310162416246,0.24795813268603323,-58.70726678274315,,6.401178269405489,0.45,0.013958333333333333,3.4390714299922043,False
MUJOCO_SIM,FW6_YAW5,SNAKE_ANISOTROPIC,0.12,0.8,6.666666666666667,0.9,40.0,0.75,0.5,0.0,5,668.0,0.98,220.86451560182385,0.3306355023979399,0.3141146647745522,-65.361798141596,,7.395324065055133,0.9,0.012291666666666666,2.2951903947941124,False
MUJOCO_SIM,FW6_YAW5,SNAKE_ANISOTROPIC,0.12,0.8,6.666666666666667,1.5,40.0,0.75,0.5,0.0,5,668.0,0.98,225.82094017356067,0.33805529966101894,0.2771611937600945,-61.445846235036406,,8.696650465697767,1.5,0.008541666666666666,1.7886459832382562,False
MUJOCO_SIM,FW6_HEADYAW,SNAKE_ANISOTROPIC,0.12,0.8,6.666666666666667,0.3,40.0,0.75,0.5,0.0,4,623.0,0.9450000000000001,169.35054010757963,0.27183072248407647,0.0231155855898757,-36.421380908690004,,6.84265462961322,0.3,0.17979166666666666,5.130390199616946,False
MUJOCO_SIM,FW6_HEADYAW,SNAKE_ANISOTROPIC,0.12,0.8,6.666666666666667,0.45,40.0,0.75,0.5,0.0,4,623.0,0.9450000000000001,179.63122878731647,0.2883326304772335,0.1608743047776469,-53.37516059697745,,6.858226185449235,0.45,0.009583333333333333,3.067699721466252,False
MUJOCO_SIM,FW6_HEADYAW,SNAKE_ANISOTROPIC,0.12,0.8,6.666666666666667,0.9,40.0,0.75,0.5,0.0,4,623.0,0.9450000000000001,176.80416848612413,0.28379481297933246,0.312162978435283,-63.23736137284577,,7.689959259845138,0.9,0.0077083333333333335,1.903368820341384,False
MUJOCO_SIM,FW6_HEADYAW,SNAKE_ANISOTROPIC,0.12,0.8,6.666666666666667,1.5,40.0,0.75,0.5,0.0,4,623.0,0.9450000000000001,190.24180607533447,0.30536405469556094,0.04803177820282354,-30.368114582827502,,8.7593923268161,1.5,0.005833333333333334,1.3995375897333,False
MUJOCO_SIM,FW5,SNAKE_ANISOTROPIC,0.12,0.8,6.666666666666667,0.45,40.0,0.75,0.5,0.0,4,573.0,0.865,170.15096868379516,0.296947589325995,0.2817903430204893,-54.76947773268374,,6.3869861350750305,0.45,0.00825,3.0494251840985904,False
MUJOCO_SIM,FW5,SNAKE_ANISOTROPIC,0.12,0.8,6.666666666666667,0.45,40.0,0.75,0.5,20.0,4,573.0,0.865,93.10462844849286,0.1624862625628148,0.7730958724195182,89.97799201914604,599.5040429013216,9.751542464434989,0.45,0.037,4.110117561721094,False
MUJOCO_SIM,FW5,SNAKE_ANISOTROPIC,0.12,0.8,6.666666666666667,0.45,40.0,0.75,0.5,-20.0,4,573.0,0.865,62.79712397947206,0.10959358460640849,1.5610453696641002,-182.23162706801293,292.8260496221004,10.063614665025982,0.45,0.0365,3.4016043113790646,False
MUJOCO_SIM,FW6_YAW5,SNAKE_ANISOTROPIC,0.12,0.8,6.666666666666667,0.45,40.0,0.75,0.5,0.0,5,668.0,0.98,226.85487188494056,0.33960310162416246,0.24795813268603323,-58.70726678274315,,6.401178269405489,0.45,0.013958333333333333,3.4390714299922043,False
MUJOCO_SIM,FW6_YAW5,SNAKE_ANISOTROPIC,0.12,0.8,6.666666666666667,0.45,40.0,0.75,0.5,20.0,5,668.0,0.98,63.56046420839232,0.09515039552154538,1.419211096596672,147.02408222332514,344.0284538714422,14.024209601835338,0.45,0.04625,4.688275176162019,False
MUJOCO_SIM,FW6_YAW5,SNAKE_ANISOTROPIC,0.12,0.8,6.666666666666667,0.45,40.0,0.75,0.5,-20.0,5,668.0,0.98,-12.198211386092575,-0.018260795488162538,7.454635695359192,-269.699909484624,155.92910252650088,17.48863367415012,0.45,0.04,3.9358822581611106,False
MUJOCO_SIM,FW6_HEADYAW,SNAKE_ANISOTROPIC,0.12,0.8,6.666666666666667,0.45,40.0,0.75,0.5,0.0,4,623.0,0.9450000000000001,179.63122878731647,0.2883326304772335,0.1608743047776469,-53.37516059697745,,6.858226185449235,0.45,0.009583333333333333,3.067699721466252,False
MUJOCO_SIM,FW6_HEADYAW,SNAKE_ANISOTROPIC,0.12,0.8,6.666666666666667,0.45,40.0,0.75,0.5,20.0,4,623.0,0.9450000000000001,108.90306147501671,0.17480427203052443,0.5271850833876175,54.647289718494505,1032.6106808535976,10.21223396730436,0.45,0.036875,4.057290539965362,False
MUJOCO_SIM,FW6_HEADYAW,SNAKE_ANISOTROPIC,0.12,0.8,6.666666666666667,0.45,40.0,0.75,0.5,-20.0,4,623.0,0.9450000000000001,102.10388091427524,0.16389065957347548,0.8321112671923372,-160.4962835917162,379.3521697443467,9.663089186707333,0.45,0.034166666666666665,3.354091255710882,False
