c_floor,c_texture_contrast,c_floor_height_sigma_mm,c_blur_sigma_px,c_ambient_lux,c_ambient_drift,c_auto_exposure,c_shot_noise_k,c_line_width_mm,c_line_scatter_mm,c_raking_led_height_mm,c_cam_height_err_mm,c_cam_pitch_err_deg,c_fov_err_deg,c_aim_err_mm,c_clutter,c_sides,c_pose_from_line,c_reaim,c_physical_falloff,c_flat_field,c_led_layout,target,negative,seed,patrol,inspect,fa_patrol,fa_inspect,height_est,height_reason,diameter_est,critical_flag,loc_err_mm
wood,1.0,0.0,0.0,8.0,0.0,True,0.0,3.0,0.0,6.0,0.0,0.0,0.0,0.0,False,True,True,False,True,True,legacy,coin_1yen,,0,True,True,0,0,0.636307908906856,measured,15.246991544081437,False,15.742728545046198
wood,1.0,0.0,0.0,8.0,0.0,True,0.0,3.0,0.0,6.0,0.0,0.0,0.0,0.0,False,True,True,False,True,True,legacy,coin_10yen,,1,True,True,0,0,1.3970858996938436,measured,17.09016405458335,False,17.53761616586145
wood,1.0,0.0,0.0,8.0,0.0,True,0.0,3.0,0.0,6.0,0.0,0.0,0.0,0.0,False,True,True,False,True,True,legacy,button_cr2032,,2,True,True,1,0,,specular_break,24.862273893976433,True,13.140051839297861
wood,1.0,0.0,0.0,8.0,0.0,True,0.0,3.0,0.0,6.0,0.0,0.0,0.0,0.0,False,True,True,False,True,True,legacy,button_lr44,,3,True,True,2,2,,specular_break,21.42164973772268,False,24.05264446439719
wood,1.0,0.0,0.0,8.0,0.0,True,0.0,3.0,0.0,6.0,0.0,0.0,0.0,0.0,False,True,True,False,True,True,legacy,bead_6,,4,True,True,0,0,,specular_break,14.096850032922283,True,30.374341636767813
wood,1.0,0.0,0.0,8.0,0.0,True,0.0,3.0,0.0,6.0,0.0,0.0,0.0,0.0,False,True,True,False,True,True,legacy,bead_10_dark,,5,False,True,0,0,,specular_break,17.990592962618024,False,42.926308652178506
wood,1.0,0.0,0.0,8.0,0.0,True,0.0,3.0,0.0,6.0,0.0,0.0,0.0,0.0,False,True,True,False,True,True,legacy,magnet_disc_10x3,,6,True,True,0,0,,specular_break,10.822089284058041,True,6.002658800001124
wood,1.0,0.0,0.0,8.0,0.0,True,0.0,3.0,0.0,6.0,0.0,0.0,0.0,0.0,False,True,True,False,True,True,legacy,magnet_ball_5,,7,True,True,0,0,,specular_break,22.546139427329862,True,16.58709573100028
wood,1.0,0.0,0.0,8.0,0.0,True,0.0,3.0,0.0,6.0,0.0,0.0,0.0,0.0,False,True,True,False,True,True,legacy,pill_8,,8,True,True,0,0,-0.15922325523121117,measured,7.573352200854336,False,5.378841765967983
wood,1.0,0.0,0.0,8.0,0.0,True,0.0,3.0,0.0,6.0,0.0,0.0,0.0,0.0,False,True,True,False,True,True,legacy,plastic_part_8,,9,True,True,0,0,,specular_break,27.788221713475345,False,63.14104743627386
wood,1.0,0.0,0.0,8.0,0.0,True,0.0,3.0,0.0,6.0,0.0,0.0,0.0,0.0,False,True,True,False,True,True,legacy,floor_colored_12,,10,True,True,1,1,0.48583337815201233,measured,4.463066046487291,False,7.231134040962072
wood,1.0,0.0,0.0,8.0,0.0,True,0.0,3.0,0.0,6.0,0.0,0.0,0.0,0.0,False,True,True,False,True,True,legacy,,empty,11,False,False,0,0,,,,False,
wood,1.0,0.0,0.0,8.0,0.0,True,0.0,3.0,0.0,6.0,0.0,0.0,0.0,0.0,False,True,True,False,True,True,legacy,,stain,12,False,False,0,0,,,,False,
wood,1.0,0.0,0.0,8.0,0.0,True,0.0,3.0,0.0,6.0,0.0,0.0,0.0,0.0,False,True,True,False,True,True,legacy,,seam,13,False,False,2,2,,,,False,
wood,1.0,0.0,0.0,8.0,0.0,True,0.0,3.0,0.0,6.0,0.0,0.0,0.0,0.0,False,True,True,False,True,True,legacy,coin_1yen,,14,True,True,1,1,1.4310100437511633,measured,10.897156712671084,False,9.896779912888238
wood,1.0,0.0,0.0,8.0,0.0,True,0.0,3.0,0.0,6.0,0.0,0.0,0.0,0.0,False,True,True,False,True,True,legacy,coin_10yen,,15,True,True,1,1,1.205718050949116,measured,17.268641290329683,False,18.762851830851382
wood,1.0,0.0,0.0,8.0,0.0,True,0.0,3.0,0.0,6.0,0.0,0.0,0.0,0.0,False,True,True,False,True,True,legacy,button_cr2032,,16,True,True,0,0,,specular_break,27.176459414799332,False,20.17678191619718
wood,1.0,0.0,0.0,8.0,0.0,True,0.0,3.0,0.0,6.0,0.0,0.0,0.0,0.0,False,True,True,False,True,True,legacy,button_lr44,,17,True,True,0,0,,specular_break,15.621943565324077,True,6.8434257260572835
wood,1.0,0.0,0.0,8.0,0.0,True,0.0,3.0,0.0,6.0,0.0,0.0,0.0,0.0,False,True,True,False,True,True,legacy,bead_6,,18,True,True,0,0,,specular_break,18.225130996012535,False,24.70375470899981
wood,1.0,0.0,0.0,8.0,0.0,True,0.0,3.0,0.0,6.0,0.0,0.0,0.0,0.0,False,True,True,False,True,True,legacy,bead_10_dark,,19,True,True,1,0,,specular_break,18.373271533351858,False,27.559956061787375
wood,1.0,0.0,0.0,8.0,0.0,True,0.0,3.0,0.0,6.0,0.0,0.0,0.0,0.0,False,True,True,False,True,True,legacy,magnet_disc_10x3,,20,True,True,1,0,,specular_break,13.154628196706346,True,5.627829298407313
wood,1.0,0.0,0.0,8.0,0.0,True,0.0,3.0,0.0,6.0,0.0,0.0,0.0,0.0,False,True,True,False,True,True,legacy,magnet_ball_5,,21,True,True,0,0,,specular_break,37.13015242472768,False,56.87882648754214
wood,1.0,0.0,0.0,8.0,0.0,True,0.0,3.0,0.0,6.0,0.0,0.0,0.0,0.0,False,True,True,False,True,True,legacy,pill_8,,22,True,True,0,0,-0.15273351512665911,measured,7.530150781045489,False,5.206748956802381
wood,1.0,0.0,0.0,8.0,0.0,True,0.0,3.0,0.0,6.0,0.0,0.0,0.0,0.0,False,True,True,False,True,True,legacy,plastic_part_8,,23,True,True,0,0,,specular_break,13.839478842128727,True,18.57275419564749
wood,1.0,0.0,0.0,8.0,0.0,True,0.0,3.0,0.0,6.0,0.0,0.0,0.0,0.0,False,True,True,False,True,True,legacy,floor_colored_12,,24,True,True,0,0,-1.3288765323775937,measured,10.416146823273136,False,12.38487769797652
wood,1.0,0.0,0.0,8.0,0.0,True,0.0,3.0,0.0,6.0,0.0,0.0,0.0,0.0,False,True,True,False,True,True,legacy,,empty,25,False,False,0,0,,,,False,
wood,1.0,0.0,0.0,8.0,0.0,True,0.0,3.0,0.0,6.0,0.0,0.0,0.0,0.0,False,True,True,False,True,True,legacy,,stain,26,False,False,0,0,,,,False,
wood,1.0,0.0,0.0,8.0,0.0,True,0.0,3.0,0.0,6.0,0.0,0.0,0.0,0.0,False,True,True,False,True,True,legacy,,seam,27,False,False,0,0,,,,False,
wood,1.0,0.0,0.0,8.0,0.0,True,0.0,3.0,0.0,6.0,0.0,0.0,0.0,0.0,False,True,True,False,True,True,legacy,coin_1yen,,28,True,True,2,2,1.4478921355290169,measured,9.797069096579948,False,8.25407536633653
wood,1.0,0.0,0.0,8.0,0.0,True,0.0,3.0,0.0,6.0,0.0,0.0,0.0,0.0,False,True,True,False,True,True,legacy,coin_10yen,,29,True,True,0,0,0.7840717541052076,measured,19.974721954652384,False,12.84736017481179
wood,1.0,0.0,0.0,8.0,0.0,True,0.0,3.0,0.0,6.0,0.0,0.0,0.0,0.0,False,True,True,False,True,True,legacy,button_cr2032,,30,True,True,2,2,,specular_break,18.14750540366406,True,10.502912014993589
wood,1.0,0.0,0.0,8.0,0.0,True,0.0,3.0,0.0,6.0,0.0,0.0,0.0,0.0,False,True,True,False,True,True,legacy,button_lr44,,31,False,True,0,0,,specular_break,13.447645331466507,True,7.291525874767817
wood,1.0,0.0,0.0,8.0,0.0,True,0.0,3.0,0.0,6.0,0.0,0.0,0.0,0.0,False,True,True,False,True,True,legacy,bead_6,,32,True,True,0,1,,specular_break,15.187569646347947,False,3.6186119840484694
wood,1.0,0.0,0.0,8.0,0.0,True,0.0,3.0,0.0,6.0,0.0,0.0,0.0,0.0,False,True,True,False,True,True,legacy,bead_10_dark,,33,True,True,3,0,,specular_break,15.040907383188642,True,14.067632198513078
wood,1.0,0.0,0.0,8.0,0.0,True,0.0,3.0,0.0,6.0,0.0,0.0,0.0,0.0,False,True,True,False,True,True,legacy,magnet_disc_10x3,,34,True,True,0,0,,specular_break,22.309601384500933,False,25.343147346478542
wood,1.0,0.0,0.0,8.0,0.0,True,0.0,3.0,0.0,6.0,0.0,0.0,0.0,0.0,False,True,True,False,True,True,legacy,magnet_ball_5,,35,True,True,0,0,,specular_break,12.99557349607343,True,3.1042722334722788
wood,1.0,0.0,0.0,8.0,0.0,True,0.0,3.0,0.0,6.0,0.0,0.0,0.0,0.0,False,True,True,False,True,True,legacy,pill_8,,36,True,True,0,0,2.3744326892377927,measured,8.068274861376631,False,4.512064530981865
wood,1.0,0.0,0.0,8.0,0.0,True,0.0,3.0,0.0,6.0,0.0,0.0,0.0,0.0,False,True,True,False,True,True,legacy,plastic_part_8,,37,True,True,1,0,,specular_break,19.612783458642653,False,44.089845131280526
wood,1.0,0.0,0.0,8.0,0.0,True,0.0,3.0,0.0,6.0,0.0,0.0,0.0,0.0,False,True,True,False,True,True,legacy,floor_colored_12,,38,True,True,0,0,-0.4695719577978057,measured,10.355742493460165,False,12.840646656005262
wood,1.0,0.0,0.0,8.0,0.0,True,0.0,3.0,0.0,6.0,0.0,0.0,0.0,0.0,False,True,True,False,True,True,legacy,,empty,39,False,False,0,0,,,,False,
wood,1.0,0.0,0.0,8.0,0.0,True,0.0,3.0,0.0,6.0,0.0,0.0,0.0,0.0,False,True,True,False,True,True,legacy,,stain,40,False,False,0,0,,,,False,
wood,1.0,0.0,0.0,8.0,0.0,True,0.0,3.0,0.0,6.0,0.0,0.0,0.0,0.0,False,True,True,False,True,True,legacy,,seam,41,False,False,10,10,,,,False,
wood,1.0,0.0,0.0,8.0,0.0,True,0.0,3.0,0.0,6.0,0.0,0.0,0.0,0.0,False,True,True,False,True,True,legacy,coin_1yen,,42,True,True,0,0,0.7506948141839285,measured,15.238332893747923,False,16.553190347988213
wood,1.0,0.0,0.0,8.0,0.0,True,0.0,3.0,0.0,6.0,0.0,0.0,0.0,0.0,False,True,True,False,True,True,legacy,coin_10yen,,43,True,True,1,1,0.7174222051585346,measured,17.1878117099661,False,18.405769351433342
wood,1.0,0.0,0.0,8.0,0.0,True,0.0,3.0,0.0,6.0,0.0,0.0,0.0,0.0,False,True,True,False,True,True,legacy,button_cr2032,,44,True,True,0,0,,specular_break,17.973738457278618,True,10.625198222350605
wood,1.0,0.0,0.0,8.0,0.0,True,0.0,3.0,0.0,6.0,0.0,0.0,0.0,0.0,False,True,True,False,True,True,legacy,button_lr44,,45,True,True,1,0,,specular_break,26.61424319902665,False,8.406279880640653
wood,1.0,0.0,0.0,8.0,0.0,True,0.0,3.0,0.0,6.0,0.0,0.0,0.0,0.0,False,True,True,False,True,True,legacy,bead_6,,46,True,True,0,0,,specular_break,31.522370333999717,False,62.97380942008377
wood,1.0,0.0,0.0,8.0,0.0,True,0.0,3.0,0.0,6.0,0.0,0.0,0.0,0.0,False,True,True,False,True,True,legacy,bead_10_dark,,47,False,True,0,0,,specular_break,20.492207443499264,False,49.0172766912682
wood,1.0,0.0,0.0,8.0,0.0,True,0.0,3.0,0.0,6.0,0.0,0.0,0.0,0.0,False,True,True,False,True,True,legacy,magnet_disc_10x3,,48,True,True,0,1,,specular_break,11.778540200170314,True,5.628087671100368
wood,1.0,0.0,0.0,8.0,0.0,True,0.0,3.0,0.0,6.0,0.0,0.0,0.0,0.0,False,True,True,False,True,True,legacy,magnet_ball_5,,49,True,True,0,0,,specular_break,16.695750753737002,False,19.073376477994405
wood,1.0,0.0,0.0,8.0,0.0,True,0.0,3.0,0.0,6.0,0.0,0.0,0.0,0.0,False,True,True,False,True,True,legacy,pill_8,,50,True,True,0,0,1.64412366830412,measured,7.561210942710095,False,5.557602865805172
wood,1.0,0.0,0.0,8.0,0.0,True,0.0,3.0,0.0,6.0,0.0,0.0,0.0,0.0,False,True,True,False,True,True,legacy,plastic_part_8,,51,True,True,0,0,,specular_break,23.94662299131645,True,35.933339369363686
wood,1.0,0.0,0.0,8.0,0.0,True,0.0,3.0,0.0,6.0,0.0,0.0,0.0,0.0,False,True,True,False,True,True,legacy,floor_colored_12,,52,True,True,1,2,1.558586936357388,measured,9.425611643691777,False,8.434013656580106
wood,1.0,0.0,0.0,8.0,0.0,True,0.0,3.0,0.0,6.0,0.0,0.0,0.0,0.0,False,True,True,False,True,True,legacy,,empty,53,False,False,0,0,,,,False,
wood,1.0,0.0,0.0,8.0,0.0,True,0.0,3.0,0.0,6.0,0.0,0.0,0.0,0.0,False,True,True,False,True,True,legacy,,stain,54,False,False,0,0,,,,False,
wood,1.0,0.0,0.0,8.0,0.0,True,0.0,3.0,0.0,6.0,0.0,0.0,0.0,0.0,False,True,True,False,True,True,legacy,,seam,55,False,False,4,4,,,,False,
wood,1.0,0.0,0.0,8.0,0.0,True,0.0,3.0,0.0,6.0,0.0,0.0,0.0,0.0,False,True,True,False,True,True,center3d,coin_1yen,,1000,True,True,0,0,0.8764021282671379,measured,18.079736265461655,False,11.097166809047428
wood,1.0,0.0,0.0,8.0,0.0,True,0.0,3.0,0.0,6.0,0.0,0.0,0.0,0.0,False,True,True,False,True,True,center3d,coin_10yen,,1001,True,True,2,1,0.549730948698846,measured,18.622340147451197,False,23.23910172265735
wood,1.0,0.0,0.0,8.0,0.0,True,0.0,3.0,0.0,6.0,0.0,0.0,0.0,0.0,False,True,True,False,True,True,center3d,button_cr2032,,1002,True,True,2,0,,specular_break,21.745398764144397,True,27.505206840423792
wood,1.0,0.0,0.0,8.0,0.0,True,0.0,3.0,0.0,6.0,0.0,0.0,0.0,0.0,False,True,True,False,True,True,center3d,button_lr44,,1003,True,True,0,0,,specular_break,23.484278079062378,True,8.760546472555664
wood,1.0,0.0,0.0,8.0,0.0,True,0.0,3.0,0.0,6.0,0.0,0.0,0.0,0.0,False,True,True,False,True,True,center3d,bead_6,,1004,True,True,0,0,,specular_break,17.59210637503809,False,4.2123030328383715
wood,1.0,0.0,0.0,8.0,0.0,True,0.0,3.0,0.0,6.0,0.0,0.0,0.0,0.0,False,True,True,False,True,True,center3d,bead_10_dark,,1005,True,True,1,0,,specular_break,19.41613109136597,True,17.33761505088261
wood,1.0,0.0,0.0,8.0,0.0,True,0.0,3.0,0.0,6.0,0.0,0.0,0.0,0.0,False,True,True,False,True,True,center3d,magnet_disc_10x3,,1006,True,True,0,1,,specular_break,9.75051823380793,True,5.583112351297686
wood,1.0,0.0,0.0,8.0,0.0,True,0.0,3.0,0.0,6.0,0.0,0.0,0.0,0.0,False,True,True,False,True,True,center3d,magnet_ball_5,,1007,True,True,0,1,,specular_break,6.7830362578742545,True,3.075483925731078
wood,1.0,0.0,0.0,8.0,0.0,True,0.0,3.0,0.0,6.0,0.0,0.0,0.0,0.0,False,True,True,False,True,True,center3d,pill_8,,1008,True,True,0,0,-0.2736534952233747,measured,8.053249032028814,False,5.884984229469151
wood,1.0,0.0,0.0,8.0,0.0,True,0.0,3.0,0.0,6.0,0.0,0.0,0.0,0.0,False,True,True,False,True,True,center3d,plastic_part_8,,1009,True,True,1,1,0.5755644181380859,measured,7.98865690717511,False,4.032679860391559
wood,1.0,0.0,0.0,8.0,0.0,True,0.0,3.0,0.0,6.0,0.0,0.0,0.0,0.0,False,True,True,False,True,True,center3d,floor_colored_12,,1010,True,True,0,0,-1.3156194927874374,measured,11.007318418430808,False,12.247140634185707
wood,1.0,0.0,0.0,8.0,0.0,True,0.0,3.0,0.0,6.0,0.0,0.0,0.0,0.0,False,True,True,False,True,True,center3d,,empty,1011,False,False,0,0,,,,False,
wood,1.0,0.0,0.0,8.0,0.0,True,0.0,3.0,0.0,6.0,0.0,0.0,0.0,0.0,False,True,True,False,True,True,center3d,,stain,1012,False,False,0,0,,,,False,
wood,1.0,0.0,0.0,8.0,0.0,True,0.0,3.0,0.0,6.0,0.0,0.0,0.0,0.0,False,True,True,False,True,True,center3d,,seam,1013,False,False,0,0,,,,False,
wood,1.0,0.0,0.0,8.0,0.0,True,0.0,3.0,0.0,6.0,0.0,0.0,0.0,0.0,False,True,True,False,True,True,center3d,coin_1yen,,1014,True,True,0,0,0.07613242651592422,measured,16.56191876594244,False,18.18193944096717
wood,1.0,0.0,0.0,8.0,0.0,True,0.0,3.0,0.0,6.0,0.0,0.0,0.0,0.0,False,True,True,False,True,True,center3d,coin_10yen,,1015,True,True,0,0,0.336735449244042,measured,18.70488197880637,False,20.70773309408487
wood,1.0,0.0,0.0,8.0,0.0,True,0.0,3.0,0.0,6.0,0.0,0.0,0.0,0.0,False,True,True,False,True,True,center3d,button_cr2032,,1016,True,True,1,1,,specular_break,26.374682176655526,False,11.30023329974761
wood,1.0,0.0,0.0,8.0,0.0,True,0.0,3.0,0.0,6.0,0.0,0.0,0.0,0.0,False,True,True,False,True,True,center3d,button_lr44,,1017,False,True,0,0,,specular_break,29.245114387211526,False,33.06511683353358
wood,1.0,0.0,0.0,8.0,0.0,True,0.0,3.0,0.0,6.0,0.0,0.0,0.0,0.0,False,True,True,False,True,True,center3d,bead_6,,1018,True,True,0,0,0.5093197099303115,measured,11.999098667611792,True,4.3999953529214
wood,1.0,0.0,0.0,8.0,0.0,True,0.0,3.0,0.0,6.0,0.0,0.0,0.0,0.0,False,True,True,False,True,True,center3d,bead_10_dark,,1019,True,True,0,0,1.344377528712915,measured,15.336275797701768,True,5.50010824393029
wood,1.0,0.0,0.0,8.0,0.0,True,0.0,3.0,0.0,6.0,0.0,0.0,0.0,0.0,False,True,True,False,True,True,center3d,magnet_disc_10x3,,1020,True,True,0,0,,specular_break,23.67324821995489,True,43.957481782739386
wood,1.0,0.0,0.0,8.0,0.0,True,0.0,3.0,0.0,6.0,0.0,0.0,0.0,0.0,False,True,True,False,True,True,center3d,magnet_ball_5,,1021,True,True,0,0,,specular_break,34.03595154360295,False,35.873982086096674
wood,1.0,0.0,0.0,8.0,0.0,True,0.0,3.0,0.0,6.0,0.0,0.0,0.0,0.0,False,True,True,False,True,True,center3d,pill_8,,1022,True,True,2,1,,specular_break,16.69800256898251,False,4.373810351048107
wood,1.0,0.0,0.0,8.0,0.0,True,0.0,3.0,0.0,6.0,0.0,0.0,0.0,0.0,False,True,True,False,True,True,center3d,plastic_part_8,,1023,True,True,0,0,,specular_break,15.923944596583041,True,11.856413071085342
wood,1.0,0.0,0.0,8.0,0.0,True,0.0,3.0,0.0,6.0,0.0,0.0,0.0,0.0,False,True,True,False,True,True,center3d,floor_colored_12,,1024,True,True,0,0,-1.3220653913001943,measured,10.89478783288015,False,12.93562955411338
wood,1.0,0.0,0.0,8.0,0.0,True,0.0,3.0,0.0,6.0,0.0,0.0,0.0,0.0,False,True,True,False,True,True,center3d,,empty,1025,False,False,0,0,,,,False,
wood,1.0,0.0,0.0,8.0,0.0,True,0.0,3.0,0.0,6.0,0.0,0.0,0.0,0.0,False,True,True,False,True,True,center3d,,stain,1026,False,False,0,0,,,,False,
wood,1.0,0.0,0.0,8.0,0.0,True,0.0,3.0,0.0,6.0,0.0,0.0,0.0,0.0,False,True,True,False,True,True,center3d,,seam,1027,False,False,0,0,,,,False,
wood,1.0,0.0,0.0,8.0,0.0,True,0.0,3.0,0.0,6.0,0.0,0.0,0.0,0.0,False,True,True,False,True,True,center3d,coin_1yen,,1028,True,True,0,0,-0.3660559164904704,measured,16.50570886663898,False,21.002794446809048
wood,1.0,0.0,0.0,8.0,0.0,True,0.0,3.0,0.0,6.0,0.0,0.0,0.0,0.0,False,True,True,False,True,True,center3d,coin_10yen,,1029,False,True,0,0,1.447692112916073,measured,11.08298101584956,False,10.643320582496912
wood,1.0,0.0,0.0,8.0,0.0,True,0.0,3.0,0.0,6.0,0.0,0.0,0.0,0.0,False,True,True,False,True,True,center3d,button_cr2032,,1030,True,True,1,0,,specular_break,23.20980087354408,True,15.350486342374042
wood,1.0,0.0,0.0,8.0,0.0,True,0.0,3.0,0.0,6.0,0.0,0.0,0.0,0.0,False,True,True,False,True,True,center3d,button_lr44,,1031,True,True,0,0,,specular_break,27.286365350746173,False,18.861582628527447
wood,1.0,0.0,0.0,8.0,0.0,True,0.0,3.0,0.0,6.0,0.0,0.0,0.0,0.0,False,True,True,False,True,True,center3d,bead_6,,1032,True,True,0,0,,specular_break,16.213520414793244,True,29.4266901725658
wood,1.0,0.0,0.0,8.0,0.0,True,0.0,3.0,0.0,6.0,0.0,0.0,0.0,0.0,False,True,True,False,True,True,center3d,bead_10_dark,,1033,False,True,0,0,,specular_break,27.283943540945003,False,60.90817735516449
wood,1.0,0.0,0.0,8.0,0.0,True,0.0,3.0,0.0,6.0,0.0,0.0,0.0,0.0,False,True,True,False,True,True,center3d,magnet_disc_10x3,,1034,True,True,3,0,,specular_break,22.964187318760764,True,33.940841029390825
wood,1.0,0.0,0.0,8.0,0.0,True,0.0,3.0,0.0,6.0,0.0,0.0,0.0,0.0,False,True,True,False,True,True,center3d,magnet_ball_5,,1035,True,True,0,1,,specular_break,13.433175598109322,True,3.1423006725229907
wood,1.0,0.0,0.0,8.0,0.0,True,0.0,3.0,0.0,6.0,0.0,0.0,0.0,0.0,False,True,True,False,True,True,center3d,pill_8,,1036,True,True,1,1,1.6781688383020494,measured,10.958916196827271,False,4.977119821002743
wood,1.0,0.0,0.0,8.0,0.0,True,0.0,3.0,0.0,6.0,0.0,0.0,0.0,0.0,False,True,True,False,True,True,center3d,plastic_part_8,,1037,True,True,0,1,1.469713329588096,measured,10.615131812278692,True,4.392469689085402
wood,1.0,0.0,0.0,8.0,0.0,True,0.0,3.0,0.0,6.0,0.0,0.0,0.0,0.0,False,True,True,False,True,True,center3d,floor_colored_12,,1038,True,True,0,0,-1.3544917239312007,measured,10.830527675561328,False,12.888715045132543
wood,1.0,0.0,0.0,8.0,0.0,True,0.0,3.0,0.0,6.0,0.0,0.0,0.0,0.0,False,True,True,False,True,True,center3d,,empty,1039,False,False,0,0,,,,False,
wood,1.0,0.0,0.0,8.0,0.0,True,0.0,3.0,0.0,6.0,0.0,0.0,0.0,0.0,False,True,True,False,True,True,center3d,,stain,1040,False,False,0,0,,,,False,
wood,1.0,0.0,0.0,8.0,0.0,True,0.0,3.0,0.0,6.0,0.0,0.0,0.0,0.0,False,True,True,False,True,True,center3d,,seam,1041,False,False,0,0,,,,False,
wood,1.0,0.0,0.0,8.0,0.0,True,0.0,3.0,0.0,6.0,0.0,0.0,0.0,0.0,False,True,True,False,True,True,center3d,coin_1yen,,1042,True,True,0,0,0.12592211845916879,measured,16.60045060172078,False,17.79933961115894
wood,1.0,0.0,0.0,8.0,0.0,True,0.0,3.0,0.0,6.0,0.0,0.0,0.0,0.0,False,True,True,False,True,True,center3d,coin_10yen,,1043,True,True,0,0,0.19078293267976498,measured,18.53317747170683,False,17.868622747548287
wood,1.0,0.0,0.0,8.0,0.0,True,0.0,3.0,0.0,6.0,0.0,0.0,0.0,0.0,False,True,True,False,True,True,center3d,button_cr2032,,1044,True,True,1,0,,specular_break,24.762618546119405,True,10.595597489730158
wood,1.0,0.0,0.0,8.0,0.0,True,0.0,3.0,0.0,6.0,0.0,0.0,0.0,0.0,False,True,True,False,True,True,center3d,button_lr44,,1045,True,True,0,0,,specular_break,18.05489667796798,True,46.301989180697845
wood,1.0,0.0,0.0,8.0,0.0,True,0.0,3.0,0.0,6.0,0.0,0.0,0.0,0.0,False,True,True,False,True,True,center3d,bead_6,,1046,True,True,1,0,,specular_break,19.699329309931038,False,17.965099083904988
wood,1.0,0.0,0.0,8.0,0.0,True,0.0,3.0,0.0,6.0,0.0,0.0,0.0,0.0,False,True,True,False,True,True,center3d,bead_10_dark,,1047,True,True,2,0,2.309891931755084,measured,23.60948711024058,True,10.564337338540842
wood,1.0,0.0,0.0,8.0,0.0,True,0.0,3.0,0.0,6.0,0.0,0.0,0.0,0.0,False,True,True,False,True,True,center3d,magnet_disc_10x3,,1048,True,True,1,0,,specular_break,16.245791513341977,True,31.055261550110618
wood,1.0,0.0,0.0,8.0,0.0,True,0.0,3.0,0.0,6.0,0.0,0.0,0.0,0.0,False,True,True,False,True,True,center3d,magnet_ball_5,,1049,True,True,0,0,,specular_break,18.04883241904877,False,19.375240319831512
wood,1.0,0.0,0.0,8.0,0.0,True,0.0,3.0,0.0,6.0,0.0,0.0,0.0,0.0,False,True,True,False,True,True,center3d,pill_8,,1050,True,True,0,0,-0.1830008837149908,measured,7.782856375580875,False,5.8611791502547055
wood,1.0,0.0,0.0,8.0,0.0,True,0.0,3.0,0.0,6.0,0.0,0.0,0.0,0.0,False,True,True,False,True,True,center3d,plastic_part_8,,1051,True,True,0,0,,specular_break,22.694371168834465,True,28.83626276293055
wood,1.0,0.0,0.0,8.0,0.0,True,0.0,3.0,0.0,6.0,0.0,0.0,0.0,0.0,False,True,True,False,True,True,center3d,floor_colored_12,,1052,True,True,1,1,-1.3286555682920742,measured,11.010275606555556,False,12.939628849867914
wood,1.0,0.0,0.0,8.0,0.0,True,0.0,3.0,0.0,6.0,0.0,0.0,0.0,0.0,False,True,True,False,True,True,center3d,,empty,1053,False,False,0,0,,,,False,
wood,1.0,0.0,0.0,8.0,0.0,True,0.0,3.0,0.0,6.0,0.0,0.0,0.0,0.0,False,True,True,False,True,True,center3d,,stain,1054,False,False,0,0,,,,False,
wood,1.0,0.0,0.0,8.0,0.0,True,0.0,3.0,0.0,6.0,0.0,0.0,0.0,0.0,False,True,True,False,True,True,center3d,,seam,1055,False,False,0,0,,,,False,
wood,1.0,0.0,0.0,8.0,0.0,True,0.0,3.0,0.0,6.0,0.0,0.0,0.0,0.0,False,True,True,False,True,True,design_2x2,coin_1yen,,2000,True,True,0,0,0.036277675378023844,measured,10.562541638716734,False,4.51268164317169
wood,1.0,0.0,0.0,8.0,0.0,True,0.0,3.0,0.0,6.0,0.0,0.0,0.0,0.0,False,True,True,False,True,True,design_2x2,coin_10yen,,2001,True,True,0,0,0.0049769121991012355,measured,12.51433552738113,False,5.474921091708817
wood,1.0,0.0,0.0,8.0,0.0,True,0.0,3.0,0.0,6.0,0.0,0.0,0.0,0.0,False,True,True,False,True,True,design_2x2,button_cr2032,,2002,True,True,1,0,,specular_break,22.69566234534516,True,11.468010607522098
wood,1.0,0.0,0.0,8.0,0.0,True,0.0,3.0,0.0,6.0,0.0,0.0,0.0,0.0,False,True,True,False,True,True,design_2x2,button_lr44,,2003,True,True,0,0,,specular_break,11.581551889526391,True,6.534485599354543
wood,1.0,0.0,0.0,8.0,0.0,True,0.0,3.0,0.0,6.0,0.0,0.0,0.0,0.0,False,True,True,False,True,True,design_2x2,bead_6,,2004,True,True,0,0,1.3536885732828168,measured,9.01418023078316,True,4.6448646355443
wood,1.0,0.0,0.0,8.0,0.0,True,0.0,3.0,0.0,6.0,0.0,0.0,0.0,0.0,False,True,True,False,True,True,design_2x2,bead_10_dark,,2005,False,True,0,0,,specular_break,16.1985273447142,False,3.679479473232459
wood,1.0,0.0,0.0,8.0,0.0,True,0.0,3.0,0.0,6.0,0.0,0.0,0.0,0.0,False,True,True,False,True,True,design_2x2,magnet_disc_10x3,,2006,True,True,0,0,,specular_break,9.819223430328014,True,6.67272911520552
wood,1.0,0.0,0.0,8.0,0.0,True,0.0,3.0,0.0,6.0,0.0,0.0,0.0,0.0,False,True,True,False,True,True,design_2x2,magnet_ball_5,,2007,True,True,0,1,,specular_break,19.440057109597,True,19.51308120436634
wood,1.0,0.0,0.0,8.0,0.0,True,0.0,3.0,0.0,6.0,0.0,0.0,0.0,0.0,False,True,True,False,True,True,design_2x2,pill_8,,2008,True,True,0,0,2.2095660974608435,measured,8.247032940248701,False,5.376485755982779
wood,1.0,0.0,0.0,8.0,0.0,True,0.0,3.0,0.0,6.0,0.0,0.0,0.0,0.0,False,True,True,False,True,True,design_2x2,plastic_part_8,,2009,True,True,0,0,2.8280301227240905,measured,8.011002035013702,True,4.508719891530313
wood,1.0,0.0,0.0,8.0,0.0,True,0.0,3.0,0.0,6.0,0.0,0.0,0.0,0.0,False,True,True,False,True,True,design_2x2,floor_colored_12,,2010,False,True,0,0,2.7617593850335513,measured,11.418417477129477,False,6.676382215034301
wood,1.0,0.0,0.0,8.0,0.0,True,0.0,3.0,0.0,6.0,0.0,0.0,0.0,0.0,False,True,True,False,True,True,design_2x2,,empty,2011,False,False,0,0,,,,False,
wood,1.0,0.0,0.0,8.0,0.0,True,0.0,3.0,0.0,6.0,0.0,0.0,0.0,0.0,False,True,True,False,True,True,design_2x2,,stain,2012,False,False,0,0,,,,False,
wood,1.0,0.0,0.0,8.0,0.0,True,0.0,3.0,0.0,6.0,0.0,0.0,0.0,0.0,False,True,True,False,True,True,design_2x2,,seam,2013,False,False,0,0,,,,False,
wood,1.0,0.0,0.0,8.0,0.0,True,0.0,3.0,0.0,6.0,0.0,0.0,0.0,0.0,False,True,True,False,True,True,design_2x2,coin_1yen,,2014,True,True,0,0,1.4577241519805852,measured,10.996421277279337,False,7.362666216537448
wood,1.0,0.0,0.0,8.0,0.0,True,0.0,3.0,0.0,6.0,0.0,0.0,0.0,0.0,False,True,True,False,True,True,design_2x2,coin_10yen,,2015,True,True,0,0,0.983111307290983,measured,12.907321119783195,False,7.297401999361838
wood,1.0,0.0,0.0,8.0,0.0,True,0.0,3.0,0.0,6.0,0.0,0.0,0.0,0.0,False,True,True,False,True,True,design_2x2,button_cr2032,,2016,True,True,5,0,,specular_break,18.81112024998098,True,11.462793449081103
wood,1.0,0.0,0.0,8.0,0.0,True,0.0,3.0,0.0,6.0,0.0,0.0,0.0,0.0,False,True,True,False,True,True,design_2x2,button_lr44,,2017,True,True,0,0,,specular_break,23.663723838434628,True,9.66623371036772
wood,1.0,0.0,0.0,8.0,0.0,True,0.0,3.0,0.0,6.0,0.0,0.0,0.0,0.0,False,True,True,False,True,True,design_2x2,bead_6,,2018,True,True,0,0,1.8678494125360743,measured,7.9008494123108095,True,4.0179247977486146
wood,1.0,0.0,0.0,8.0,0.0,True,0.0,3.0,0.0,6.0,0.0,0.0,0.0,0.0,False,True,True,False,True,True,design_2x2,bead_10_dark,,2019,True,True,0,0,,specular_break,20.78761151689526,False,5.081730683999226
wood,1.0,0.0,0.0,8.0,0.0,True,0.0,3.0,0.0,6.0,0.0,0.0,0.0,0.0,False,True,True,False,True,True,design_2x2,magnet_disc_10x3,,2020,False,True,0,1,,specular_break,9.866994400091926,True,5.6608254424924525
wood,1.0,0.0,0.0,8.0,0.0,True,0.0,3.0,0.0,6.0,0.0,0.0,0.0,0.0,False,True,True,False,True,True,design_2x2,magnet_ball_5,,2021,True,True,0,0,,specular_break,6.452748168226078,True,3.6915369219041234
wood,1.0,0.0,0.0,8.0,0.0,True,0.0,3.0,0.0,6.0,0.0,0.0,0.0,0.0,False,True,True,False,True,True,design_2x2,pill_8,,2022,True,True,0,0,2.3536971422400796,measured,8.276424928969615,False,4.659850264370834
wood,1.0,0.0,0.0,8.0,0.0,True,0.0,3.0,0.0,6.0,0.0,0.0,0.0,0.0,False,True,True,False,True,True,design_2x2,plastic_part_8,,2023,True,True,0,0,2.888671557180725,measured,7.902367146728904,True,4.495351806357655
wood,1.0,0.0,0.0,8.0,0.0,True,0.0,3.0,0.0,6.0,0.0,0.0,0.0,0.0,False,True,True,False,True,True,design_2x2,floor_colored_12,,2024,False,True,0,0,1.961411491200499,measured,11.565304805194513,False,7.282641935928806
wood,1.0,0.0,0.0,8.0,0.0,True,0.0,3.0,0.0,6.0,0.0,0.0,0.0,0.0,False,True,True,False,True,True,design_2x2,,empty,2025,False,False,0,0,,,,False,
wood,1.0,0.0,0.0,8.0,0.0,True,0.0,3.0,0.0,6.0,0.0,0.0,0.0,0.0,False,True,True,False,True,True,design_2x2,,stain,2026,False,False,0,0,,,,False,
wood,1.0,0.0,0.0,8.0,0.0,True,0.0,3.0,0.0,6.0,0.0,0.0,0.0,0.0,False,True,True,False,True,True,design_2x2,,seam,2027,False,False,0,0,,,,False,
wood,1.0,0.0,0.0,8.0,0.0,True,0.0,3.0,0.0,6.0,0.0,0.0,0.0,0.0,False,True,True,False,True,True,design_2x2,coin_1yen,,2028,True,True,0,0,1.4528272760096872,measured,18.137147298692273,False,10.679646465478402
wood,1.0,0.0,0.0,8.0,0.0,True,0.0,3.0,0.0,6.0,0.0,0.0,0.0,0.0,False,True,True,False,True,True,design_2x2,coin_10yen,,2029,True,True,0,0,-0.1311224679553007,measured,19.63477121388566,False,19.370443913436603
wood,1.0,0.0,0.0,8.0,0.0,True,0.0,3.0,0.0,6.0,0.0,0.0,0.0,0.0,False,True,True,False,True,True,design_2x2,button_cr2032,,2030,True,True,0,0,,specular_break,18.302989372770433,True,10.874570491205246
wood,1.0,0.0,0.0,8.0,0.0,True,0.0,3.0,0.0,6.0,0.0,0.0,0.0,0.0,False,True,True,False,True,True,design_2x2,button_lr44,,2031,True,True,0,0,,specular_break,11.422658603493659,True,6.386967299540332
wood,1.0,0.0,0.0,8.0,0.0,True,0.0,3.0,0.0,6.0,0.0,0.0,0.0,0.0,False,True,True,False,True,True,design_2x2,bead_6,,2032,True,True,0,0,,specular_break,20.15755072357805,False,18.813889769564387
wood,1.0,0.0,0.0,8.0,0.0,True,0.0,3.0,0.0,6.0,0.0,0.0,0.0,0.0,False,True,True,False,True,True,design_2x2,bead_10_dark,,2033,True,True,0,0,3.2165121911706933,measured,12.742243078929889,True,4.941125567040166
wood,1.0,0.0,0.0,8.0,0.0,True,0.0,3.0,0.0,6.0,0.0,0.0,0.0,0.0,False,True,True,False,True,True,design_2x2,magnet_disc_10x3,,2034,True,True,2,0,,specular_break,9.70654523255792,True,5.475240585913892
wood,1.0,0.0,0.0,8.0,0.0,True,0.0,3.0,0.0,6.0,0.0,0.0,0.0,0.0,False,True,True,False,True,True,design_2x2,magnet_ball_5,,2035,True,True,0,0,1.0694639128506598,measured,6.577273160343926,True,3.1303317933025316
wood,1.0,0.0,0.0,8.0,0.0,True,0.0,3.0,0.0,6.0,0.0,0.0,0.0,0.0,False,True,True,False,True,True,design_2x2,pill_8,,2036,True,True,0,0,-0.06384712876033305,measured,7.148899205834389,False,5.105386795592259
wood,1.0,0.0,0.0,8.0,0.0,True,0.0,3.0,0.0,6.0,0.0,0.0,0.0,0.0,False,True,True,False,True,True,design_2x2,plastic_part_8,,2037,True,True,0,1,2.62873359323382,measured,8.579097728214158,True,5.1661784562008375
wood,1.0,0.0,0.0,8.0,0.0,True,0.0,3.0,0.0,6.0,0.0,0.0,0.0,0.0,False,True,True,False,True,True,design_2x2,floor_colored_12,,2038,True,True,0,0,0.19386027560205932,measured,2.4483109026986227,False,1.906085813911407
wood,1.0,0.0,0.0,8.0,0.0,True,0.0,3.0,0.0,6.0,0.0,0.0,0.0,0.0,False,True,True,False,True,True,design_2x2,,empty,2039,False,False,0,0,,,,False,
wood,1.0,0.0,0.0,8.0,0.0,True,0.0,3.0,0.0,6.0,0.0,0.0,0.0,0.0,False,True,True,False,True,True,design_2x2,,stain,2040,False,False,0,0,,,,False,
wood,1.0,0.0,0.0,8.0,0.0,True,0.0,3.0,0.0,6.0,0.0,0.0,0.0,0.0,False,True,True,False,True,True,design_2x2,,seam,2041,False,False,0,0,,,,False,
wood,1.0,0.0,0.0,8.0,0.0,True,0.0,3.0,0.0,6.0,0.0,0.0,0.0,0.0,False,True,True,False,True,True,design_2x2,coin_1yen,,2042,True,True,0,0,1.4361199465844976,measured,18.320028599477695,False,11.085560276801568
wood,1.0,0.0,0.0,8.0,0.0,True,0.0,3.0,0.0,6.0,0.0,0.0,0.0,0.0,False,True,True,False,True,True,design_2x2,coin_10yen,,2043,True,True,0,0,1.1924225423977912,measured,12.992763772800192,False,9.908539035163018
wood,1.0,0.0,0.0,8.0,0.0,True,0.0,3.0,0.0,6.0,0.0,0.0,0.0,0.0,False,True,True,False,True,True,design_2x2,button_cr2032,,2044,True,True,0,0,,specular_break,19.215968270824433,False,11.094932520404129
wood,1.0,0.0,0.0,8.0,0.0,True,0.0,3.0,0.0,6.0,0.0,0.0,0.0,0.0,False,True,True,False,True,True,design_2x2,button_lr44,,2045,True,True,0,0,,specular_break,22.80861633119372,True,12.21245521776155
wood,1.0,0.0,0.0,8.0,0.0,True,0.0,3.0,0.0,6.0,0.0,0.0,0.0,0.0,False,True,True,False,True,True,design_2x2,bead_6,,2046,True,True,0,0,1.947343968310264,measured,7.794273648924873,True,3.640550333740427
wood,1.0,0.0,0.0,8.0,0.0,True,0.0,3.0,0.0,6.0,0.0,0.0,0.0,0.0,False,True,True,False,True,True,design_2x2,bead_10_dark,,2047,True,True,1,0,0.8659754592349973,measured,17.876016691194256,False,3.7157220380962306
wood,1.0,0.0,0.0,8.0,0.0,True,0.0,3.0,0.0,6.0,0.0,0.0,0.0,0.0,False,True,True,False,True,True,design_2x2,magnet_disc_10x3,,2048,False,True,0,0,,specular_break,16.196816066122018,False,6.470999731309892
wood,1.0,0.0,0.0,8.0,0.0,True,0.0,3.0,0.0,6.0,0.0,0.0,0.0,0.0,False,True,True,False,True,True,design_2x2,magnet_ball_5,,2049,True,True,0,0,,specular_break,6.691850435917625,True,3.504837208405549
wood,1.0,0.0,0.0,8.0,0.0,True,0.0,3.0,0.0,6.0,0.0,0.0,0.0,0.0,False,True,True,False,True,True,design_2x2,pill_8,,2050,True,True,0,0,2.0003138102430906,measured,7.655489662135195,False,5.076302684180007
wood,1.0,0.0,0.0,8.0,0.0,True,0.0,3.0,0.0,6.0,0.0,0.0,0.0,0.0,False,True,True,False,True,True,design_2x2,plastic_part_8,,2051,True,True,0,1,,specular_break,18.845633758886247,False,10.786661086120931
wood,1.0,0.0,0.0,8.0,0.0,True,0.0,3.0,0.0,6.0,0.0,0.0,0.0,0.0,False,True,True,False,True,True,design_2x2,floor_colored_12,,2052,True,True,0,0,2.797265882514438,measured,11.539218503456905,False,6.718557076510309
wood,1.0,0.0,0.0,8.0,0.0,True,0.0,3.0,0.0,6.0,0.0,0.0,0.0,0.0,False,True,True,False,True,True,design_2x2,,empty,2053,False,False,0,0,,,,False,
wood,1.0,0.0,0.0,8.0,0.0,True,0.0,3.0,0.0,6.0,0.0,0.0,0.0,0.0,False,True,True,False,True,True,design_2x2,,stain,2054,False,False,0,0,,,,False,
wood,1.0,0.0,0.0,8.0,0.0,True,0.0,3.0,0.0,6.0,0.0,0.0,0.0,0.0,False,True,True,False,True,True,design_2x2,,seam,2055,False,False,0,0,,,,False,
