c_floor,c_texture_contrast,c_floor_height_sigma_mm,c_blur_sigma_px,c_ambient_lux,c_ambient_drift,c_auto_exposure,c_shot_noise_k,c_line_width_mm,c_line_scatter_mm,c_raking_led_height_mm,c_cam_height_err_mm,c_cam_pitch_err_deg,c_fov_err_deg,c_aim_err_mm,c_clutter,c_sides,c_pose_from_line,c_reaim,c_physical_falloff,c_flat_field,target,negative,seed,patrol,inspect,fa_patrol,fa_inspect,height_est,height_reason,diameter_est,critical_flag,loc_err_mm
wood,1.0,0.0,0.0,8.0,0.0,True,0.0,3.0,0.0,6.0,0.0,0.0,0.0,0.0,False,True,True,False,True,True,coin_1yen,,0,True,True,0,0,1.439355623894535,measured,18.17738858507603,False,10.776239360056383
wood,1.0,0.0,0.0,8.0,0.0,True,0.0,3.0,0.0,6.0,0.0,0.0,0.0,0.0,False,True,True,False,True,True,coin_10yen,,1,True,True,0,0,0.7134602245363588,measured,17.09016405458335,False,17.53761616586145
wood,1.0,0.0,0.0,8.0,0.0,True,0.0,3.0,0.0,6.0,0.0,0.0,0.0,0.0,False,True,True,False,True,True,button_cr2032,,2,True,True,0,0,,specular_break,18.027219087501468,True,10.585604753615938
wood,1.0,0.0,0.0,8.0,0.0,True,0.0,3.0,0.0,6.0,0.0,0.0,0.0,0.0,False,True,True,False,True,True,button_lr44,,3,True,True,0,0,,specular_break,16.95000765202962,False,6.116017407450703
wood,1.0,0.0,0.0,8.0,0.0,True,0.0,3.0,0.0,6.0,0.0,0.0,0.0,0.0,False,True,True,False,True,True,bead_6,,4,True,True,0,0,1.8888704320011716,measured,7.7421619599252045,True,4.136850548607073
wood,1.0,0.0,0.0,8.0,0.0,True,0.0,3.0,0.0,6.0,0.0,0.0,0.0,0.0,False,True,True,False,True,True,bead_10_dark,,5,False,True,0,0,2.88776935906332,measured,9.976787461200944,True,5.019144022878065
wood,1.0,0.0,0.0,8.0,0.0,True,0.0,3.0,0.0,6.0,0.0,0.0,0.0,0.0,False,True,True,False,True,True,magnet_disc_10x3,,6,True,True,0,0,,specular_break,9.312030314189478,True,6.001009797406367
wood,1.0,0.0,0.0,8.0,0.0,True,0.0,3.0,0.0,6.0,0.0,0.0,0.0,0.0,False,True,True,False,True,True,magnet_ball_5,,7,True,True,0,0,,specular_break,6.620174989448258,True,3.4954219588569018
wood,1.0,0.0,0.0,8.0,0.0,True,0.0,3.0,0.0,6.0,0.0,0.0,0.0,0.0,False,True,True,False,True,True,pill_8,,8,True,True,0,0,2.3638205682228133,measured,7.880150298849178,False,4.56820503606858
wood,1.0,0.0,0.0,8.0,0.0,True,0.0,3.0,0.0,6.0,0.0,0.0,0.0,0.0,False,True,True,False,True,True,plastic_part_8,,9,True,True,0,0,2.3238605012925753,measured,7.164966591410077,False,4.723445920394866
wood,1.0,0.0,0.0,8.0,0.0,True,0.0,3.0,0.0,6.0,0.0,0.0,0.0,0.0,False,True,True,False,True,True,floor_colored_12,,10,True,True,0,0,2.2168996454276666,measured,10.740140630428355,False,7.195982743015217
wood,1.0,0.0,0.0,8.0,0.0,True,0.0,3.0,0.0,6.0,0.0,0.0,0.0,0.0,False,True,True,False,True,True,,empty,11,False,False,0,0,,,,False,
wood,1.0,0.0,0.0,8.0,0.0,True,0.0,3.0,0.0,6.0,0.0,0.0,0.0,0.0,False,True,True,False,True,True,,stain,12,False,False,0,0,,,,False,
wood,1.0,0.0,0.0,8.0,0.0,True,0.0,3.0,0.0,6.0,0.0,0.0,0.0,0.0,False,True,True,False,True,True,,seam,13,False,False,0,0,,,,False,
wood,1.0,0.0,0.0,8.0,0.0,True,0.0,3.0,0.0,6.0,0.0,0.0,0.0,0.0,False,True,True,False,True,True,coin_1yen,,14,True,True,0,0,1.4259807542345975,measured,18.135059957889382,False,11.180601700693694
wood,1.0,0.0,0.0,8.0,0.0,True,0.0,3.0,0.0,6.0,0.0,0.0,0.0,0.0,False,True,True,False,True,True,coin_10yen,,15,True,True,1,1,1.2756424847347905,measured,17.20757021764653,False,19.050709880003144
wood,1.0,0.0,0.0,8.0,0.0,True,0.0,3.0,0.0,6.0,0.0,0.0,0.0,0.0,False,True,True,False,True,True,button_cr2032,,16,True,True,0,0,,specular_break,18.259685775564556,True,10.714560980305599
wood,1.0,0.0,0.0,8.0,0.0,True,0.0,3.0,0.0,6.0,0.0,0.0,0.0,0.0,False,True,True,False,True,True,button_lr44,,17,True,True,0,0,,specular_break,11.571810048388206,True,6.789710812862607
wood,1.0,0.0,0.0,8.0,0.0,True,0.0,3.0,0.0,6.0,0.0,0.0,0.0,0.0,False,True,True,False,True,True,bead_6,,18,True,True,0,0,1.8689484934016534,measured,7.915772620692856,True,3.84158133014554
wood,1.0,0.0,0.0,8.0,0.0,True,0.0,3.0,0.0,6.0,0.0,0.0,0.0,0.0,False,True,True,False,True,True,bead_10_dark,,19,True,True,1,0,2.782569849047304,measured,12.425352540245374,True,5.10923564049325
wood,1.0,0.0,0.0,8.0,0.0,True,0.0,3.0,0.0,6.0,0.0,0.0,0.0,0.0,False,True,True,False,True,True,magnet_disc_10x3,,20,True,True,0,0,,specular_break,9.427483540972881,True,5.627829298407313
wood,1.0,0.0,0.0,8.0,0.0,True,0.0,3.0,0.0,6.0,0.0,0.0,0.0,0.0,False,True,True,False,True,True,magnet_ball_5,,21,True,True,0,0,,specular_break,6.39242943525792,True,3.4709467722959904
wood,1.0,0.0,0.0,8.0,0.0,True,0.0,3.0,0.0,6.0,0.0,0.0,0.0,0.0,False,True,True,False,True,True,pill_8,,22,True,True,0,0,2.31018221514892,measured,7.8165392068634905,False,4.6411680780896765
wood,1.0,0.0,0.0,8.0,0.0,True,0.0,3.0,0.0,6.0,0.0,0.0,0.0,0.0,False,True,True,False,True,True,plastic_part_8,,23,True,True,0,0,0.4778451917571118,measured,7.0386912273728806,False,4.584202326087036
wood,1.0,0.0,0.0,8.0,0.0,True,0.0,3.0,0.0,6.0,0.0,0.0,0.0,0.0,False,True,True,False,True,True,floor_colored_12,,24,True,True,0,0,0.4118916757466664,measured,11.296361148989273,False,6.346211957127063
wood,1.0,0.0,0.0,8.0,0.0,True,0.0,3.0,0.0,6.0,0.0,0.0,0.0,0.0,False,True,True,False,True,True,,empty,25,False,False,0,0,,,,False,
wood,1.0,0.0,0.0,8.0,0.0,True,0.0,3.0,0.0,6.0,0.0,0.0,0.0,0.0,False,True,True,False,True,True,,stain,26,False,False,0,0,,,,False,
wood,1.0,0.0,0.0,8.0,0.0,True,0.0,3.0,0.0,6.0,0.0,0.0,0.0,0.0,False,True,True,False,True,True,,seam,27,False,False,1,1,,,,False,
wood,1.0,0.0,0.0,8.0,0.0,True,0.0,3.0,0.0,6.0,0.0,0.0,0.0,0.0,False,True,True,False,True,True,coin_1yen,,28,True,True,0,0,1.4464728995770404,measured,18.37815809666625,False,10.853737097383336
wood,1.0,0.0,0.0,8.0,0.0,True,0.0,3.0,0.0,6.0,0.0,0.0,0.0,0.0,False,True,True,False,True,True,coin_10yen,,29,True,True,0,0,0.7789918712657595,measured,17.233852046940086,False,12.995620977531706
wood,1.0,0.0,0.0,8.0,0.0,True,0.0,3.0,0.0,6.0,0.0,0.0,0.0,0.0,False,True,True,False,True,True,button_cr2032,,30,True,True,0,0,,specular_break,18.04779383551206,True,10.502557021843744
wood,1.0,0.0,0.0,8.0,0.0,True,0.0,3.0,0.0,6.0,0.0,0.0,0.0,0.0,False,True,True,False,True,True,button_lr44,,31,False,True,0,0,,specular_break,11.378776818933215,True,7.228358059887963
wood,1.0,0.0,0.0,8.0,0.0,True,0.0,3.0,0.0,6.0,0.0,0.0,0.0,0.0,False,True,True,False,True,True,bead_6,,32,True,True,0,0,,specular_break,15.292311505977928,False,3.6174748856391648
wood,1.0,0.0,0.0,8.0,0.0,True,0.0,3.0,0.0,6.0,0.0,0.0,0.0,0.0,False,True,True,False,True,True,bead_10_dark,,33,True,True,2,0,2.4371044862694475,measured,12.250483267505961,True,4.907102697069803
wood,1.0,0.0,0.0,8.0,0.0,True,0.0,3.0,0.0,6.0,0.0,0.0,0.0,0.0,False,True,True,False,True,True,magnet_disc_10x3,,34,True,True,0,0,,specular_break,9.502861123664058,True,5.240549039592369
wood,1.0,0.0,0.0,8.0,0.0,True,0.0,3.0,0.0,6.0,0.0,0.0,0.0,0.0,False,True,True,False,True,True,magnet_ball_5,,35,True,True,0,0,,specular_break,6.462095206811713,True,2.789886188144829
wood,1.0,0.0,0.0,8.0,0.0,True,0.0,3.0,0.0,6.0,0.0,0.0,0.0,0.0,False,True,True,False,True,True,pill_8,,36,True,True,0,0,2.404141275350762,measured,7.858709280561654,False,4.512064530981865
wood,1.0,0.0,0.0,8.0,0.0,True,0.0,3.0,0.0,6.0,0.0,0.0,0.0,0.0,False,True,True,False,True,True,plastic_part_8,,37,True,True,0,0,1.5774997785031655,measured,9.833395554172066,True,4.701732918403285
wood,1.0,0.0,0.0,8.0,0.0,True,0.0,3.0,0.0,6.0,0.0,0.0,0.0,0.0,False,True,True,False,True,True,floor_colored_12,,38,True,True,0,0,2.776868933865975,measured,11.274027785241291,False,6.837661901792449
wood,1.0,0.0,0.0,8.0,0.0,True,0.0,3.0,0.0,6.0,0.0,0.0,0.0,0.0,False,True,True,False,True,True,,empty,39,False,False,0,0,,,,False,
wood,1.0,0.0,0.0,8.0,0.0,True,0.0,3.0,0.0,6.0,0.0,0.0,0.0,0.0,False,True,True,False,True,True,,stain,40,False,False,0,0,,,,False,
wood,1.0,0.0,0.0,8.0,0.0,True,0.0,3.0,0.0,6.0,0.0,0.0,0.0,0.0,False,True,True,False,True,True,,seam,41,False,False,4,4,,,,False,
wood,1.0,0.0,0.0,8.0,0.0,True,0.0,3.0,0.0,3.0,0.0,0.0,0.0,0.0,False,True,True,False,True,True,coin_1yen,,1000,True,True,0,0,1.1121732285625416,measured,18.02629442503626,False,10.807042375539375
wood,1.0,0.0,0.0,8.0,0.0,True,0.0,3.0,0.0,3.0,0.0,0.0,0.0,0.0,False,True,True,False,True,True,coin_10yen,,1001,True,True,0,0,-0.7204147520454445,measured,16.269504345279927,False,29.849329289858215
wood,1.0,0.0,0.0,8.0,0.0,True,0.0,3.0,0.0,3.0,0.0,0.0,0.0,0.0,False,True,True,False,True,True,button_cr2032,,1002,True,True,0,0,,specular_break,18.200568420004863,True,10.613450231101218
wood,1.0,0.0,0.0,8.0,0.0,True,0.0,3.0,0.0,3.0,0.0,0.0,0.0,0.0,False,True,True,False,True,True,button_lr44,,1003,True,True,0,0,,specular_break,15.944849241873971,True,6.163513322717462
wood,1.0,0.0,0.0,8.0,0.0,True,0.0,3.0,0.0,3.0,0.0,0.0,0.0,0.0,False,True,True,False,True,True,bead_6,,1004,True,True,1,0,,specular_break,16.694013033877706,False,3.2985119590920045
wood,1.0,0.0,0.0,8.0,0.0,True,0.0,3.0,0.0,3.0,0.0,0.0,0.0,0.0,False,True,True,False,True,True,bead_10_dark,,1005,True,True,0,0,2.6442828393305895,measured,12.652415043907059,True,5.238714991079313
wood,1.0,0.0,0.0,8.0,0.0,True,0.0,3.0,0.0,3.0,0.0,0.0,0.0,0.0,False,True,True,False,True,True,magnet_disc_10x3,,1006,True,True,0,0,,specular_break,9.523761995812398,True,5.583112351297686
wood,1.0,0.0,0.0,8.0,0.0,True,0.0,3.0,0.0,3.0,0.0,0.0,0.0,0.0,False,True,True,False,True,True,magnet_ball_5,,1007,True,True,0,0,,specular_break,6.70348661118729,True,2.866596249459397
wood,1.0,0.0,0.0,8.0,0.0,True,0.0,3.0,0.0,3.0,0.0,0.0,0.0,0.0,False,True,True,False,True,True,pill_8,,1008,True,True,0,0,2.3727286890082784,measured,7.789363516406898,False,4.555815267947806
wood,1.0,0.0,0.0,8.0,0.0,True,0.0,3.0,0.0,3.0,0.0,0.0,0.0,0.0,False,True,True,False,True,True,plastic_part_8,,1009,True,True,0,0,0.4784782133160803,measured,7.863209326765298,False,3.431792670454764
wood,1.0,0.0,0.0,8.0,0.0,True,0.0,3.0,0.0,3.0,0.0,0.0,0.0,0.0,False,True,True,False,True,True,floor_colored_12,,1010,True,True,0,0,0.5127781652401904,measured,11.133721491540745,False,6.179450002589095
wood,1.0,0.0,0.0,8.0,0.0,True,0.0,3.0,0.0,3.0,0.0,0.0,0.0,0.0,False,True,True,False,True,True,,empty,1011,False,False,0,0,,,,False,
wood,1.0,0.0,0.0,8.0,0.0,True,0.0,3.0,0.0,3.0,0.0,0.0,0.0,0.0,False,True,True,False,True,True,,stain,1012,False,False,0,0,,,,False,
wood,1.0,0.0,0.0,8.0,0.0,True,0.0,3.0,0.0,3.0,0.0,0.0,0.0,0.0,False,True,True,False,True,True,,seam,1013,False,False,0,0,,,,False,
wood,1.0,0.0,0.0,8.0,0.0,True,0.0,3.0,0.0,3.0,0.0,0.0,0.0,0.0,False,True,True,False,True,True,coin_1yen,,1014,True,True,1,0,1.1934149789393498,measured,17.966844648120958,False,10.778307696329334
wood,1.0,0.0,0.0,8.0,0.0,True,0.0,3.0,0.0,3.0,0.0,0.0,0.0,0.0,False,True,True,False,True,True,coin_10yen,,1015,True,True,0,0,-0.7211758366323586,measured,16.271702800022137,False,27.369794090919125
wood,1.0,0.0,0.0,8.0,0.0,True,0.0,3.0,0.0,3.0,0.0,0.0,0.0,0.0,False,True,True,False,True,True,button_cr2032,,1016,True,True,0,0,,specular_break,18.00060188515308,True,10.33736315476975
wood,1.0,0.0,0.0,8.0,0.0,True,0.0,3.0,0.0,3.0,0.0,0.0,0.0,0.0,False,True,True,False,True,True,button_lr44,,1017,False,True,0,0,,specular_break,11.481325553246874,True,6.988597687759836
wood,1.0,0.0,0.0,8.0,0.0,True,0.0,3.0,0.0,3.0,0.0,0.0,0.0,0.0,False,True,True,False,True,True,bead_6,,1018,True,True,0,0,1.8636517766702365,measured,7.810773719379251,True,3.9763199772798807
wood,1.0,0.0,0.0,8.0,0.0,True,0.0,3.0,0.0,3.0,0.0,0.0,0.0,0.0,False,True,True,False,True,True,bead_10_dark,,1019,True,True,0,0,2.854659527134597,measured,12.520577626176738,True,5.222223503271124
wood,1.0,0.0,0.0,8.0,0.0,True,0.0,3.0,0.0,3.0,0.0,0.0,0.0,0.0,False,True,True,False,True,True,magnet_disc_10x3,,1020,True,True,0,0,,specular_break,10.052531434478487,True,5.728366177323828
wood,1.0,0.0,0.0,8.0,0.0,True,0.0,3.0,0.0,3.0,0.0,0.0,0.0,0.0,False,True,True,False,True,True,magnet_ball_5,,1021,True,True,0,0,,specular_break,6.45919176715844,True,2.959213834311357
wood,1.0,0.0,0.0,8.0,0.0,True,0.0,3.0,0.0,3.0,0.0,0.0,0.0,0.0,False,True,True,False,True,True,pill_8,,1022,True,True,1,0,,specular_break,16.090353276732095,False,4.191393028208693
wood,1.0,0.0,0.0,8.0,0.0,True,0.0,3.0,0.0,3.0,0.0,0.0,0.0,0.0,False,True,True,False,True,True,plastic_part_8,,1023,True,True,1,0,,specular_break,13.150406274739161,True,4.301707444949522
wood,1.0,0.0,0.0,8.0,0.0,True,0.0,3.0,0.0,3.0,0.0,0.0,0.0,0.0,False,True,True,False,True,True,floor_colored_12,,1024,True,True,0,0,0.3493876183558662,measured,11.216121501959886,False,6.53992039604502
wood,1.0,0.0,0.0,8.0,0.0,True,0.0,3.0,0.0,3.0,0.0,0.0,0.0,0.0,False,True,True,False,True,True,,empty,1025,False,False,0,0,,,,False,
wood,1.0,0.0,0.0,8.0,0.0,True,0.0,3.0,0.0,3.0,0.0,0.0,0.0,0.0,False,True,True,False,True,True,,stain,1026,False,False,0,0,,,,False,
wood,1.0,0.0,0.0,8.0,0.0,True,0.0,3.0,0.0,3.0,0.0,0.0,0.0,0.0,False,True,True,False,True,True,,seam,1027,False,False,0,0,,,,False,
wood,1.0,0.0,0.0,8.0,0.0,True,0.0,3.0,0.0,3.0,0.0,0.0,0.0,0.0,False,True,True,False,True,True,coin_1yen,,1028,True,True,0,0,1.459967536719569,measured,18.348038759894084,False,10.844544768512865
wood,1.0,0.0,0.0,8.0,0.0,True,0.0,3.0,0.0,3.0,0.0,0.0,0.0,0.0,False,True,True,False,True,True,coin_10yen,,1029,True,True,0,0,-0.7007580574931733,measured,16.28317631208232,False,31.917564233842192
wood,1.0,0.0,0.0,8.0,0.0,True,0.0,3.0,0.0,3.0,0.0,0.0,0.0,0.0,False,True,True,False,True,True,button_cr2032,,1030,True,True,0,0,,specular_break,18.040741161094118,True,10.572058759343061
wood,1.0,0.0,0.0,8.0,0.0,True,0.0,3.0,0.0,3.0,0.0,0.0,0.0,0.0,False,True,True,False,True,True,button_lr44,,1031,True,True,0,0,,specular_break,11.302722666671617,True,6.911686360123639
wood,1.0,0.0,0.0,8.0,0.0,True,0.0,3.0,0.0,3.0,0.0,0.0,0.0,0.0,False,True,True,False,True,True,bead_6,,1032,True,True,0,0,1.8268330611828265,measured,7.827193259104414,True,4.1864059611028885
wood,1.0,0.0,0.0,8.0,0.0,True,0.0,3.0,0.0,3.0,0.0,0.0,0.0,0.0,False,True,True,False,True,True,bead_10_dark,,1033,False,True,0,0,3.1647005972577897,measured,10.159165677565134,True,4.238642997129676
wood,1.0,0.0,0.0,8.0,0.0,True,0.0,3.0,0.0,3.0,0.0,0.0,0.0,0.0,False,True,True,False,True,True,magnet_disc_10x3,,1034,True,True,0,0,,specular_break,9.402154925917111,True,6.304405568853291
wood,1.0,0.0,0.0,8.0,0.0,True,0.0,3.0,0.0,3.0,0.0,0.0,0.0,0.0,False,True,True,False,True,True,magnet_ball_5,,1035,True,True,0,0,,specular_break,6.507748328528518,True,2.8606476250039576
wood,1.0,0.0,0.0,8.0,0.0,True,0.0,3.0,0.0,3.0,0.0,0.0,0.0,0.0,False,True,True,False,True,True,pill_8,,1036,True,True,0,0,2.3075110135389156,measured,7.939622958925872,False,4.724814445627694
wood,1.0,0.0,0.0,8.0,0.0,True,0.0,3.0,0.0,3.0,0.0,0.0,0.0,0.0,False,True,True,False,True,True,plastic_part_8,,1037,True,True,0,0,0.41335537927990273,measured,7.673944070121391,False,4.11898544814449
wood,1.0,0.0,0.0,8.0,0.0,True,0.0,3.0,0.0,3.0,0.0,0.0,0.0,0.0,False,True,True,False,True,True,floor_colored_12,,1038,True,True,0,0,0.7280582480014228,measured,11.258305916783419,False,6.449231861282872
wood,1.0,0.0,0.0,8.0,0.0,True,0.0,3.0,0.0,3.0,0.0,0.0,0.0,0.0,False,True,True,False,True,True,,empty,1039,False,False,0,0,,,,False,
wood,1.0,0.0,0.0,8.0,0.0,True,0.0,3.0,0.0,3.0,0.0,0.0,0.0,0.0,False,True,True,False,True,True,,stain,1040,False,False,0,0,,,,False,
wood,1.0,0.0,0.0,8.0,0.0,True,0.0,3.0,0.0,3.0,0.0,0.0,0.0,0.0,False,True,True,False,True,True,,seam,1041,False,False,1,1,,,,False,
wood,1.0,0.0,0.0,8.0,0.0,True,0.0,3.0,0.0,2.0,0.0,0.0,0.0,0.0,False,True,True,False,True,True,coin_1yen,,2000,True,True,0,0,1.148684077523603,measured,17.955491299789916,False,10.80521434451647
wood,1.0,0.0,0.0,8.0,0.0,True,0.0,3.0,0.0,2.0,0.0,0.0,0.0,0.0,False,True,True,False,True,True,coin_10yen,,2001,True,True,0,0,-0.7226241953543884,measured,16.34520242120966,False,28.13514163977254
wood,1.0,0.0,0.0,8.0,0.0,True,0.0,3.0,0.0,2.0,0.0,0.0,0.0,0.0,False,True,True,False,True,True,button_cr2032,,2002,True,True,0,0,,specular_break,19.81972676030797,True,10.906124089114963
wood,1.0,0.0,0.0,8.0,0.0,True,0.0,3.0,0.0,2.0,0.0,0.0,0.0,0.0,False,True,True,False,True,True,button_lr44,,2003,True,True,0,0,,specular_break,11.253772119068094,True,6.533800482874555
wood,1.0,0.0,0.0,8.0,0.0,True,0.0,3.0,0.0,2.0,0.0,0.0,0.0,0.0,False,True,True,False,True,True,bead_6,,2004,True,True,0,0,1.0065473742523299,measured,9.86153367957244,True,4.181583826151217
wood,1.0,0.0,0.0,8.0,0.0,True,0.0,3.0,0.0,2.0,0.0,0.0,0.0,0.0,False,True,True,False,True,True,bead_10_dark,,2005,False,True,0,0,3.0233981414613975,measured,10.152887644353958,True,4.9100588793065025
wood,1.0,0.0,0.0,8.0,0.0,True,0.0,3.0,0.0,2.0,0.0,0.0,0.0,0.0,False,True,True,False,True,True,magnet_disc_10x3,,2006,True,True,0,0,,specular_break,9.126872343163383,True,6.22227407649221
wood,1.0,0.0,0.0,8.0,0.0,True,0.0,3.0,0.0,2.0,0.0,0.0,0.0,0.0,False,True,True,False,True,True,magnet_ball_5,,2007,True,True,0,0,,specular_break,6.483354549207326,True,3.3573757265111737
wood,1.0,0.0,0.0,8.0,0.0,True,0.0,3.0,0.0,2.0,0.0,0.0,0.0,0.0,False,True,True,False,True,True,pill_8,,2008,True,True,0,0,2.2117071552479057,measured,7.947140833330567,False,5.376485755982779
wood,1.0,0.0,0.0,8.0,0.0,True,0.0,3.0,0.0,2.0,0.0,0.0,0.0,0.0,False,True,True,False,True,True,plastic_part_8,,2009,True,True,0,0,0.4651947717368756,measured,7.873630025332235,False,3.785007006111618
wood,1.0,0.0,0.0,8.0,0.0,True,0.0,3.0,0.0,2.0,0.0,0.0,0.0,0.0,False,True,True,False,True,True,floor_colored_12,,2010,True,True,0,0,0.3576832420511096,measured,11.136838226713326,False,6.44083655192694
wood,1.0,0.0,0.0,8.0,0.0,True,0.0,3.0,0.0,2.0,0.0,0.0,0.0,0.0,False,True,True,False,True,True,,empty,2011,False,False,0,0,,,,False,
wood,1.0,0.0,0.0,8.0,0.0,True,0.0,3.0,0.0,2.0,0.0,0.0,0.0,0.0,False,True,True,False,True,True,,stain,2012,False,False,0,0,,,,False,
wood,1.0,0.0,0.0,8.0,0.0,True,0.0,3.0,0.0,2.0,0.0,0.0,0.0,0.0,False,True,True,False,True,True,,seam,2013,False,False,0,0,,,,False,
wood,1.0,0.0,0.0,8.0,0.0,True,0.0,3.0,0.0,2.0,0.0,0.0,0.0,0.0,False,True,True,False,True,True,coin_1yen,,2014,True,True,0,0,1.457699097296981,measured,18.361653398696653,False,10.932062465215834
wood,1.0,0.0,0.0,8.0,0.0,True,0.0,3.0,0.0,2.0,0.0,0.0,0.0,0.0,False,True,True,False,True,True,coin_10yen,,2015,True,True,0,0,-0.7200160770724171,measured,16.37689234375943,False,28.976944794030544
wood,1.0,0.0,0.0,8.0,0.0,True,0.0,3.0,0.0,2.0,0.0,0.0,0.0,0.0,False,True,True,False,True,True,button_cr2032,,2016,True,True,0,0,,specular_break,18.60144878906036,True,11.015528518964983
wood,1.0,0.0,0.0,8.0,0.0,True,0.0,3.0,0.0,2.0,0.0,0.0,0.0,0.0,False,True,True,False,True,True,button_lr44,,2017,False,True,0,0,,specular_break,11.28387527445539,True,7.114254683270266
wood,1.0,0.0,0.0,8.0,0.0,True,0.0,3.0,0.0,2.0,0.0,0.0,0.0,0.0,False,True,True,False,True,True,bead_6,,2018,True,True,0,0,,specular_break,11.663158656268338,True,4.019392427892885
wood,1.0,0.0,0.0,8.0,0.0,True,0.0,3.0,0.0,2.0,0.0,0.0,0.0,0.0,False,True,True,False,True,True,bead_10_dark,,2019,True,True,0,0,2.9313534023447954,measured,12.596828581287934,True,5.108939798354275
wood,1.0,0.0,0.0,8.0,0.0,True,0.0,3.0,0.0,2.0,0.0,0.0,0.0,0.0,False,True,True,False,True,True,magnet_disc_10x3,,2020,True,True,0,0,,specular_break,9.414367279490381,True,5.3491957210868994
wood,1.0,0.0,0.0,8.0,0.0,True,0.0,3.0,0.0,2.0,0.0,0.0,0.0,0.0,False,True,True,False,True,True,magnet_ball_5,,2021,True,True,0,0,,specular_break,6.452748168226078,True,3.6915369219041234
wood,1.0,0.0,0.0,8.0,0.0,True,0.0,3.0,0.0,2.0,0.0,0.0,0.0,0.0,False,True,True,False,True,True,pill_8,,2022,True,True,0,0,2.352823679468724,measured,7.949723944931336,False,4.658895794635882
wood,1.0,0.0,0.0,8.0,0.0,True,0.0,3.0,0.0,2.0,0.0,0.0,0.0,0.0,False,True,True,False,True,True,plastic_part_8,,2023,True,True,0,0,0.45124680059615585,measured,7.776041006406836,False,3.8673637097239535
wood,1.0,0.0,0.0,8.0,0.0,True,0.0,3.0,0.0,2.0,0.0,0.0,0.0,0.0,False,True,True,False,True,True,floor_colored_12,,2024,True,True,0,0,2.538609760472621,measured,10.947531328056332,False,6.887981548584903
wood,1.0,0.0,0.0,8.0,0.0,True,0.0,3.0,0.0,2.0,0.0,0.0,0.0,0.0,False,True,True,False,True,True,,empty,2025,False,False,0,0,,,,False,
wood,1.0,0.0,0.0,8.0,0.0,True,0.0,3.0,0.0,2.0,0.0,0.0,0.0,0.0,False,True,True,False,True,True,,stain,2026,False,False,0,0,,,,False,
wood,1.0,0.0,0.0,8.0,0.0,True,0.0,3.0,0.0,2.0,0.0,0.0,0.0,0.0,False,True,True,False,True,True,,seam,2027,False,False,0,0,,,,False,
wood,1.0,0.0,0.0,8.0,0.0,True,0.0,3.0,0.0,2.0,0.0,0.0,0.0,0.0,False,True,True,False,True,True,coin_1yen,,2028,True,True,0,0,0.5434006028473188,measured,17.918627451720077,False,10.679646465478402
wood,1.0,0.0,0.0,8.0,0.0,True,0.0,3.0,0.0,2.0,0.0,0.0,0.0,0.0,False,True,True,False,True,True,coin_10yen,,2029,True,True,1,1,-0.7153869445327903,measured,16.54610598654762,False,31.91220764619705
wood,1.0,0.0,0.0,8.0,0.0,True,0.0,3.0,0.0,2.0,0.0,0.0,0.0,0.0,False,True,True,False,True,True,button_cr2032,,2030,True,True,0,0,,specular_break,18.143887029919497,True,10.622191762036628
wood,1.0,0.0,0.0,8.0,0.0,True,0.0,3.0,0.0,2.0,0.0,0.0,0.0,0.0,False,True,True,False,True,True,button_lr44,,2031,True,True,0,0,,specular_break,12.807223282705012,True,6.386967299540332
wood,1.0,0.0,0.0,8.0,0.0,True,0.0,3.0,0.0,2.0,0.0,0.0,0.0,0.0,False,True,True,False,True,True,bead_6,,2032,True,True,0,0,1.914725040732641,measured,7.9002201033277295,True,3.949240855024691
wood,1.0,0.0,0.0,8.0,0.0,True,0.0,3.0,0.0,2.0,0.0,0.0,0.0,0.0,False,True,True,False,True,True,bead_10_dark,,2033,True,True,1,0,1.5452000007941091,measured,16.418301061997077,False,5.141557414361239
wood,1.0,0.0,0.0,8.0,0.0,True,0.0,3.0,0.0,2.0,0.0,0.0,0.0,0.0,False,True,True,False,True,True,magnet_disc_10x3,,2034,True,True,0,0,0.5992351034764507,measured,9.448221062689576,True,5.2845133918139195
wood,1.0,0.0,0.0,8.0,0.0,True,0.0,3.0,0.0,2.0,0.0,0.0,0.0,0.0,False,True,True,False,True,True,magnet_ball_5,,2035,True,True,0,0,,specular_break,13.303281110955647,True,2.893937053872449
wood,1.0,0.0,0.0,8.0,0.0,True,0.0,3.0,0.0,2.0,0.0,0.0,0.0,0.0,False,True,True,False,True,True,pill_8,,2036,True,True,0,0,1.9307959373412693,measured,9.635472842646344,False,5.154820804439038
wood,1.0,0.0,0.0,8.0,0.0,True,0.0,3.0,0.0,2.0,0.0,0.0,0.0,0.0,False,True,True,False,True,True,plastic_part_8,,2037,True,True,0,0,2.4086960006984874,measured,7.257515886299313,False,4.68467864829158
wood,1.0,0.0,0.0,8.0,0.0,True,0.0,3.0,0.0,2.0,0.0,0.0,0.0,0.0,False,True,True,False,True,True,floor_colored_12,,2038,True,True,1,1,0.9308102164500234,measured,10.641754284718845,False,6.459593416108626
wood,1.0,0.0,0.0,8.0,0.0,True,0.0,3.0,0.0,2.0,0.0,0.0,0.0,0.0,False,True,True,False,True,True,,empty,2039,False,False,0,0,,,,False,
wood,1.0,0.0,0.0,8.0,0.0,True,0.0,3.0,0.0,2.0,0.0,0.0,0.0,0.0,False,True,True,False,True,True,,stain,2040,False,False,0,0,,,,False,
wood,1.0,0.0,0.0,8.0,0.0,True,0.0,3.0,0.0,2.0,0.0,0.0,0.0,0.0,False,True,True,False,True,True,,seam,2041,False,False,0,0,,,,False,
wood,1.0,0.0,0.0,8.0,0.0,True,0.0,3.0,0.0,1.0,0.0,0.0,0.0,0.0,False,True,True,False,True,True,coin_1yen,,3000,True,True,0,0,0.9114951895813377,measured,18.028005662546164,False,10.558077616251849
wood,1.0,0.0,0.0,8.0,0.0,True,0.0,3.0,0.0,1.0,0.0,0.0,0.0,0.0,False,True,True,False,True,True,coin_10yen,,3001,True,True,0,0,-0.7160581458047695,measured,16.73039923309206,False,33.000077965779184
wood,1.0,0.0,0.0,8.0,0.0,True,0.0,3.0,0.0,1.0,0.0,0.0,0.0,0.0,False,True,True,False,True,True,button_cr2032,,3002,True,True,0,0,,specular_break,18.013521894342094,True,10.31141775193863
wood,1.0,0.0,0.0,8.0,0.0,True,0.0,3.0,0.0,1.0,0.0,0.0,0.0,0.0,False,True,True,False,True,True,button_lr44,,3003,True,True,0,0,,specular_break,16.265109902690966,True,6.260815834675729
wood,1.0,0.0,0.0,8.0,0.0,True,0.0,3.0,0.0,1.0,0.0,0.0,0.0,0.0,False,True,True,False,True,True,bead_6,,3004,True,True,0,0,1.7916779446715108,measured,7.867279508728379,True,4.458476631078522
wood,1.0,0.0,0.0,8.0,0.0,True,0.0,3.0,0.0,1.0,0.0,0.0,0.0,0.0,False,True,True,False,True,True,bead_10_dark,,3005,True,True,1,0,1.3011786758781714,measured,15.868556927121018,True,5.006008098636876
wood,1.0,0.0,0.0,8.0,0.0,True,0.0,3.0,0.0,1.0,0.0,0.0,0.0,0.0,False,True,True,False,True,True,magnet_disc_10x3,,3006,True,True,0,0,,specular_break,9.503772274704948,True,5.308807337290594
wood,1.0,0.0,0.0,8.0,0.0,True,0.0,3.0,0.0,1.0,0.0,0.0,0.0,0.0,False,True,True,False,True,True,magnet_ball_5,,3007,True,True,0,0,,specular_break,11.044657756627428,True,3.0798237989275776
wood,1.0,0.0,0.0,8.0,0.0,True,0.0,3.0,0.0,1.0,0.0,0.0,0.0,0.0,False,True,True,False,True,True,pill_8,,3008,True,True,0,0,1.4706434841697682,measured,7.914730150846493,False,4.926417126781085
wood,1.0,0.0,0.0,8.0,0.0,True,0.0,3.0,0.0,1.0,0.0,0.0,0.0,0.0,False,True,True,False,True,True,plastic_part_8,,3009,True,True,0,0,2.3416691949035613,measured,8.05500133769237,True,4.898615651512031
wood,1.0,0.0,0.0,8.0,0.0,True,0.0,3.0,0.0,1.0,0.0,0.0,0.0,0.0,False,True,True,False,True,True,floor_colored_12,,3010,True,True,1,1,0.3634334361870888,measured,11.095818487755384,False,6.353916975133226
wood,1.0,0.0,0.0,8.0,0.0,True,0.0,3.0,0.0,1.0,0.0,0.0,0.0,0.0,False,True,True,False,True,True,,empty,3011,False,False,0,0,,,,False,
wood,1.0,0.0,0.0,8.0,0.0,True,0.0,3.0,0.0,1.0,0.0,0.0,0.0,0.0,False,True,True,False,True,True,,stain,3012,False,False,0,0,,,,False,
wood,1.0,0.0,0.0,8.0,0.0,True,0.0,3.0,0.0,1.0,0.0,0.0,0.0,0.0,False,True,True,False,True,True,,seam,3013,False,False,0,0,,,,False,
wood,1.0,0.0,0.0,8.0,0.0,True,0.0,3.0,0.0,1.0,0.0,0.0,0.0,0.0,False,True,True,False,True,True,coin_1yen,,3014,True,True,0,0,0.9483633908756328,measured,18.15511415960012,False,10.724988051936949
wood,1.0,0.0,0.0,8.0,0.0,True,0.0,3.0,0.0,1.0,0.0,0.0,0.0,0.0,False,True,True,False,True,True,coin_10yen,,3015,True,True,2,2,-0.7089768217416168,measured,15.924676392572541,False,24.493669366365282
wood,1.0,0.0,0.0,8.0,0.0,True,0.0,3.0,0.0,1.0,0.0,0.0,0.0,0.0,False,True,True,False,True,True,button_cr2032,,3016,True,True,0,0,,specular_break,18.507261837005814,True,11.08653911703471
wood,1.0,0.0,0.0,8.0,0.0,True,0.0,3.0,0.0,1.0,0.0,0.0,0.0,0.0,False,True,True,False,True,True,button_lr44,,3017,True,True,0,0,,specular_break,12.724525740245415,True,6.383098701841979
wood,1.0,0.0,0.0,8.0,0.0,True,0.0,3.0,0.0,1.0,0.0,0.0,0.0,0.0,False,True,True,False,True,True,bead_6,,3018,True,True,0,0,1.8246443340215102,measured,7.815075760385343,True,3.6552143552767924
wood,1.0,0.0,0.0,8.0,0.0,True,0.0,3.0,0.0,1.0,0.0,0.0,0.0,0.0,False,True,True,False,True,True,bead_10_dark,,3019,True,True,1,0,3.3068953697952903,measured,12.303289313694872,True,4.849498699227496
wood,1.0,0.0,0.0,8.0,0.0,True,0.0,3.0,0.0,1.0,0.0,0.0,0.0,0.0,False,True,True,False,True,True,magnet_disc_10x3,,3020,True,True,0,0,,specular_break,9.308379575787553,True,5.944939245676535
wood,1.0,0.0,0.0,8.0,0.0,True,0.0,3.0,0.0,1.0,0.0,0.0,0.0,0.0,False,True,True,False,True,True,magnet_ball_5,,3021,True,True,0,0,0.5760159139907906,measured,6.555595409165882,True,2.827878881788375
wood,1.0,0.0,0.0,8.0,0.0,True,0.0,3.0,0.0,1.0,0.0,0.0,0.0,0.0,False,True,True,False,True,True,pill_8,,3022,True,True,0,0,2.328009589548703,measured,7.928704609930376,False,4.653607058253853
wood,1.0,0.0,0.0,8.0,0.0,True,0.0,3.0,0.0,1.0,0.0,0.0,0.0,0.0,False,True,True,False,True,True,plastic_part_8,,3023,True,True,0,0,0.49559137096126094,measured,7.9371630144164556,False,3.4411437225758377
wood,1.0,0.0,0.0,8.0,0.0,True,0.0,3.0,0.0,1.0,0.0,0.0,0.0,0.0,False,True,True,False,True,True,floor_colored_12,,3024,True,True,0,0,1.5343323333024816,measured,11.277483255422284,False,6.425205559459264
wood,1.0,0.0,0.0,8.0,0.0,True,0.0,3.0,0.0,1.0,0.0,0.0,0.0,0.0,False,True,True,False,True,True,,empty,3025,False,False,0,0,,,,False,
wood,1.0,0.0,0.0,8.0,0.0,True,0.0,3.0,0.0,1.0,0.0,0.0,0.0,0.0,False,True,True,False,True,True,,stain,3026,False,False,0,0,,,,False,
wood,1.0,0.0,0.0,8.0,0.0,True,0.0,3.0,0.0,1.0,0.0,0.0,0.0,0.0,False,True,True,False,True,True,,seam,3027,False,False,0,0,,,,False,
wood,1.0,0.0,0.0,8.0,0.0,True,0.0,3.0,0.0,1.0,0.0,0.0,0.0,0.0,False,True,True,False,True,True,coin_1yen,,3028,True,True,1,1,0.8246660013216278,measured,17.734510432935018,False,10.604886259381523
wood,1.0,0.0,0.0,8.0,0.0,True,0.0,3.0,0.0,1.0,0.0,0.0,0.0,0.0,False,True,True,False,True,True,coin_10yen,,3029,True,True,1,1,-0.7098887857520104,measured,16.44707239778028,False,30.6435358501305
wood,1.0,0.0,0.0,8.0,0.0,True,0.0,3.0,0.0,1.0,0.0,0.0,0.0,0.0,False,True,True,False,True,True,button_cr2032,,3030,True,True,0,0,,specular_break,18.30206391723788,True,10.69039330823777
wood,1.0,0.0,0.0,8.0,0.0,True,0.0,3.0,0.0,1.0,0.0,0.0,0.0,0.0,False,True,True,False,True,True,button_lr44,,3031,True,True,0,0,,specular_break,11.175445524333126,True,6.391415063650338
wood,1.0,0.0,0.0,8.0,0.0,True,0.0,3.0,0.0,1.0,0.0,0.0,0.0,0.0,False,True,True,False,True,True,bead_6,,3032,True,True,1,1,1.0743981577617472,measured,9.940594228474108,True,3.948119207648304
wood,1.0,0.0,0.0,8.0,0.0,True,0.0,3.0,0.0,1.0,0.0,0.0,0.0,0.0,False,True,True,False,True,True,bead_10_dark,,3033,True,True,1,0,3.213383813632568,measured,12.067604475111011,True,4.549197278514782
wood,1.0,0.0,0.0,8.0,0.0,True,0.0,3.0,0.0,1.0,0.0,0.0,0.0,0.0,False,True,True,False,True,True,magnet_disc_10x3,,3034,True,True,0,0,,specular_break,9.439796211214153,True,5.5093474578610495
wood,1.0,0.0,0.0,8.0,0.0,True,0.0,3.0,0.0,1.0,0.0,0.0,0.0,0.0,False,True,True,False,True,True,magnet_ball_5,,3035,True,True,0,0,1.0501415448105362,measured,6.6185986690279455,True,2.955995702851617
wood,1.0,0.0,0.0,8.0,0.0,True,0.0,3.0,0.0,1.0,0.0,0.0,0.0,0.0,False,True,True,False,True,True,pill_8,,3036,True,True,0,0,2.2808421559664467,measured,7.876984619711258,False,4.783681189271051
wood,1.0,0.0,0.0,8.0,0.0,True,0.0,3.0,0.0,1.0,0.0,0.0,0.0,0.0,False,True,True,False,True,True,plastic_part_8,,3037,True,True,0,0,0.44886609975227465,measured,7.916059174689325,False,4.00032290197941
wood,1.0,0.0,0.0,8.0,0.0,True,0.0,3.0,0.0,1.0,0.0,0.0,0.0,0.0,False,True,True,False,True,True,floor_colored_12,,3038,True,True,0,0,2.6330076390592776,measured,10.847820989748536,False,6.440132481420265
wood,1.0,0.0,0.0,8.0,0.0,True,0.0,3.0,0.0,1.0,0.0,0.0,0.0,0.0,False,True,True,False,True,True,,empty,3039,False,False,0,0,,,,False,
wood,1.0,0.0,0.0,8.0,0.0,True,0.0,3.0,0.0,1.0,0.0,0.0,0.0,0.0,False,True,True,False,True,True,,stain,3040,False,False,0,0,,,,False,
wood,1.0,0.0,0.0,8.0,0.0,True,0.0,3.0,0.0,1.0,0.0,0.0,0.0,0.0,False,True,True,False,True,True,,seam,3041,False,False,0,0,,,,False,
wood,1.0,0.0,0.0,8.0,0.0,True,0.0,3.0,0.0,10.0,0.0,0.0,0.0,0.0,False,True,True,False,True,True,coin_1yen,,4000,False,True,0,0,1.4660955724424554,measured,17.985407097396994,False,10.576386930888097
wood,1.0,0.0,0.0,8.0,0.0,True,0.0,3.0,0.0,10.0,0.0,0.0,0.0,0.0,False,True,True,False,True,True,coin_10yen,,4001,False,True,0,0,1.4884102309273946,measured,9.948323757008335,False,10.970278290111374
wood,1.0,0.0,0.0,8.0,0.0,True,0.0,3.0,0.0,10.0,0.0,0.0,0.0,0.0,False,True,True,False,True,True,button_cr2032,,4002,True,True,0,0,,specular_break,18.440314389374052,True,10.976322624333298
wood,1.0,0.0,0.0,8.0,0.0,True,0.0,3.0,0.0,10.0,0.0,0.0,0.0,0.0,False,True,True,False,True,True,button_lr44,,4003,True,True,0,0,,specular_break,11.164045726303447,True,6.332198404611179
wood,1.0,0.0,0.0,8.0,0.0,True,0.0,3.0,0.0,10.0,0.0,0.0,0.0,0.0,False,True,True,False,True,True,bead_6,,4004,True,True,0,0,1.7687805566562336,measured,8.169258822145501,True,4.055747132061917
wood,1.0,0.0,0.0,8.0,0.0,True,0.0,3.0,0.0,10.0,0.0,0.0,0.0,0.0,False,True,True,False,True,True,bead_10_dark,,4005,False,True,0,1,3.2826867094001866,measured,8.168478900188738,True,4.06655105099245
wood,1.0,0.0,0.0,8.0,0.0,True,0.0,3.0,0.0,10.0,0.0,0.0,0.0,0.0,False,True,True,False,True,True,magnet_disc_10x3,,4006,True,True,0,0,,specular_break,9.58580416227776,True,5.360347540878591
wood,1.0,0.0,0.0,8.0,0.0,True,0.0,3.0,0.0,10.0,0.0,0.0,0.0,0.0,False,True,True,False,True,True,magnet_ball_5,,4007,True,True,0,0,,specular_break,6.426455279017262,True,3.0690996864457256
wood,1.0,0.0,0.0,8.0,0.0,True,0.0,3.0,0.0,10.0,0.0,0.0,0.0,0.0,False,True,True,False,True,True,pill_8,,4008,True,True,0,0,2.3571412721798453,measured,7.848252800267111,False,4.856795715787818
wood,1.0,0.0,0.0,8.0,0.0,True,0.0,3.0,0.0,10.0,0.0,0.0,0.0,0.0,False,True,True,False,True,True,plastic_part_8,,4009,True,True,0,0,0.35778071732597105,measured,7.8684681311877975,False,4.480893868148428
wood,1.0,0.0,0.0,8.0,0.0,True,0.0,3.0,0.0,10.0,0.0,0.0,0.0,0.0,False,True,True,False,True,True,floor_colored_12,,4010,True,True,0,0,0.35493865175572736,measured,11.206260409361263,False,6.262252151111035
wood,1.0,0.0,0.0,8.0,0.0,True,0.0,3.0,0.0,10.0,0.0,0.0,0.0,0.0,False,True,True,False,True,True,,empty,4011,False,False,0,0,,,,False,
wood,1.0,0.0,0.0,8.0,0.0,True,0.0,3.0,0.0,10.0,0.0,0.0,0.0,0.0,False,True,True,False,True,True,,stain,4012,False,False,0,0,,,,False,
wood,1.0,0.0,0.0,8.0,0.0,True,0.0,3.0,0.0,10.0,0.0,0.0,0.0,0.0,False,True,True,False,True,True,,seam,4013,False,False,0,0,,,,False,
wood,1.0,0.0,0.0,8.0,0.0,True,0.0,3.0,0.0,10.0,0.0,0.0,0.0,0.0,False,True,True,False,True,True,coin_1yen,,4014,False,True,0,0,1.4457609325467438,measured,17.83086057225147,False,10.70019492824707
wood,1.0,0.0,0.0,8.0,0.0,True,0.0,3.0,0.0,10.0,0.0,0.0,0.0,0.0,False,True,True,False,True,True,coin_10yen,,4015,True,True,1,1,1.4194582994027858,measured,12.179002033137088,False,11.231149892039006
wood,1.0,0.0,0.0,8.0,0.0,True,0.0,3.0,0.0,10.0,0.0,0.0,0.0,0.0,False,True,True,False,True,True,button_cr2032,,4016,True,True,0,0,,specular_break,18.18152866782124,True,10.616261298455898
wood,1.0,0.0,0.0,8.0,0.0,True,0.0,3.0,0.0,10.0,0.0,0.0,0.0,0.0,False,True,True,False,True,True,button_lr44,,4017,True,True,0,0,,specular_break,11.327163168269188,True,6.483946193007599
wood,1.0,0.0,0.0,8.0,0.0,True,0.0,3.0,0.0,10.0,0.0,0.0,0.0,0.0,False,True,True,False,True,True,bead_6,,4018,True,True,0,0,,specular_break,12.059659822334577,True,3.857788082697269
wood,1.0,0.0,0.0,8.0,0.0,True,0.0,3.0,0.0,10.0,0.0,0.0,0.0,0.0,False,True,True,False,True,True,bead_10_dark,,4019,False,True,0,1,3.218549854348021,measured,8.358005709542176,True,3.8096208825590967
wood,1.0,0.0,0.0,8.0,0.0,True,0.0,3.0,0.0,10.0,0.0,0.0,0.0,0.0,False,True,True,False,True,True,magnet_disc_10x3,,4020,True,True,0,0,,specular_break,9.442178741236189,True,5.577240614167537
wood,1.0,0.0,0.0,8.0,0.0,True,0.0,3.0,0.0,10.0,0.0,0.0,0.0,0.0,False,True,True,False,True,True,magnet_ball_5,,4021,True,True,0,0,,specular_break,6.6465319164336325,True,3.6396458888244716
wood,1.0,0.0,0.0,8.0,0.0,True,0.0,3.0,0.0,10.0,0.0,0.0,0.0,0.0,False,True,True,False,True,True,pill_8,,4022,True,True,0,0,2.2153456567235743,measured,9.155568020242736,False,5.056936205066116
wood,1.0,0.0,0.0,8.0,0.0,True,0.0,3.0,0.0,10.0,0.0,0.0,0.0,0.0,False,True,True,False,True,True,plastic_part_8,,4023,True,True,0,0,0.4282012085957323,measured,7.939944619650363,False,3.918220286314856
wood,1.0,0.0,0.0,8.0,0.0,True,0.0,3.0,0.0,10.0,0.0,0.0,0.0,0.0,False,True,True,False,True,True,floor_colored_12,,4024,True,True,0,0,2.7795648623374962,measured,10.508886098353912,False,6.486492223738036
wood,1.0,0.0,0.0,8.0,0.0,True,0.0,3.0,0.0,10.0,0.0,0.0,0.0,0.0,False,True,True,False,True,True,,empty,4025,False,False,0,0,,,,False,
wood,1.0,0.0,0.0,8.0,0.0,True,0.0,3.0,0.0,10.0,0.0,0.0,0.0,0.0,False,True,True,False,True,True,,stain,4026,False,False,0,0,,,,False,
wood,1.0,0.0,0.0,8.0,0.0,True,0.0,3.0,0.0,10.0,0.0,0.0,0.0,0.0,False,True,True,False,True,True,,seam,4027,False,False,0,0,,,,False,
wood,1.0,0.0,0.0,8.0,0.0,True,0.0,3.0,0.0,10.0,0.0,0.0,0.0,0.0,False,True,True,False,True,True,coin_1yen,,4028,False,True,0,0,1.4497680710672718,measured,17.87712453721822,False,10.515625352102665
wood,1.0,0.0,0.0,8.0,0.0,True,0.0,3.0,0.0,10.0,0.0,0.0,0.0,0.0,False,True,True,False,True,True,coin_10yen,,4029,True,True,2,2,0.5520408120197189,measured,11.796165865447104,False,11.183489574859113
wood,1.0,0.0,0.0,8.0,0.0,True,0.0,3.0,0.0,10.0,0.0,0.0,0.0,0.0,False,True,True,False,True,True,button_cr2032,,4030,True,True,0,0,,specular_break,17.870872787893592,True,10.35082764025488
wood,1.0,0.0,0.0,8.0,0.0,True,0.0,3.0,0.0,10.0,0.0,0.0,0.0,0.0,False,True,True,False,True,True,button_lr44,,4031,True,True,0,0,,specular_break,11.356919896052874,True,6.588832427297766
wood,1.0,0.0,0.0,8.0,0.0,True,0.0,3.0,0.0,10.0,0.0,0.0,0.0,0.0,False,True,True,False,True,True,bead_6,,4032,True,True,0,0,1.9543835881564942,measured,7.919442628798132,True,3.416486300831483
wood,1.0,0.0,0.0,8.0,0.0,True,0.0,3.0,0.0,10.0,0.0,0.0,0.0,0.0,False,True,True,False,True,True,bead_10_dark,,4033,False,True,0,0,2.9890367828063447,measured,11.035135560083011,True,4.814830318981137
wood,1.0,0.0,0.0,8.0,0.0,True,0.0,3.0,0.0,10.0,0.0,0.0,0.0,0.0,False,True,True,False,True,True,magnet_disc_10x3,,4034,True,True,0,0,1.0364597165363776,measured,9.384060986740568,True,5.407314746320248
wood,1.0,0.0,0.0,8.0,0.0,True,0.0,3.0,0.0,10.0,0.0,0.0,0.0,0.0,False,True,True,False,True,True,magnet_ball_5,,4035,True,True,0,0,,specular_break,6.621504865418606,True,3.2500972255118676
wood,1.0,0.0,0.0,8.0,0.0,True,0.0,3.0,0.0,10.0,0.0,0.0,0.0,0.0,False,True,True,False,True,True,pill_8,,4036,True,True,0,0,2.40786812952911,measured,7.798291403020294,False,4.617807370091533
wood,1.0,0.0,0.0,8.0,0.0,True,0.0,3.0,0.0,10.0,0.0,0.0,0.0,0.0,False,True,True,False,True,True,plastic_part_8,,4037,True,True,0,0,2.346709779502305,measured,7.736937206120857,False,4.799321607937793
wood,1.0,0.0,0.0,8.0,0.0,True,0.0,3.0,0.0,10.0,0.0,0.0,0.0,0.0,False,True,True,False,True,True,floor_colored_12,,4038,True,True,0,0,2.8831011885917857,measured,11.17860624082354,False,6.280332557365132
wood,1.0,0.0,0.0,8.0,0.0,True,0.0,3.0,0.0,10.0,0.0,0.0,0.0,0.0,False,True,True,False,True,True,,empty,4039,False,False,0,0,,,,False,
wood,1.0,0.0,0.0,8.0,0.0,True,0.0,3.0,0.0,10.0,0.0,0.0,0.0,0.0,False,True,True,False,True,True,,stain,4040,False,False,0,0,,,,False,
wood,1.0,0.0,0.0,8.0,0.0,True,0.0,3.0,0.0,10.0,0.0,0.0,0.0,0.0,False,True,True,False,True,True,,seam,4041,False,False,0,0,,,,False,
wood,1.0,0.0,0.0,8.0,0.0,True,0.0,3.0,0.0,15.0,0.0,0.0,0.0,0.0,False,True,True,False,True,True,coin_1yen,,5000,False,True,0,0,1.4909397996411347,measured,17.478080035333623,False,10.30839155806733
wood,1.0,0.0,0.0,8.0,0.0,True,0.0,3.0,0.0,15.0,0.0,0.0,0.0,0.0,False,True,True,False,True,True,coin_10yen,,5001,False,True,0,0,1.4583637682596837,measured,9.186501808072348,False,10.9499879537264
wood,1.0,0.0,0.0,8.0,0.0,True,0.0,3.0,0.0,15.0,0.0,0.0,0.0,0.0,False,True,True,False,True,True,button_cr2032,,5002,False,True,0,0,,specular_break,18.246743951466286,True,10.767857256300411
wood,1.0,0.0,0.0,8.0,0.0,True,0.0,3.0,0.0,15.0,0.0,0.0,0.0,0.0,False,True,True,False,True,True,button_lr44,,5003,True,True,0,0,,specular_break,11.230377785686867,True,6.4766294805845
wood,1.0,0.0,0.0,8.0,0.0,True,0.0,3.0,0.0,15.0,0.0,0.0,0.0,0.0,False,True,True,False,True,True,bead_6,,5004,True,True,0,0,1.9805033509958285,measured,7.929576035538465,True,3.2027726623130532
wood,1.0,0.0,0.0,8.0,0.0,True,0.0,3.0,0.0,15.0,0.0,0.0,0.0,0.0,False,True,True,False,True,True,bead_10_dark,,5005,True,True,1,0,3.065299869895915,measured,12.504370669780018,True,5.157004060558766
wood,1.0,0.0,0.0,8.0,0.0,True,0.0,3.0,0.0,15.0,0.0,0.0,0.0,0.0,False,True,True,False,True,True,magnet_disc_10x3,,5006,True,True,0,0,,specular_break,9.526989996389295,True,6.230965881394215
wood,1.0,0.0,0.0,8.0,0.0,True,0.0,3.0,0.0,15.0,0.0,0.0,0.0,0.0,False,True,True,False,True,True,magnet_ball_5,,5007,True,True,0,0,,specular_break,7.508753242218907,True,4.033821066472753
wood,1.0,0.0,0.0,8.0,0.0,True,0.0,3.0,0.0,15.0,0.0,0.0,0.0,0.0,False,True,True,False,True,True,pill_8,,5008,True,True,0,0,2.2521186727404636,measured,7.953265456011909,False,4.932569018274755
wood,1.0,0.0,0.0,8.0,0.0,True,0.0,3.0,0.0,15.0,0.0,0.0,0.0,0.0,False,True,True,False,True,True,plastic_part_8,,5009,True,True,0,0,0.4351883133919703,measured,7.86813248576898,False,4.232226509231587
wood,1.0,0.0,0.0,8.0,0.0,True,0.0,3.0,0.0,15.0,0.0,0.0,0.0,0.0,False,True,True,False,True,True,floor_colored_12,,5010,True,True,0,0,2.7973447050552416,measured,10.464873066194034,False,6.558354150391203
wood,1.0,0.0,0.0,8.0,0.0,True,0.0,3.0,0.0,15.0,0.0,0.0,0.0,0.0,False,True,True,False,True,True,,empty,5011,False,False,0,0,,,,False,
wood,1.0,0.0,0.0,8.0,0.0,True,0.0,3.0,0.0,15.0,0.0,0.0,0.0,0.0,False,True,True,False,True,True,,stain,5012,False,False,0,0,,,,False,
wood,1.0,0.0,0.0,8.0,0.0,True,0.0,3.0,0.0,15.0,0.0,0.0,0.0,0.0,False,True,True,False,True,True,,seam,5013,False,False,4,4,,,,False,
wood,1.0,0.0,0.0,8.0,0.0,True,0.0,3.0,0.0,15.0,0.0,0.0,0.0,0.0,False,True,True,False,True,True,coin_1yen,,5014,False,True,0,0,1.436796743236691,measured,18.04324125577022,False,10.85462776935324
wood,1.0,0.0,0.0,8.0,0.0,True,0.0,3.0,0.0,15.0,0.0,0.0,0.0,0.0,False,True,True,False,True,True,coin_10yen,,5015,False,True,0,0,1.4505096397840074,measured,8.848804192227698,False,10.720643038280535
wood,1.0,0.0,0.0,8.0,0.0,True,0.0,3.0,0.0,15.0,0.0,0.0,0.0,0.0,False,True,True,False,True,True,button_cr2032,,5016,True,True,2,0,,specular_break,18.41604087080685,True,10.867169964429893
wood,1.0,0.0,0.0,8.0,0.0,True,0.0,3.0,0.0,15.0,0.0,0.0,0.0,0.0,False,True,True,False,True,True,button_lr44,,5017,True,True,0,0,,specular_break,11.260152833012791,True,6.072102365655428
wood,1.0,0.0,0.0,8.0,0.0,True,0.0,3.0,0.0,15.0,0.0,0.0,0.0,0.0,False,True,True,False,True,True,bead_6,,5018,True,True,0,0,1.9571290947915738,measured,7.836120070297816,True,3.4121148842445916
wood,1.0,0.0,0.0,8.0,0.0,True,0.0,3.0,0.0,15.0,0.0,0.0,0.0,0.0,False,True,True,False,True,True,bead_10_dark,,5019,False,True,0,0,3.016437062439424,measured,10.245412483249206,True,4.166361004690937
wood,1.0,0.0,0.0,8.0,0.0,True,0.0,3.0,0.0,15.0,0.0,0.0,0.0,0.0,False,True,True,False,True,True,magnet_disc_10x3,,5020,True,True,0,0,,specular_break,9.473912806150736,True,5.8005043792681406
wood,1.0,0.0,0.0,8.0,0.0,True,0.0,3.0,0.0,15.0,0.0,0.0,0.0,0.0,False,True,True,False,True,True,magnet_ball_5,,5021,True,True,0,0,0.8510722647934195,measured,6.569499024622941,True,3.203540127850788
wood,1.0,0.0,0.0,8.0,0.0,True,0.0,3.0,0.0,15.0,0.0,0.0,0.0,0.0,False,True,True,False,True,True,pill_8,,5022,True,True,0,0,2.300770983498639,measured,7.954506666194087,False,4.8051081775594495
wood,1.0,0.0,0.0,8.0,0.0,True,0.0,3.0,0.0,15.0,0.0,0.0,0.0,0.0,False,True,True,False,True,True,plastic_part_8,,5023,False,True,0,0,2.345563410032357,measured,7.941027122520296,False,4.713477476131421
wood,1.0,0.0,0.0,8.0,0.0,True,0.0,3.0,0.0,15.0,0.0,0.0,0.0,0.0,False,True,True,False,True,True,floor_colored_12,,5024,True,True,0,0,2.7056927517625446,measured,10.631194806711472,False,6.600726549464447
wood,1.0,0.0,0.0,8.0,0.0,True,0.0,3.0,0.0,15.0,0.0,0.0,0.0,0.0,False,True,True,False,True,True,,empty,5025,False,False,0,0,,,,False,
wood,1.0,0.0,0.0,8.0,0.0,True,0.0,3.0,0.0,15.0,0.0,0.0,0.0,0.0,False,True,True,False,True,True,,stain,5026,False,False,0,0,,,,False,
wood,1.0,0.0,0.0,8.0,0.0,True,0.0,3.0,0.0,15.0,0.0,0.0,0.0,0.0,False,True,True,False,True,True,,seam,5027,False,False,0,0,,,,False,
wood,1.0,0.0,0.0,8.0,0.0,True,0.0,3.0,0.0,15.0,0.0,0.0,0.0,0.0,False,True,True,False,True,True,coin_1yen,,5028,True,True,1,0,1.4272271012655118,measured,18.047639244327023,False,11.179339530491212
wood,1.0,0.0,0.0,8.0,0.0,True,0.0,3.0,0.0,15.0,0.0,0.0,0.0,0.0,False,True,True,False,True,True,coin_10yen,,5029,False,True,0,0,1.4756399714244317,measured,8.930079939422926,False,10.824794457498227
wood,1.0,0.0,0.0,8.0,0.0,True,0.0,3.0,0.0,15.0,0.0,0.0,0.0,0.0,False,True,True,False,True,True,button_cr2032,,5030,False,True,0,0,,specular_break,18.061884486593378,True,10.395441804542944
wood,1.0,0.0,0.0,8.0,0.0,True,0.0,3.0,0.0,15.0,0.0,0.0,0.0,0.0,False,True,True,False,True,True,button_lr44,,5031,True,True,0,0,,specular_break,11.381240521628548,True,6.485932422124278
wood,1.0,0.0,0.0,8.0,0.0,True,0.0,3.0,0.0,15.0,0.0,0.0,0.0,0.0,False,True,True,False,True,True,bead_6,,5032,True,True,0,0,1.8825700649330397,measured,7.7559176201920526,True,4.047520047825538
wood,1.0,0.0,0.0,8.0,0.0,True,0.0,3.0,0.0,15.0,0.0,0.0,0.0,0.0,False,True,True,False,True,True,bead_10_dark,,5033,True,True,0,0,2.392993832709692,measured,12.737030798767544,True,5.16847221052481
wood,1.0,0.0,0.0,8.0,0.0,True,0.0,3.0,0.0,15.0,0.0,0.0,0.0,0.0,False,True,True,False,True,True,magnet_disc_10x3,,5034,True,True,0,0,,specular_break,9.274669902412146,True,5.74688564892104
wood,1.0,0.0,0.0,8.0,0.0,True,0.0,3.0,0.0,15.0,0.0,0.0,0.0,0.0,False,True,True,False,True,True,magnet_ball_5,,5035,True,True,0,0,,specular_break,9.633176498652343,True,3.561539102692193
wood,1.0,0.0,0.0,8.0,0.0,True,0.0,3.0,0.0,15.0,0.0,0.0,0.0,0.0,False,True,True,False,True,True,pill_8,,5036,True,True,0,0,2.299733421459001,measured,7.947169656162716,False,4.966178623557717
wood,1.0,0.0,0.0,8.0,0.0,True,0.0,3.0,0.0,15.0,0.0,0.0,0.0,0.0,False,True,True,False,True,True,plastic_part_8,,5037,False,True,0,0,2.2996179708363957,measured,7.785273939839077,False,4.948166685876652
wood,1.0,0.0,0.0,8.0,0.0,True,0.0,3.0,0.0,15.0,0.0,0.0,0.0,0.0,False,True,True,False,True,True,floor_colored_12,,5038,True,True,0,0,2.0362409239675685,measured,10.735075581817732,False,6.805271511148804
wood,1.0,0.0,0.0,8.0,0.0,True,0.0,3.0,0.0,15.0,0.0,0.0,0.0,0.0,False,True,True,False,True,True,,empty,5039,False,False,0,0,,,,False,
wood,1.0,0.0,0.0,8.0,0.0,True,0.0,3.0,0.0,15.0,0.0,0.0,0.0,0.0,False,True,True,False,True,True,,stain,5040,False,False,0,0,,,,False,
wood,1.0,0.0,0.0,8.0,0.0,True,0.0,3.0,0.0,15.0,0.0,0.0,0.0,0.0,False,True,True,False,True,True,,seam,5041,False,False,0,0,,,,False,
