factor,level,n_pos,n_neg,patrol_recall,inspect_recall,critical_inspect_recall,specular_critical_flagged,false_alarm_patrol,false_alarm_inspect,height_abs_err_median_mm,diameter_rel_err_median,loc_err_median_mm,insp_coin_1yen,insp_coin_10yen,insp_button_cr2032,insp_button_lr44,insp_bead_6,insp_bead_10_dark,insp_magnet_disc_10x3,insp_magnet_ball_5,insp_pill_8,insp_plastic_part_8,insp_floor_colored_12
cam_height_err_mm,0.0,33,9,0.9393939393939394,1.0,1.0,0.9166666666666666,0.2222222222222222,0.2222222222222222,1.1629986083141333,0.0986390456249266,5.627829298407313,1.0,1.0,1.0,1.0,1.0,1.0,1.0,1.0,1.0,1.0,1.0
cam_height_err_mm,-10.0,33,9,0.0,0.12121212121212122,0.2,0.25,1.0,0.2222222222222222,0.8390975878017102,0.34909795721636605,8.922096018512782,0.0,0.3333333333333333,1.0,0.0,0.0,0.0,0.0,0.0,0.0,0.0,0.0
cam_height_err_mm,-5.0,33,9,0.24242424242424243,0.7575757575757576,0.7333333333333333,0.5,0.1111111111111111,0.0,2.3414730719786983,0.2682893237399995,9.364531337212483,1.0,1.0,1.0,1.0,0.0,1.0,1.0,0.3333333333333333,0.3333333333333333,0.6666666666666666,1.0
cam_height_err_mm,5.0,33,9,0.8787878787878788,1.0,1.0,0.4166666666666667,0.0,0.0,2.464120051429602,0.1397777326083535,4.843850222803727,1.0,1.0,1.0,1.0,1.0,1.0,1.0,1.0,1.0,1.0,1.0
cam_pitch_err_deg,0.0,33,9,0.9090909090909091,1.0,1.0,1.0,0.0,0.0,1.624097313370024,0.1007296451301503,5.407314746320248,1.0,1.0,1.0,1.0,1.0,1.0,1.0,1.0,1.0,1.0,1.0
cam_pitch_err_deg,-5.0,33,9,0.9696969696969697,0.9696969696969697,1.0,0.25,0.0,0.0,2.968172879469159,0.14637499040229915,5.892192995785754,1.0,1.0,1.0,1.0,1.0,0.6666666666666666,1.0,1.0,1.0,1.0,1.0
cam_pitch_err_deg,-2.0,33,9,0.9393939393939394,1.0,1.0,0.6666666666666666,0.0,0.0,2.9707211435557923,0.17544680176820915,5.505090261405811,1.0,1.0,1.0,1.0,1.0,1.0,1.0,1.0,1.0,1.0,1.0
cam_pitch_err_deg,2.0,33,9,0.696969696969697,0.9393939393939394,0.9333333333333333,0.4166666666666667,0.2222222222222222,0.2222222222222222,3.9116163721797665,0.4850624919378195,9.161091608506524,1.0,1.0,1.0,1.0,0.6666666666666666,1.0,1.0,0.6666666666666666,1.0,1.0,1.0
cam_pitch_err_deg,5.0,33,9,0.36363636363636365,0.5454545454545454,0.7333333333333333,0.25,0.0,0.0,3.3641562235860984,0.11976387741004371,8.775150441394064,0.6666666666666666,1.0,1.0,0.3333333333333333,0.3333333333333333,0.0,0.3333333333333333,1.0,1.0,0.0,0.3333333333333333
