material,omega_dps,tpu,decel_deg,impact_p50,impact_p95,load_p95,sf_p05,sf_p50,p_sf_lt_1p5,p_sf_lt_1,omega_impact_dps
PLA,60.0,なし,0.0,18.555369499432086,31.325665781691963,40.75952942062835,0.3893698245789404,0.7227475919758874,0.9835,0.79625,60.0
PLA,60.0,なし,1.0,12.370246332954725,20.883777187794642,31.201864494001438,0.5101649064719506,0.9347018640993169,0.8985,0.5705,40.0
PLA,60.0,なし,2.0,1.5462807916193406,2.6104721484743303,16.477130607914944,1.008537246941554,1.9916324946761077,0.25425,0.04825,5.0
PLA,60.0,なし,3.0,1.5462807916193406,2.6104721484743303,16.477130607914944,1.008537246941554,1.9916324946761077,0.25425,0.04825,5.0
PLA,60.0,なし,5.0,1.5462807916193406,2.6104721484743303,16.477130607914944,1.008537246941554,1.9916324946761077,0.25425,0.04825,5.0
PLA,60.0,E3MPa_t1mm,0.0,8.152109877782568,13.762607608264682,24.873650948241558,0.6458355959131942,1.1681778168246868,0.74,0.33175,60.0
PLA,60.0,E3MPa_t1mm,1.0,5.4347399185217125,9.175071738843123,21.21091956164621,0.7633135652404596,1.409455864403013,0.564,0.18375,40.0
PLA,60.0,E3MPa_t1mm,2.0,0.6793424898152141,1.1468839673553903,15.491525808175567,1.0752294647192537,2.1978175277965093,0.20025,0.03275,5.0
PLA,60.0,E3MPa_t1mm,3.0,0.6793424898152141,1.1468839673553903,15.491525808175567,1.0752294647192537,2.1978175277965093,0.20025,0.03275,5.0
PLA,60.0,E3MPa_t1mm,5.0,0.6793424898152141,1.1468839673553903,15.491525808175567,1.0752294647192537,2.1978175277965093,0.20025,0.03275,5.0
PLA,60.0,E3MPa_t3mm,0.0,4.882977239076881,8.243571383238313,20.496409744655793,0.7909092985424384,1.4676077940644827,0.5205,0.1605,60.0
PLA,60.0,E3MPa_t3mm,1.0,3.2553181593845872,5.495714255492208,18.481041108919168,0.8847330208128269,1.6796825248033267,0.38725,0.09725,40.0
PLA,60.0,E3MPa_t3mm,2.0,0.4069147699230734,0.686964281936526,15.2261337216823,1.0981516093113006,2.2727680477509287,0.18575,0.03,5.0
PLA,60.0,E3MPa_t3mm,3.0,0.4069147699230734,0.686964281936526,15.2261337216823,1.0981516093113006,2.2727680477509287,0.18575,0.03,5.0
PLA,60.0,E3MPa_t3mm,5.0,0.4069147699230734,0.686964281936526,15.2261337216823,1.0981516093113006,2.2727680477509287,0.18575,0.03,5.0
PLA,60.0,E10MPa_t3mm,0.0,8.542733450487138,14.42206865997633,25.443434104221865,0.6319481301863714,1.1404310313383483,0.761,0.35725,60.0
PLA,60.0,E10MPa_t3mm,1.0,5.695155633658092,9.61471243998422,21.547078722010344,0.7530970876066334,1.3805690586677528,0.583,0.1985,40.0
PLA,60.0,E10MPa_t3mm,2.0,0.7118944542072615,1.2018390549980276,15.517175240803624,1.0725832042164976,2.1896003110787703,0.203,0.03325,5.0
PLA,60.0,E10MPa_t3mm,3.0,0.7118944542072615,1.2018390549980276,15.517175240803624,1.0725832042164976,2.1896003110787703,0.203,0.03325,5.0
PLA,60.0,E10MPa_t3mm,5.0,0.7118944542072615,1.2018390549980276,15.517175240803624,1.0725832042164976,2.1896003110787703,0.203,0.03325,5.0
PLA,60.0,E3MPa_t6mm,0.0,3.48621501077121,5.8855204297537185,18.731947231915026,0.8707768239571412,1.6449474185392776,0.40825,0.1045,60.0
PLA,60.0,E3MPa_t6mm,1.0,2.3241433405141403,3.9236802865024796,17.41044523929932,0.9484276637566738,1.8391958687903338,0.30975,0.0665,40.0
PLA,60.0,E3MPa_t6mm,2.0,0.29051791756426754,0.49046003581280995,15.088093512263256,1.109168277953392,2.3060326080563875,0.17775,0.02775,5.0
PLA,60.0,E3MPa_t6mm,3.0,0.29051791756426754,0.49046003581280995,15.088093512263256,1.109168277953392,2.3060326080563875,0.17775,0.02775,5.0
PLA,60.0,E3MPa_t6mm,5.0,0.29051791756426754,0.49046003581280995,15.088093512263256,1.109168277953392,2.3060326080563875,0.17775,0.02775,5.0
PLA,60.0,E10MPa_t6mm,0.0,6.225186100189164,10.509523898692972,22.21340302964069,0.7285960964987424,1.3290448149797178,0.62,0.22425,60.0
PLA,60.0,E10MPa_t6mm,1.0,4.150124066792777,7.006349265795315,19.5339655342189,0.8329371455175267,1.5510198312347936,0.463,0.1305,40.0
PLA,60.0,E10MPa_t6mm,2.0,0.5187655083490971,0.8757936582244144,15.340159084224696,1.0879338534042542,2.240547049978876,0.19275,0.03125,5.0
PLA,60.0,E10MPa_t6mm,3.0,0.5187655083490971,0.8757936582244144,15.340159084224696,1.0879338534042542,2.240547049978876,0.19275,0.03125,5.0
PLA,60.0,E10MPa_t6mm,5.0,0.5187655083490971,0.8757936582244144,15.340159084224696,1.0879338534042542,2.240547049978876,0.19275,0.03125,5.0
PLA,90.0,なし,0.0,27.83305424914813,46.98849867253794,56.06107061920188,0.2836666361492979,0.53861586467595,1.0,0.9495,90.0
PLA,90.0,なし,1.0,24.153678103211277,40.77687850316997,49.97129694179841,0.3183818076082674,0.5992653450251384,0.998,0.9105,78.10249675906654
PLA,90.0,なし,2.0,19.802056029389306,33.430354970078774,42.789432363416886,0.3713067964558087,0.6911934774437851,0.99025,0.8265,64.03124237432849
PLA,90.0,なし,3.0,14.171897546503732,23.925372439915236,33.941016712903924,0.4652512971873108,0.8608665383405775,0.93325,0.65275,45.8257569495584
PLA,90.0,なし,5.0,1.5462807916193406,2.6104721484743303,16.477130607914944,1.008537246941554,1.9916324946761077,0.25425,0.04825,5.0
PLA,90.0,E3MPa_t1mm,0.0,12.228164816673853,20.643911412397024,30.97672649370426,0.5135465080576056,0.9403906712232639,0.89425,0.563,90.0
PLA,90.0,E3MPa_t1mm,1.0,10.611668921817792,17.914900268679947,28.502148064658222,0.5615136173908388,1.0170898969824234,0.849,0.47925,78.10249675906654
PLA,90.0,E3MPa_t1mm,2.0,8.699828724107551,14.687281057792887,25.67035659740629,0.6269523583928323,1.1288091069120068,0.76775,0.367,64.03124237432849
PLA,90.0,E3MPa_t1mm,3.0,6.226276764755971,10.511365187474677,22.214276031152945,0.7285307390043868,1.3289573524455405,0.62025,0.22425,45.8257569495584
PLA,90.0,E3MPa_t1mm,5.0,0.6793424898152141,1.1468839673553903,15.491525808175567,1.0752294647192537,2.1978175277965093,0.20025,0.03275,5.0
PLA,90.0,E3MPa_t3mm,0.0,7.324465858615322,12.365357074857469,23.69156388106738,0.6786147987924477,1.2324841113398384,0.6895,0.28325,90.0
PLA,90.0,E3MPa_t3mm,1.0,6.356211899826629,10.730725120708398,22.393450129456536,0.7229087876008435,1.315901652658363,0.62725,0.231,78.10249675906654
PLA,90.0,E3MPa_t3mm,2.0,5.211051651727685,8.797435287836846,20.928530235820013,0.7742444059266279,1.432936385599975,0.54725,0.1745,64.03124237432849
PLA,90.0,E3MPa_t3mm,3.0,3.729435469136048,6.296131643410231,18.997814547202744,0.8567341088758857,1.609016076164164,0.42925,0.11375,45.8257569495584
PLA,90.0,E3MPa_t3mm,5.0,0.4069147699230734,0.686964281936526,15.2261337216823,1.0981516093113006,2.2727680477509287,0.18575,0.03,5.0
PLA,90.0,E10MPa_t3mm,0.0,12.814100175730708,21.633102989964495,31.90892006695258,0.4981012435016415,0.9150957505235018,0.907,0.59,90.0
PLA,90.0,E10MPa_t3mm,1.0,11.120146860504017,18.773326179580607,29.285286633367722,0.544582474778322,0.9922421018601351,0.8645,0.5095,78.10249675906654
PLA,90.0,E10MPa_t3mm,2.0,9.116697268457091,15.391049565102522,26.315826193994546,0.612673559174169,1.1029162642675692,0.78775,0.3915,64.03124237432849
PLA,90.0,E10MPa_t3mm,3.0,6.524620446448099,11.015036885365312,22.5832131929736,0.7135304053242,1.3001465121936966,0.63825,0.239,45.8257569495584
PLA,90.0,E10MPa_t3mm,5.0,0.7118944542072615,1.2018390549980276,15.517175240803624,1.0725832042164976,2.1896003110787703,0.203,0.03325,5.0
PLA,90.0,E3MPa_t6mm,0.0,5.229322516156817,8.82828064463058,20.951409870237843,0.773498595876994,1.4312749709454389,0.54925,0.17575,90.0
PLA,90.0,E3MPa_t6mm,1.0,4.538034943002794,7.661230671504329,20.043308007658972,0.8082783738632905,1.5066058028978915,0.495,0.14625,78.10249675906654
PLA,90.0,E3MPa_t6mm,2.0,3.72044463872856,6.280953085610372,18.98643461709685,0.8572472459397975,1.6101246877213315,0.42825,0.1135,64.03124237432849
PLA,90.0,E3MPa_t6mm,3.0,2.6626406959583937,4.495140478925907,17.77923257534103,0.9225848771600704,1.777712644724777,0.3375,0.0745,45.8257569495584
PLA,90.0,E3MPa_t6mm,5.0,0.29051791756426754,0.49046003581280995,15.088093512263256,1.109168277953392,2.3060326080563875,0.17775,0.02775,5.0
PLA,90.0,E10MPa_t6mm,0.0,9.337779150283747,15.764285848039458,26.66709766227949,0.6032631675812894,1.0899284867133252,0.7995,0.40375,90.0
PLA,90.0,E10MPa_t6mm,1.0,8.103376286910173,13.680334270616669,24.79903830458349,0.6481380298700316,1.1720182194638356,0.73825,0.328,78.10249675906654
PLA,90.0,E10MPa_t6mm,2.0,6.643440000108553,11.215631199933457,22.748163194353694,0.708646238545512,1.2892874684263644,0.648,0.24525,64.03124237432849
PLA,90.0,E10MPa_t6mm,3.0,4.754564419883966,8.026781463951327,20.321932482572596,0.7986327342391993,1.4828905758976376,0.5115,0.15525,45.8257569495584
PLA,90.0,E10MPa_t6mm,5.0,0.5187655083490971,0.8757936582244144,15.340159084224696,1.0879338534042542,2.240547049978876,0.19275,0.03125,5.0
PLA,120.0,なし,0.0,37.11073899886417,62.65133156338393,71.44962610567607,0.22268331406107714,0.4294116310677447,1.0,0.99475,120.0
PLA,120.0,なし,1.0,34.43730834602704,58.13797519374279,67.01602092917047,0.23748820524520364,0.45620413924382097,1.0,0.99025,111.35528725660043
PLA,120.0,なし,2.0,31.538063719842864,53.24339369904437,62.17815255295665,0.2560463541212534,0.4893015135383556,1.0,0.9785,101.9803902718557
PLA,120.0,なし,3.0,28.343795093007465,47.85074487983047,56.864817717071055,0.279186560882582,0.5311984403475873,1.0,0.955,91.6515138991168
PLA,120.0,なし,5.0,20.513732825340313,34.63182656864915,43.95306082965903,0.3613397671573028,0.6747495985114186,0.9915,0.8415,66.332495807108
PLA,120.0,E3MPa_t1mm,0.0,16.304219755565136,27.525215216529364,37.198634743688224,0.4242810056000732,0.789236658915618,0.96175,0.7345,120.0
PLA,120.0,E3MPa_t1mm,1.0,15.129675619797464,25.54231872696981,35.42205515323486,0.44579297223845793,0.8260569258444844,0.945,0.694,111.35528725660043
PLA,120.0,E3MPa_t1mm,2.0,13.855922447921937,23.391934917487383,33.456565857646765,0.47268257711960326,0.8720502095533393,0.92875,0.63975,101.9803902718557
PLA,120.0,E3MPa_t1mm,3.0,12.452553529511942,21.022730374949354,31.333023430583275,0.5078392557445394,0.9310231478919557,0.8995,0.57475,91.6515138991168
PLA,120.0,E3MPa_t1mm,5.0,9.012496571451601,15.215135191168164,26.16542273581887,0.6168853844637596,1.1093411759386451,0.783,0.38525,66.332495807108
PLA,120.0,E3MPa_t3mm,0.0,9.765954478153763,16.487142766476627,27.280737619014225,0.5877528788850326,1.0650717256204216,0.81875,0.434,120.0
PLA,120.0,E3MPa_t3mm,1.0,9.062422218747464,15.299420990013221,26.237669929046522,0.6145614655333325,1.1062484749310904,0.785,0.38825,111.35528725660043
PLA,120.0,E3MPa_t3mm,2.0,8.29946540882748,14.011377114942405,25.088779883370844,0.6402661734595531,1.1588082962427007,0.74825,0.3415,101.9803902718557
PLA,120.0,E3MPa_t3mm,3.0,7.458870938272096,12.592263286820462,23.89143970729942,0.6734645951897147,1.2211288084612462,0.697,0.2915,91.6515138991168
PLA,120.0,E3MPa_t3mm,5.0,5.398334453954517,9.113611070237516,21.174164159553225,0.7649784530633152,1.4132298034697772,0.56275,0.18325,66.332495807108
PLA,120.0,E10MPa_t3mm,0.0,17.085466900974275,28.84413731995266,38.44613427814177,0.41127924192564697,0.7648394976842848,0.97125,0.76325,120.0
PLA,120.0,E10MPa_t3mm,1.0,15.854642288926078,26.766226641101316,36.46853254962603,0.43277817019419346,0.8030192621607307,0.9545,0.71625,111.35528725660043
PLA,120.0,E10MPa_t3mm,2.0,14.519854854485246,24.51280317453142,34.461853999831725,0.4582526604773433,0.8479622164630218,0.9375,0.6675,101.9803902718557
PLA,120.0,E10MPa_t3mm,3.0,13.049240892896197,22.030073770730624,32.272139747049664,0.49217128979190505,0.9045532698513274,0.91125,0.602,91.6515138991168
PLA,120.0,E10MPa_t3mm,5.0,9.444347179761323,15.944196815295063,26.83649338713214,0.5988919693138416,1.0840848969696806,0.80425,0.41125,66.332495807108
PLA,120.0,E3MPa_t6mm,0.0,6.97243002154242,11.771040859507437,23.229831468851184,0.6947679436017409,1.2606092808455518,0.66675,0.26325,120.0
PLA,120.0,E3MPa_t6mm,1.0,6.470141232711676,10.923063635163597,22.51709115018485,0.7160677197674392,1.3055013340578372,0.63475,0.23625,111.35528725660043
PLA,120.0,E3MPa_t6mm,2.0,5.925426122834161,10.003461172987736,21.852162566421793,0.7436577300667881,1.3579471872698843,0.59775,0.20775,101.9803902718557
PLA,120.0,E3MPa_t6mm,3.0,5.325281391916787,8.990280957851814,21.077252320770597,0.7683798038031013,1.4215550114613378,0.55775,0.18,91.6515138991168
PLA,120.0,E3MPa_t6mm,5.0,3.8541557097443055,6.5066876538214515,19.15936430828527,0.8496842300718191,1.5938734351205666,0.44,0.11825,66.332495807108
PLA,120.0,E10MPa_t6mm,0.0,12.450372200378329,21.019047797385944,31.329547418503328,0.5079014777993764,0.9311215056464721,0.8995,0.57475,120.0
PLA,120.0,E10MPa_t6mm,1.0,11.553456440206013,19.50485087781772,29.94619490611954,0.5327632267869934,0.9710612382877379,0.877,0.53,111.35528725660043
PLA,120.0,E10MPa_t6mm,2.0,10.580781800203708,17.862755812668397,28.453918320699774,0.5625475378909452,1.018703383891884,0.847,0.47775,101.9803902718557
PLA,120.0,E10MPa_t6mm,3.0,9.509128839767932,16.053562927902654,26.93981634458522,0.5962054816496759,1.0803489156965156,0.8065,0.41525,91.6515138991168
PLA,120.0,E10MPa_t6mm,5.0,6.882202181487747,11.61871583241255,23.109059851745357,0.6983173330598199,1.268269086261581,0.66125,0.25875,66.332495807108
PLA,150.0,なし,0.0,46.38842374858022,78.31416445422992,86.95201542748688,0.18364993436434404,0.3584373434114171,1.0,1.0,150.0
PLA,150.0,なし,1.0,44.27874337597406,74.75254622504409,83.35939175935589,0.19126095144603578,0.3723493278635143,1.0,1.0,143.17821063276352
PLA,150.0,なし,2.0,42.06338517086911,71.01251988269772,79.62719617595565,0.19999334527430507,0.3881131221791667,1.0,0.99925,136.01470508735443
PLA,150.0,なし,3.0,39.72467280054572,67.06424377456085,75.75866330290148,0.2099540201352483,0.4068388002703607,1.0,0.99775,128.4523257866513
PLA,150.0,なし,5.0,34.57588962363033,58.371931773585274,67.23660306560217,0.23665827254829436,0.4548305826947441,1.0,0.99075,111.80339887498948
PLA,150.0,E3MPa_t1mm,0.0,20.380274694456425,34.40651902066171,43.72580061980151,0.3632556066998018,0.6778625576967383,0.99125,0.83775,150.0
PLA,150.0,E3MPa_t1mm,1.0,19.45340841970975,32.84175884986992,42.23188565222893,0.3762562992440175,0.7000606529184686,0.98775,0.81725,143.17821063276352
PLA,150.0,E3MPa_t1mm,2.0,18.480113681105088,31.19861691785169,40.639661977702225,0.39051827442111164,0.7250104691199243,0.983,0.79525,136.01470508735443
PLA,150.0,E3MPa_t1mm,3.0,17.452624564491746,29.46398260284435,39.00514791614412,0.4062253826560674,0.7540042937615398,0.9745,0.775,128.4523257866513
PLA,150.0,E3MPa_t1mm,5.0,15.190559872307775,25.645105133113027,35.50743651876593,0.4446746680591021,0.8242248250069435,0.946,0.69525,111.80339887498948
PLA,150.0,E3MPa_t3mm,0.0,12.207443097692202,20.608928458095782,30.94398489839998,0.5140999599090439,0.94127249537469,0.89325,0.56175,150.0
PLA,150.0,E3MPa_t3mm,1.0,11.652265727525664,19.671663331258614,30.098812067867918,0.5300797088780486,0.9671016607576612,0.879,0.53475,143.17821063276352
PLA,150.0,E3MPa_t3mm,2.0,11.069278485355103,18.68744884262856,29.217517147980995,0.546430411177021,0.9943250544928834,0.863,0.5085,136.01470508735443
PLA,150.0,E3MPa_t3mm,3.0,10.453829718711777,17.648431949420722,28.26357857761972,0.5668493940262999,1.0250939894983258,0.84175,0.46925,128.4523257866513
PLA,150.0,E3MPa_t3mm,5.0,9.09889086596679,15.360988325244033,26.2901849109695,0.6131205711451524,1.1042016842884503,0.787,0.3905,111.80339887498948
PLA,150.0,E10MPa_t3mm,0.0,21.356833626217846,36.05517164994083,45.36500182384425,0.3501127853185712,0.6557534813342235,0.9935,0.86025,150.0
PLA,150.0,E10MPa_t3mm,1.0,20.385554822556706,34.41543307263782,43.73479192675446,0.3631820700988751,0.6777419640776285,0.99125,0.83775,143.17821063276352
PLA,150.0,E10MPa_t3mm,2.0,19.365622848464763,32.6935569256043,42.089473017729894,0.37732926868044064,0.7021947802905781,0.9875,0.815,136.01470508735443
PLA,150.0,E10MPa_t3mm,3.0,18.288899671508297,30.875804367145555,40.349165090482494,0.39339840291395867,0.7305752596143191,0.9805,0.79225,128.4523257866513
PLA,150.0,E10MPa_t3mm,5.0,15.91844392412548,26.873938249896984,36.56867418822246,0.4316845963033469,0.8008355012878441,0.9555,0.72,111.80339887498948
PLA,150.0,E3MPa_t6mm,0.0,8.715537526928028,14.7138010743843,25.692855456881823,0.626535544569518,1.1277309795645944,0.7685,0.368,150.0
PLA,150.0,E3MPa_t6mm,1.0,8.319167118721706,14.04463806291185,25.112341025546435,0.6397114461657685,1.157385164070316,0.74975,0.34375,143.17821063276352
PLA,150.0,E3MPa_t6mm,2.0,7.90294177601924,13.341955425642528,24.527581084990445,0.6563975472995944,1.1879722079575035,0.72625,0.31625,136.01470508735443
PLA,150.0,E3MPa_t6mm,3.0,7.46354043876496,12.600146461111946,23.898740340117715,0.6733276664097043,1.2207999642260878,0.697,0.29225,128.4523257866513
PLA,150.0,E3MPa_t6mm,5.0,6.4961781235538245,10.967019803244243,22.549616081560778,0.7147569595405417,1.3026709889612733,0.636,0.23725,111.80339887498948
PLA,150.0,E10MPa_t6mm,0.0,15.562965250472914,26.273809746732432,36.047206994022055,0.43764822354504695,0.8117857849025205,0.951,0.7075,150.0
PLA,150.0,E10MPa_t6mm,1.0,14.855183444683936,25.078913773618744,35.00325564829568,0.45114723949007735,0.8355755108352066,0.94225,0.68125,143.17821063276352
PLA,150.0,E10MPa_t6mm,2.0,14.11194752551879,23.8241632281538,33.85914181526674,0.46647763164070655,0.8629949113247122,0.933,0.6495,136.01470508735443
PLA,150.0,E10MPa_t6mm,3.0,13.3273272170672,22.499546461625123,32.68306107932922,0.48474521937359355,0.8930011841756673,0.919,0.619,128.4523257866513
PLA,150.0,E10MPa_t6mm,5.0,11.59994941050816,19.583341540530085,30.022203263209466,0.5313701247184646,0.9694057111622303,0.87825,0.5325,111.80339887498948
PLA,180.0,なし,0.0,55.66610849829626,93.97699734507589,102.66489480173843,0.1559340833900581,0.3066506391389745,1.0,1.0,180.0
PLA,180.0,なし,1.0,53.92065367205424,91.03027432101688,99.74236953153185,0.1605560149308474,0.315471275477246,1.0,1.0,174.35595774162695
PLA,180.0,なし,2.0,52.116774166281076,87.98491720700072,96.74391172215074,0.16553540049009363,0.32486888548569137,1.0,1.0,168.52299546352717
PLA,180.0,なし,3.0,50.24817814186568,84.83030395375204,93.53432994462796,0.17102549119425867,0.3353863171130943,1.0,1.0,162.48076809271922
PLA,180.0,なし,5.0,46.285223567913306,78.13993917845296,86.77395722040637,0.1840078949013245,0.35912613995478426,1.0,1.0,149.66629547095766
PLA,180.0,E3MPa_t1mm,0.0,24.456329633347707,41.28782282479405,50.45667709888259,0.3156125931590536,0.5935801270218046,0.998,0.91625,180.0
PLA,180.0,E3MPa_t1mm,1.0,23.689482089262622,39.993210509353176,49.20781441717526,0.32314993482626475,0.6082154329272487,0.99775,0.9015,174.35595774162695
PLA,180.0,E3MPa_t1mm,2.0,22.89696626586212,38.6552643255649,47.87939404553393,0.33123723360566315,0.6229532131211304,0.99675,0.8895,168.52299546352717
PLA,180.0,E3MPa_t1mm,3.0,22.07601790863926,37.26931758582579,46.50990858786551,0.34120450989550943,0.6395034576279464,0.99525,0.87525,162.48076809271922
PLA,180.0,E3MPa_t1mm,5.0,20.33493476133198,34.3299749458232,43.6485931641857,0.3638929280987901,0.678813232801386,0.991,0.83725,149.66629547095766
PLA,180.0,E3MPa_t3mm,0.0,14.648931717230644,24.730714149714938,34.674454992539175,0.4554172924733122,0.8430730134235264,0.9395,0.67225,180.0
PLA,180.0,E3MPa_t3mm,1.0,14.189602885830249,23.955263062266408,33.971221614296354,0.4649548125829913,0.8602399718658001,0.9335,0.654,174.35595774162695
PLA,180.0,E3MPa_t3mm,2.0,13.714899185157662,23.153855713678876,33.25518097867592,0.47618840304773863,0.8783951217270678,0.926,0.63575,168.52299546352717
PLA,180.0,E3MPa_t3mm,3.0,13.22316487307462,22.323696836262013,32.526978142425634,0.4877066655203987,0.8974275580486037,0.917,0.6125,162.48076809271922
PLA,180.0,E3MPa_t3mm,5.0,12.180285237360692,20.563079839661274,30.90599365379541,0.5147474396000199,0.9424204011869224,0.893,0.56125,149.66629547095766
PLA,180.0,E10MPa_t3mm,0.0,25.628200351461416,43.26620597992899,52.374052885411174,0.30402430432961813,0.573653208360936,0.999,0.9305,180.0
PLA,180.0,E10MPa_t3mm,1.0,24.82460787485197,41.909559897094596,51.06599723724455,0.3116475419765827,0.5870325678696102,0.99875,0.91925,174.35595774162695
PLA,180.0,E10MPa_t3mm,2.0,23.994117175376097,40.50750352266448,49.70788702086924,0.32005558408715534,0.6024974428765655,0.998,0.90725,168.52299546352717
PLA,180.0,E10MPa_t3mm,3.0,23.133831544108595,39.05514655598147,48.289941424966656,0.3289614949384505,0.61849360027733,0.99725,0.89125,162.48076809271922
PLA,180.0,E10MPa_t3mm,5.0,21.30932114550403,35.974959822774274,45.28375821212953,0.35072723791416366,0.6567135779987798,0.9935,0.85975,149.66629547095766
PLA,180.0,E3MPa_t6mm,0.0,10.458645032313633,17.65656128926116,28.271573986460155,0.5666862056034009,1.0248457629973504,0.842,0.4705,180.0
PLA,180.0,E3MPa_t6mm,1.0,10.13070595160418,17.102925855627024,27.77813410917269,0.5770410530915189,1.0423462939371249,0.83075,0.45275,174.35595774162695
PLA,180.0,E3MPa_t6mm,2.0,9.791789940751286,16.53075887806471,27.311436686032973,0.5871473083337492,1.0636855379391472,0.82,0.43625,168.52299546352717
PLA,180.0,E3MPa_t6mm,3.0,9.440714878107896,15.938064667529588,26.83066404212828,0.5990319461090625,1.0843117245431495,0.80375,0.41075,162.48076809271922
PLA,180.0,E3MPa_t6mm,5.0,8.696148097956199,14.681067327331299,25.66507363455056,0.6271158551452651,1.1290620161947695,0.7675,0.36625,149.66629547095766
PLA,180.0,E10MPa_t6mm,0.0,18.675558300567495,31.528571696078917,40.958916464403494,0.3874133836934622,0.7199684128714388,0.984,0.79825,180.0
PLA,180.0,E10MPa_t6mm,1.0,18.089971410305758,30.53996841275217,40.025641108003335,0.3966264878147207,0.7361927113251439,0.97975,0.788,174.35595774162695
PLA,180.0,E10MPa_t6mm,2.0,17.484783482029854,29.51827413838777,39.056430265273434,0.4057843289131277,0.7530758717891172,0.97475,0.7755,168.52299546352717
PLA,180.0,E10MPa_t6mm,3.0,16.85788365131425,28.459925255807054,38.08928612997301,0.41459073319655465,0.7715966248699325,0.9685,0.75475,162.48076809271922
PLA,180.0,E10MPa_t6mm,5.0,15.528342370543506,26.21535848468122,35.99756703192252,0.43826027527410494,0.8129399317662858,0.95075,0.7065,149.66629547095766
steel,60.0,なし,0.0,18.555369499432086,31.325665781691963,40.75952942062835,3.536411297825006,5.76044490537524,0.0,0.0,60.0
steel,60.0,なし,1.0,12.370246332954725,20.883777187794642,31.201864494001438,4.644946408094756,7.4235825628533565,0.0,0.0,40.0
steel,60.0,なし,2.0,1.5462807916193406,2.6104721484743303,16.477130607914944,8.978532394721062,15.988368005732621,0.0,0.0,5.0
steel,60.0,なし,3.0,1.5462807916193406,2.6104721484743303,16.477130607914944,8.978532394721062,15.988368005732621,0.0,0.0,5.0
steel,60.0,なし,5.0,1.5462807916193406,2.6104721484743303,16.477130607914944,8.978532394721062,15.988368005732621,0.0,0.0,5.0
steel,60.0,E3MPa_t1mm,0.0,8.325893900180018,14.055994393366817,25.121413904848882,5.808647419016908,9.188895046301448,0.0,0.0,60.0
steel,60.0,E3MPa_t1mm,1.0,5.550595933453346,9.370662928911212,21.356691650530706,6.879111620843061,11.098390553985594,0.0,0.0,40.0
steel,60.0,E3MPa_t1mm,2.0,0.6938244916816683,1.1713328661139015,15.50278259494339,9.586072892970778,17.647394216568337,0.0,0.0,5.0
steel,60.0,E3MPa_t1mm,3.0,0.6938244916816683,1.1713328661139015,15.50278259494339,9.586072892970778,17.647394216568337,0.0,0.0,5.0
steel,60.0,E3MPa_t1mm,5.0,0.6938244916816683,1.1713328661139015,15.50278259494339,9.586072892970778,17.647394216568337,0.0,0.0,5.0
steel,60.0,E3MPa_t3mm,0.0,4.919570188838144,8.305348569309581,20.54787495079409,7.1447462568487206,11.667815324639694,0.0,0.0,60.0
steel,60.0,E3MPa_t3mm,1.0,3.2797134592254293,5.536899046206387,18.504585710630746,7.954387343744669,13.416192285272698,0.0,0.0,40.0
steel,60.0,E3MPa_t3mm,2.0,0.40996418240317867,0.6921123807757984,15.230318938746,9.787398694713417,18.26419514390887,0.0,0.0,5.0
steel,60.0,E3MPa_t3mm,3.0,0.40996418240317867,0.6921123807757984,15.230318938746,9.787398694713417,18.26419514390887,0.0,0.0,5.0
steel,60.0,E3MPa_t3mm,5.0,0.40996418240317867,0.6921123807757984,15.230318938746,9.787398694713417,18.26419514390887,0.0,0.0,5.0
steel,60.0,E10MPa_t3mm,0.0,8.74334939093251,14.76075379912508,25.732688869213778,5.654568530335321,8.97365485951031,0.0,0.0,60.0
steel,60.0,E10MPa_t3mm,1.0,5.828899593955006,9.840502532750053,21.73368643374656,6.752975287495683,10.860433578604148,0.0,0.0,40.0
steel,60.0,E10MPa_t3mm,2.0,0.7286124492443757,1.2300628165937566,15.536762648946373,9.560688699669388,17.57172710314083,0.0,0.0,5.0
steel,60.0,E10MPa_t3mm,3.0,0.7286124492443757,1.2300628165937566,15.536762648946373,9.560688699669388,17.57172710314083,0.0,0.0,5.0
steel,60.0,E10MPa_t3mm,5.0,0.7286124492443757,1.2300628165937566,15.536762648946373,9.560688699669388,17.57172710314083,0.0,0.0,5.0
steel,60.0,E3MPa_t6mm,0.0,3.499458867254888,5.907879058714522,18.746135508581673,7.830992704464256,13.14803315570641,0.0,0.0,60.0
steel,60.0,E3MPa_t6mm,1.0,2.332972578169925,3.9385860391430145,17.421795224618407,8.506336401636972,14.66812157956129,0.0,0.0,40.0
steel,60.0,E3MPa_t6mm,2.0,0.29162157227124064,0.4923232548928768,15.089293876871322,9.867837711132582,18.531157266184685,0.0,0.0,5.0
steel,60.0,E3MPa_t6mm,3.0,0.29162157227124064,0.4923232548928768,15.089293876871322,9.867837711132582,18.531157266184685,0.0,0.0,5.0
steel,60.0,E3MPa_t6mm,5.0,0.29162157227124064,0.4923232548928768,15.089293876871322,9.867837711132582,18.531157266184685,0.0,0.0,5.0
steel,60.0,E10MPa_t6mm,0.0,6.30154750600598,10.638439244588449,22.318339099562273,6.550910350425577,10.492075765576907,0.0,0.0,60.0
steel,60.0,E10MPa_t6mm,1.0,4.201031670670654,7.092292829725633,19.591823209876132,7.490119347101527,12.36862037039954,0.0,0.0,40.0
steel,60.0,E10MPa_t6mm,2.0,0.5251289588338317,0.8865366037157041,15.346017147996708,9.727024982370516,17.991146655634715,0.0,0.0,5.0
steel,60.0,E10MPa_t6mm,3.0,0.5251289588338317,0.8865366037157041,15.346017147996708,9.727024982370516,17.991146655634715,0.0,0.0,5.0
steel,60.0,E10MPa_t6mm,5.0,0.5251289588338317,0.8865366037157041,15.346017147996708,9.727024982370516,17.991146655634715,0.0,0.0,5.0
steel,90.0,なし,0.0,27.83305424914813,46.98849867253794,56.06107061920188,2.5820767716492625,4.31074752617039,0.0,0.0,90.0
steel,90.0,なし,1.0,24.153678103211277,40.77687850316997,49.97129694179841,2.891670800524773,4.791626300236467,0.0,0.0,78.10249675906654
steel,90.0,なし,2.0,19.802056029389306,33.430354970078774,42.789432363416886,3.371261090096362,5.50699678166288,0.0,0.0,64.03124237432849
steel,90.0,なし,3.0,14.171897546503732,23.925372439915236,33.941016712903924,4.25178889644978,6.844133870034069,0.0,0.0,45.8257569495584
steel,90.0,なし,5.0,1.5462807916193406,2.6104721484743303,16.477130607914944,8.978532394721062,15.988368005732621,0.0,0.0,5.0
steel,90.0,E3MPa_t1mm,0.0,12.488840850270027,21.08399159005023,31.390848342633657,4.613270691207869,7.380884927272794,0.0,0.0,90.0
steel,90.0,E3MPa_t1mm,1.0,10.837885022585695,18.29680427588982,28.85538087008544,5.030261261420878,8.003984782125166,0.0,0.0,78.10249675906654
steel,90.0,E3MPa_t1mm,2.0,8.88528883842283,15.000379730231218,25.960753182722833,5.608815010302662,8.899764999733899,0.0,0.0,64.03124237432849
steel,90.0,E3MPa_t1mm,3.0,6.359006504291006,10.735443045913055,22.396010873523295,6.5311966232286025,10.449431625732174,0.0,0.0,45.8257569495584
steel,90.0,E3MPa_t1mm,5.0,0.6938244916816683,1.1713328661139015,15.50278259494339,9.586072892970778,17.647394216568337,0.0,0.0,5.0
steel,90.0,E3MPa_t3mm,0.0,7.379355283257217,12.458022853964371,23.767794754440484,6.144786063043015,9.750450602200537,0.0,0.0,90.0
steel,90.0,E3MPa_t3mm,1.0,6.403845245495525,10.811140995290323,22.444077963513294,6.515765963784828,10.418027023661326,0.0,0.0,78.10249675906654
steel,90.0,E3MPa_t3mm,2.0,5.25010318565027,8.863363120745735,20.97763825277575,6.99778468384454,11.361423744132864,0.0,0.0,64.03124237432849
steel,90.0,E3MPa_t3mm,3.0,3.757383796166499,6.34331474864239,19.034001843784566,7.701057677950669,12.85479761192632,0.0,0.0,45.8257569495584
steel,90.0,E3MPa_t3mm,5.0,0.40996418240317867,0.6921123807757984,15.230318938746,9.787398694713417,18.26419514390887,0.0,0.0,5.0
steel,90.0,E10MPa_t3mm,0.0,13.115024086398765,22.14113069868762,32.38475169402542,4.471716420048195,7.1704855571209505,0.0,0.0,90.0
steel,90.0,E10MPa_t3mm,1.0,11.381290291144879,19.214195429292428,29.680020172947877,4.890677180295171,7.793380957706149,0.0,0.0,78.10249675906654
steel,90.0,E10MPa_t3mm,2.0,9.330792066903948,15.7524900689928,26.655772694884366,5.470085785789238,8.676667844132595,0.0,0.0,64.03124237432849
steel,90.0,E10MPa_t3mm,3.0,6.677843401899044,11.273711933182945,22.80128806418408,6.407822760268817,10.228527157860485,0.0,0.0,45.8257569495584
steel,90.0,E10MPa_t3mm,5.0,0.7286124492443757,1.2300628165937566,15.536762648946373,9.560688699669388,17.57172710314083,0.0,0.0,5.0
steel,90.0,E3MPa_t6mm,0.0,5.249188300882333,8.861818588071783,20.976482331563265,6.998250809393633,11.362252344883796,0.0,0.0,90.0
steel,90.0,E3MPa_t6mm,1.0,4.555274580637693,7.6903350839368,20.068778457858272,7.314744647061952,12.00668822288652,0.0,0.0,78.10249675906654
steel,90.0,E3MPa_t6mm,2.0,3.734578315136513,6.30481393211282,19.004507354483515,7.70963607820798,12.882142158407664,0.0,0.0,64.03124237432849
steel,90.0,E3MPa_t6mm,3.0,2.6727558584299906,4.512217163867292,17.786561485845258,8.285117450295433,14.194424275308783,0.0,0.0,45.8257569495584
steel,90.0,E3MPa_t6mm,5.0,0.29162157227124064,0.4923232548928768,15.089293876871322,9.867837711132582,18.531157266184685,0.0,0.0,5.0
steel,90.0,E10MPa_t6mm,0.0,9.45232125900897,15.957658866882674,26.84929068852886,5.433055098662554,8.617566601301169,0.0,0.0,90.0
steel,90.0,E10MPa_t6mm,1.0,8.202776561082263,13.848144443699928,24.9565500718666,5.853136345366933,9.253456504173533,0.0,0.0,78.10249675906654
steel,90.0,E10MPa_t6mm,2.0,6.724931928173568,11.35320802924685,22.870826675097597,6.388531960729406,10.196282224683785,0.0,0.0,64.03124237432849
steel,90.0,E10MPa_t6mm,3.0,4.812886406938766,8.125242185752565,20.408701164839048,7.191086597775176,11.77262693925911,0.0,0.0,45.8257569495584
steel,90.0,E10MPa_t6mm,5.0,0.5251289588338317,0.8865366037157041,15.346017147996708,9.727024982370516,17.991146655634715,0.0,0.0,5.0
steel,120.0,なし,0.0,37.11073899886417,62.65133156338393,71.44962610567607,2.0250121929459373,3.4407244263778063,0.0,0.0,120.0
steel,120.0,なし,1.0,34.43730834602704,58.13797519374279,67.01602092917047,2.1564514720295587,3.6534813381185227,0.0,0.0,111.35528725660043
steel,120.0,なし,2.0,31.538063719842864,53.24339369904437,62.17815255295665,2.326620475687068,3.912234899321261,0.0,0.0,101.9803902718557
steel,120.0,なし,3.0,28.343795093007465,47.85074487983047,56.864817717071055,2.5428452152249617,4.253284910706839,0.0,0.0,91.6515138991168
steel,120.0,なし,5.0,20.513732825340313,34.63182656864915,43.95306082965903,3.2832132151659814,5.380925380257326,0.0,0.0,66.332495807108
steel,120.0,E3MPa_t1mm,0.0,16.651787800360037,28.111988786733633,37.765987952320515,3.8163749625368393,6.188090630137487,0.0,0.0,120.0
steel,120.0,E3MPa_t1mm,1.0,15.452205115375389,26.086821555842118,35.88768590095195,4.014391552442711,6.49050311789251,0.0,0.0,111.35528725660043
steel,120.0,E3MPa_t1mm,2.0,14.151298488373683,23.89059656490939,33.91039846865722,4.255859413481956,6.849410658180878,0.0,0.0,101.9803902718557
steel,120.0,E3MPa_t1mm,3.0,12.718013008582012,21.47088609182611,31.75604091188207,4.56487627923776,7.304149701046113,0.0,0.0,91.6515138991168
steel,120.0,E3MPa_t1mm,5.0,9.20462203706862,15.539486486045634,26.45553402848843,5.502823819055598,8.741184535588776,0.0,0.0,66.332495807108
steel,120.0,E3MPa_t3mm,0.0,9.839140377676287,16.610697138619162,27.383669593870785,5.320519775214719,8.44356159075518,0.0,0.0,120.0
steel,120.0,E3MPa_t3mm,1.0,9.13033585928466,15.41407459502773,26.335465813376562,5.5306098130281995,8.77889321206079,0.0,0.0,111.35528725660043
steel,120.0,E3MPa_t3mm,2.0,8.36166146379168,14.116378140699824,25.17711371820161,5.794745501877766,9.170000649675982,0.0,0.0,101.9803902718557
steel,120.0,E3MPa_t3mm,3.0,7.514767592332998,12.68662949728478,23.981956640814225,6.097990359659252,9.661039922455851,0.0,0.0,91.6515138991168
steel,120.0,E3MPa_t3mm,5.0,5.438789482064662,9.181908319171637,21.216036027199745,6.9213958608536785,11.201797487714893,0.0,0.0,66.332495807108
steel,120.0,E10MPa_t3mm,0.0,17.48669878186502,29.52150759825016,39.0594845059741,3.6847476099414287,5.989627797061578,0.0,0.0,120.0
steel,120.0,E10MPa_t3mm,1.0,16.226969716868535,27.394799657092157,37.073330345853684,3.8828056514288916,6.287222452006837,0.0,0.0,111.35528725660043
steel,120.0,E10MPa_t3mm,2.0,14.860836386174817,25.088457219025873,35.01244965639003,4.119937593203689,6.6499044843211585,0.0,0.0,101.9803902718557
steel,120.0,E10MPa_t3mm,3.0,13.355686803798088,22.54742386636589,32.723183931093864,4.423981317650649,7.090206480776194,0.0,0.0,91.6515138991168
steel,120.0,E10MPa_t3mm,5.0,9.66613644690185,16.318627324836964,27.172013445216816,5.3709071182848955,8.521276520292217,0.0,0.0,66.332495807108
steel,120.0,E3MPa_t6mm,0.0,6.998917734509776,11.815758117429043,23.264236081181153,6.2829052215237065,10.008314828458811,0.0,0.0,120.0
steel,120.0,E3MPa_t6mm,1.0,6.4947207900970945,10.964559494340161,22.5477956003459,6.480699424851216,10.346875108064722,0.0,0.0,111.35528725660043
steel,120.0,E3MPa_t6mm,2.0,5.947936350382659,10.041463534777174,21.879798852232337,6.70089029632522,10.766631517099938,0.0,0.0,101.9803902718557
steel,120.0,E3MPa_t6mm,3.0,5.345511716859981,9.024434327734584,21.10396854204713,6.956293789907839,11.27898294941491,0.0,0.0,91.6515138991168
steel,120.0,E3MPa_t6mm,5.0,3.8687973439888634,6.531406048184703,19.17081280880141,7.648072138162627,12.72338821471497,0.0,0.0,66.332495807108
steel,120.0,E10MPa_t6mm,0.0,12.60309501201196,21.276878489176898,31.57291570710407,4.591505866527674,7.340440293780651,0.0,0.0,120.0
steel,120.0,E10MPa_t6mm,1.0,11.695177211540166,19.744107634050636,30.16164901213086,4.807648986387098,7.676041004756581,0.0,0.0,111.35528725660043
steel,120.0,E10MPa_t6mm,2.0,10.71057123298548,18.081869767442598,28.651560247842784,5.066860895644049,8.058259692393296,0.0,0.0,101.9803902718557
steel,120.0,E10MPa_t6mm,3.0,9.625772813877532,16.25048437150513,27.118863814189258,5.382425449582791,8.540297698268773,0.0,0.0,91.6515138991168
steel,120.0,E10MPa_t6mm,5.0,6.966622892007226,11.761237109763943,23.222536480866246,6.294431068355768,10.026994689007495,0.0,0.0,66.332495807108
steel,150.0,なし,0.0,46.38842374858022,78.31416445422992,86.95201542748688,1.668478912052448,2.867070689635276,0.0195,0.0,150.0
steel,150.0,なし,1.0,44.27874337597406,74.75254622504409,83.35939175935589,1.7421955129604076,2.980754699535349,0.011,0.0,143.17821063276352
steel,150.0,なし,2.0,42.06338517086911,71.01251988269772,79.62719617595565,1.8222012359949196,3.107001965419612,0.00425,0.0,136.01470508735443
steel,150.0,なし,3.0,39.72467280054572,67.06424377456085,75.75866330290148,1.9147327216062993,3.256412064871327,0.00075,0.0,128.4523257866513
steel,150.0,なし,5.0,34.57588962363033,58.371931773585274,67.23660306560217,2.1485943019896125,3.641923812887146,0.0,0.0,111.80339887498948
steel,150.0,E3MPa_t1mm,0.0,20.81473475045005,35.13998598341705,44.464006082654784,3.244291262999522,5.322570213525907,0.0,0.0,150.0
steel,150.0,E3MPa_t1mm,1.0,19.868109842433597,33.54186876510696,42.89024869662695,3.36296345756115,5.496337954805085,0.0,0.0,143.17821063276352
steel,150.0,E3MPa_t1mm,2.0,18.87406672369314,31.863698868721585,41.28079499919686,3.4970516329963095,5.691386920211233,0.0,0.0,136.01470508735443
steel,150.0,E3MPa_t1mm,3.0,17.824673928850277,30.092086184534978,39.611934189380484,3.6347604682580585,5.918740862559105,0.0,0.0,128.4523257866513
steel,150.0,E3MPa_t1mm,5.0,15.514387278544476,26.191799129103437,35.977559157380014,4.0045210303639385,6.473463910525892,0.0,0.0,111.80339887498948
steel,150.0,E3MPa_t3mm,0.0,12.298925472095362,20.763371423273952,31.088212606223774,4.664266055511269,7.450484717343714,0.0,0.0,150.0
steel,150.0,E3MPa_t3mm,1.0,11.739587612002204,19.819082447252143,30.232314268600916,4.79609968551651,7.659251803999242,0.0,0.0,143.17821063276352
steel,150.0,E3MPa_t3mm,2.0,11.152231473189346,18.827492271705395,29.331554357898355,4.947983318981479,7.878953763298075,0.0,0.0,136.01470508735443
steel,150.0,E3MPa_t3mm,3.0,10.53217054378225,17.780689003277544,28.37801262511575,5.119044460087902,8.137813405005375,0.0,0.0,128.4523257866513
steel,150.0,E3MPa_t3mm,5.0,9.167077801936307,15.47610331483904,26.39432391836631,5.516295652147288,8.76299188382416,0.0,0.0,111.80339887498948
steel,150.0,E10MPa_t3mm,0.0,21.858373477331277,36.90188449781271,46.198680201721885,3.129950778460331,5.14952954543692,0.0,0.0,150.0
steel,150.0,E10MPa_t3mm,1.0,20.864285345512997,35.22363860915825,44.54271754421339,3.237805208768233,5.313266124597887,0.0,0.0,143.17821063276352
steel,150.0,E10MPa_t3mm,2.0,19.820401481389755,33.46132624758407,42.81593430941933,3.3688635440052823,5.50398458424801,0.0,0.0,136.01470508735443
steel,150.0,E10MPa_t3mm,3.0,18.7183927405097,31.60088593102943,41.03005495035692,3.5174623864810357,5.726592165794513,0.0,0.0,128.4523257866513
steel,150.0,E10MPa_t3mm,5.0,16.2922696576304,27.505040744984964,37.17900565536894,3.87116425388643,6.268909398310109,0.0,0.0,111.80339887498948
steel,150.0,E3MPa_t6mm,0.0,8.748647168137222,14.769697646786303,25.74027658587326,5.652879678353502,8.970501933091928,0.0,0.0,150.0
steel,150.0,E3MPa_t6mm,1.0,8.350770979941874,14.09799253769201,25.159739645684088,5.798971296751735,9.175015909594748,0.0,0.0,143.17821063276352
steel,150.0,E3MPa_t6mm,2.0,7.932964429916684,13.392640464380213,24.567378190646313,5.9381967199035905,9.403657828589807,0.0,0.0,136.01470508735443
steel,150.0,E3MPa_t6mm,3.0,7.491893841560177,12.648013425968875,23.943592342590996,6.107206598398162,9.674552136840909,0.0,0.0,128.4523257866513
steel,150.0,E3MPa_t6mm,5.0,6.520856593038619,11.008682648444285,22.578544262617093,6.468835899884935,10.326694200355135,0.0,0.0,111.80339887498948
steel,150.0,E10MPa_t6mm,0.0,15.75386876501495,26.596098111471125,36.31199219127207,3.9622083078321944,6.411607002204747,0.0,0.0,150.0
steel,150.0,E10MPa_t6mm,1.0,15.037404935454832,25.38654491609238,35.29263521950677,4.087339200004297,6.601602880877834,0.0,0.0,143.17821063276352
steel,150.0,E10MPa_t6mm,2.0,14.28505209372262,24.11640294070726,34.11001238428327,4.229566922112887,6.812694244759891,0.0,0.0,136.01470508735443
steel,150.0,E10MPa_t6mm,3.0,13.490807220025669,22.7755377284562,32.9251605267492,4.393684165359768,7.047887438722712,0.0,0.0,128.4523257866513
steel,150.0,E10MPa_t6mm,5.0,11.742240489061363,19.82356110450107,30.236956943708325,4.7955120957956066,7.6583365278095314,0.0,0.0,111.80339887498948
steel,180.0,なし,0.0,55.66610849829626,93.97699734507589,102.66489480173843,1.4184914527077725,2.4580685160816067,0.07575,0.0,180.0
steel,180.0,なし,1.0,53.92065367205424,91.03027432101688,99.74236953153185,1.4609543726771446,2.5251633042177573,0.063,0.0,174.35595774162695
steel,180.0,なし,2.0,52.116774166281076,87.98491720700072,96.74391172215074,1.5063171912314326,2.6001795511837287,0.0485,0.0,168.52299546352717
steel,180.0,なし,3.0,50.24817814186568,84.83030395375204,93.53432994462796,1.5557350365922062,2.6835873632588405,0.0365,0.0,162.48076809271922
steel,180.0,なし,5.0,46.285223567913306,78.13993917845296,86.77395722040637,1.6720017363044328,2.8720916970968235,0.019,0.0,149.66629547095766
steel,180.0,E3MPa_t1mm,0.0,24.977681700540053,42.16798318010046,51.33324315351275,2.8167291642403316,4.676360089191377,0.0,0.0,180.0
steel,180.0,E3MPa_t1mm,1.0,24.194486750350947,40.845772741106835,50.029041473148894,2.8876848506882196,4.785873258426939,0.0,0.0,174.35595774162695
steel,180.0,E3MPa_t1mm,2.0,23.385076332830767,39.47930465647866,48.72213898318855,2.968555730764721,4.9079102315204794,0.0,0.0,168.52299546352717
steel,180.0,E3MPa_t1mm,3.0,22.54662726599559,38.06381275568659,47.30250662019545,3.058596325758425,5.036999618855415,0.0,0.0,162.48076809271922
steel,180.0,E3MPa_t1mm,5.0,20.768428275403114,35.06181016692938,44.386770855761135,3.250376228353765,5.332050426817613,0.0,0.0,149.66629547095766
steel,180.0,E3MPa_t3mm,0.0,14.758710566514434,24.916045707928742,34.844864525709504,4.138501044473228,6.677896534756052,0.0,0.0,180.0
steel,180.0,E3MPa_t3mm,1.0,14.295939532533854,24.134783403000384,34.12415722243679,4.2274410260465585,6.8093988754361865,0.0,0.0,174.35595774162695
steel,180.0,E3MPa_t3mm,2.0,13.817678410267902,23.327370321146176,33.39635230795304,4.326173703620786,6.9469424254828605,0.0,0.0,168.52299546352717
steel,180.0,E3MPa_t3mm,3.0,13.322259049474425,22.49099024698646,32.67688328895839,4.430842323548046,7.100508190428311,0.0,0.0,162.48076809271922
steel,180.0,E3MPa_t3mm,5.0,12.271564091212745,20.71717921605972,31.044875589769564,4.669384155727205,7.460274115959129,0.0,0.0,149.66629547095766
steel,180.0,E10MPa_t3mm,0.0,26.23004817279753,44.28226139737524,53.39803884943723,2.707529282258688,4.5118188552294995,0.0,0.0,180.0
steel,180.0,E10MPa_t3mm,1.0,25.40758428209514,42.89375609391353,52.00350685212174,2.7801667295121137,4.617922789527283,0.0,0.0,174.35595774162695
steel,180.0,E10MPa_t3mm,2.0,24.557590495735873,41.45877409213662,50.618603933832105,2.853540637050656,4.735105578021903,0.0,0.0,168.52299546352717
steel,180.0,E10MPa_t3mm,3.0,23.677102079028717,39.97231024848944,49.19032189417096,2.9398568243311343,4.863735854583743,0.0,0.0,162.48076809271922
steel,180.0,E10MPa_t3mm,5.0,21.809745222485382,36.819788991231924,46.128871636212494,3.1354082158917254,5.15758888439243,0.0,0.0,149.66629547095766
steel,180.0,E3MPa_t6mm,0.0,10.498376601764665,17.723637176143566,28.330334161716614,5.128531742163104,8.151036140569007,0.0,0.0,180.0
steel,180.0,E3MPa_t6mm,1.0,10.16919170629425,17.16789852506453,27.8329999132509,5.22509939835956,8.284936981981263,0.0,0.0,174.35595774162695
steel,180.0,E3MPa_t6mm,2.0,9.828988180186592,16.593557930180243,27.368184958621555,5.323474600889463,8.448088284050474,0.0,0.0,168.52299546352717
steel,180.0,E3MPa_t6mm,3.0,9.476579411007524,15.998612120980441,26.888221688938014,5.423448082521355,8.606412097106613,0.0,0.0,162.48076809271922
steel,180.0,E3MPa_t6mm,5.0,8.729184080250548,14.73683954680418,25.712400669145133,5.659089200056419,8.98144382832243,0.0,0.0,149.66629547095766
steel,180.0,E10MPa_t6mm,0.0,18.90464251801794,31.91531773376535,41.32753212587058,3.4923770612800635,5.684108263342724,0.0,0.0,180.0
steel,180.0,E10MPa_t6mm,1.0,18.31187251106722,30.914587722772158,40.38759989649663,3.5730552268453235,5.8144440079604855,0.0,0.0,174.35595774162695
steel,180.0,E10MPa_t6mm,2.0,17.69926102946411,29.880360809246483,39.4093961920029,3.652347812676679,5.942952117065926,0.0,0.0,168.52299546352717
steel,180.0,E10MPa_t6mm,3.0,17.06467131581018,28.809029662807653,38.41706789457086,3.747555151357958,6.094021345217236,0.0,0.0,162.48076809271922
steel,180.0,E10MPa_t6mm,5.0,15.718821182636123,26.536929855506777,36.270662771858646,3.968561842199195,6.420217578874784,0.0,0.0,149.66629547095766
