E_mpa,t_mm,omega_dps,k_pad_n_mm,impact_p50,impact_p95,load_p95,sf_p05,sf_p50,p_sf_lt_1p5,p_sf_lt_1,omega_impact_dps,stroke_p95_mm,strain
3.0,1.0,60.0,21.6,8.325893900180018,14.055994393366817,25.121413904848882,5.808647419016908,9.188895046301448,0.0,0.0,60.0,0.6507404811743897,0.6507404811743897
3.0,1.0,120.0,21.6,16.651787800360037,28.111988786733633,37.765987952320515,3.8163749625368393,6.188090630137487,0.0,0.0,120.0,1.3014809623487793,1.3014809623487793
3.0,2.0,60.0,10.8,5.989830863103469,10.112190959721156,21.925424267642764,6.681263767159495,10.72788021052536,0.0,0.0,60.0,0.9363139777519588,0.4681569888759794
3.0,2.0,120.0,10.8,11.979661726206938,20.224381919442312,30.62039604788258,4.734977630622671,7.569333730613881,0.0,0.0,120.0,1.8726279555039176,0.9363139777519588
3.0,3.0,60.0,7.2,4.919570188838144,8.305348569309581,20.54787495079409,7.1447462568487206,11.667815324639694,0.0,0.0,60.0,1.1535206346263307,0.3845068782087769
3.0,3.0,120.0,7.2,9.839140377676287,16.610697138619162,27.383669593870785,5.320519775214719,8.44356159075518,0.0,0.0,120.0,2.3070412692526614,0.7690137564175538
3.0,4.0,60.0,5.4,4.273151593982354,7.214047592622312,19.685891665074248,7.462332622180978,12.29409654449709,0.0,0.0,60.0,1.335934739374502,0.3339836848436255
3.0,4.0,120.0,5.4,8.546303187964709,14.428095185244624,25.44859863193004,5.7273538247476905,9.072534935358046,0.0,0.0,120.0,2.671869478749004,0.667967369687251
3.0,6.0,60.0,3.6,3.499458867254888,5.907879058714522,18.746135508581673,7.830992704464256,13.14803315570641,0.0,0.0,60.0,1.6410775163095892,0.27351291938493155
3.0,6.0,120.0,3.6,6.998917734509776,11.815758117429043,23.264236081181153,6.2829052215237065,10.008314828458811,0.0,0.0,120.0,3.2821550326191784,0.5470258387698631
3.0,8.0,60.0,2.7,3.035173755925085,5.124060648341277,18.20661273416559,8.085212493230399,13.70159671102843,0.0,0.0,60.0,1.8978002401263987,0.23722503001579984
3.0,8.0,120.0,2.7,6.07034751185017,10.248121296682553,22.023682521373214,6.651427070413653,10.661395244095822,0.0,0.0,120.0,3.7956004802527974,0.4744500600315997
10.0,1.0,60.0,72.0,14.123443897961362,23.84357170831632,33.87468727879802,4.261376086426424,6.858655884151412,0.0,0.0,60.0,0.33116071817105996,0.33116071817105996
10.0,1.0,120.0,72.0,28.246887795922724,47.68714341663264,56.716694949190604,2.549865803481438,4.264778826404065,0.0,0.0,120.0,0.6623214363421199,0.6623214363421199
10.0,2.0,60.0,36.0,10.513409015639152,17.749015295018463,28.348595247460032,5.124256643606091,8.145178039576962,0.0,0.0,60.0,0.4930282026394017,0.24651410131970086
10.0,2.0,120.0,36.0,21.026818031278303,35.498030590036926,44.80090183506562,3.2196042110939502,5.284935661260015,0.0,0.0,120.0,0.9860564052788034,0.4930282026394017
10.0,3.0,60.0,24.0,8.74334939093251,14.76075379912508,25.732688869213778,5.654568530335321,8.97365485951031,0.0,0.0,60.0,0.6150314082968783,0.20501046943229276
10.0,3.0,120.0,24.0,17.48669878186502,29.52150759825016,39.0594845059741,3.6847476099414287,5.989627797061578,0.0,0.0,120.0,1.2300628165937566,0.4100209388645855
10.0,4.0,60.0,18.0,7.643832291948723,12.904519938350935,24.16227583289774,6.04905779572829,9.56992148699343,0.0,0.0,60.0,0.7169177743528298,0.17922944358820744
10.0,4.0,120.0,18.0,15.287664583897445,25.80903987670187,35.64881366837918,4.04212984894987,6.5333438805277995,0.0,0.0,120.0,1.4338355487056595,0.3584588871764149
10.0,6.0,60.0,12.0,6.30154750600598,10.638439244588449,22.318339099562273,6.550910350425577,10.492075765576907,0.0,0.0,60.0,0.8865366037157041,0.14775610061928401
10.0,6.0,120.0,12.0,12.60309501201196,21.276878489176898,31.57291570710407,4.591505866527674,7.340440293780651,0.0,0.0,120.0,1.7730732074314082,0.29551220123856803
10.0,8.0,60.0,9.0,5.484023215405188,9.25827310472478,21.273187084601318,6.9043811213407,11.15690001770076,0.0,0.0,60.0,1.0286970116360867,0.12858712645451084
10.0,8.0,120.0,9.0,10.968046430810375,18.51654620944956,29.059319863421294,4.99613678325988,7.951500022307597,0.0,0.0,120.0,2.0573940232721735,0.2571742529090217
30.0,1.0,60.0,216.0,20.743687018152443,35.02004132176156,44.344510059751215,3.2536491015593856,5.3371470414389,0.0,0.0,60.0,0.1621298209340813,0.1621298209340813
30.0,1.0,120.0,216.0,41.487374036304885,70.04008264352312,78.70049164873696,1.8431942655636742,3.143099452059733,0.002,0.0,120.0,0.3242596418681626,0.3242596418681626
30.0,2.0,60.0,108.0,16.5101039958507,27.87279443887255,37.53753781560986,3.8379162960928435,6.220787958391902,0.0,0.0,60.0,0.25808142998956063,0.12904071499478031
30.0,2.0,120.0,108.0,33.0202079917014,55.7455888777451,64.651130357412,2.236283218055226,3.7745202187199087,0.0,0.0,120.0,0.5161628599791213,0.25808142998956063
30.0,3.0,60.0,72.0,14.123443897961362,23.84357170831632,33.87468727879802,4.261376086426424,6.858655884151412,0.0,0.0,60.0,0.33116071817105996,0.11038690605701999
30.0,3.0,120.0,72.0,28.246887795922724,47.68714341663264,56.716694949190604,2.549865803481438,4.264778826404065,0.0,0.0,120.0,0.6623214363421199,0.22077381211403999
30.0,4.0,60.0,54.0,12.541330631443522,21.172606227556926,31.47449235151863,4.603057696748917,7.361893813023068,0.0,0.0,60.0,0.39208530051031343,0.09802132512757836
30.0,4.0,120.0,54.0,25.082661262887044,42.34521245511385,51.49310023713065,2.808647244063188,4.662030633794158,0.0,0.0,120.0,0.7841706010206269,0.19604265025515671
30.0,6.0,60.0,36.0,10.513409015639152,17.749015295018463,28.348595247460032,5.124256643606091,8.145178039576962,0.0,0.0,60.0,0.4930282026394017,0.08217136710656696
30.0,6.0,120.0,36.0,21.026818031278303,35.498030590036926,44.80090183506562,3.2196042110939502,5.284935661260015,0.0,0.0,120.0,0.9860564052788034,0.16434273421313392
30.0,8.0,60.0,27.0,9.230632458460875,15.583397967700561,26.493932382900788,5.4973033599654,8.726552028570506,0.0,0.0,60.0,0.5771628876926134,0.07214536096157667
30.0,8.0,120.0,27.0,18.46126491692175,31.166795935401122,40.60957697378461,3.550443694984346,5.782002781539881,0.0,0.0,120.0,1.1543257753852267,0.14429072192315334
