lo,hi,cover,worst,mean,end_lo,end_hi,interpolated_ends,lost_n,lost_n_with_breath,lost,p_feasible_hi,p_feasible_lo
-2.0,1.5,False,40.0,10.501864092067684,40.0,10.000000000000002,True,5,6,home;rest_arc;coil;look(人を見る);full_rear(フル鎌首);breath(呼吸 ±5°),0.28035,0.0
-2.0,2.0,False,40.0,10.446101415171276,40.0,10.0,False,5,6,home;rest_arc;coil;look(人を見る);full_rear(フル鎌首);breath(呼吸 ±5°),0.8545,0.0
-2.0,3.0,False,44.0,14.478500745257133,40.0,44.0,False,5,6,home;rest_arc;coil;look(人を見る);full_rear(フル鎌首);breath(呼吸 ±5°),1.0,0.0
-2.0,4.0,False,151.0,30.15136928541306,40.0,151.0,False,5,6,home;rest_arc;coil;look(人を見る);full_rear(フル鎌首);breath(呼吸 ±5°),1.0,0.0
-2.0,5.0,False,601.0,86.29760544528293,40.0,601.0,False,5,6,home;rest_arc;coil;look(人を見る);full_rear(フル鎌首);breath(呼吸 ±5°),1.0,0.0
-2.0,6.0,False,727.5661483960856,157.84097987250888,40.0,727.5661483960856,True,5,6,home;rest_arc;coil;look(人を見る);full_rear(フル鎌首);breath(呼吸 ±5°),1.0,0.0
-2.0,7.0,False,880.7419145991821,229.71272259898146,40.0,880.7419145991821,True,5,6,home;rest_arc;coil;look(人を見る);full_rear(フル鎌首);breath(呼吸 ±5°),1.0,0.0
-2.0,8.0,False,1066.1217784035157,304.7465195120683,40.0,1066.1217784035157,True,2,3,look(人を見る);full_rear(フル鎌首);breath(呼吸 ±5°),1.0,0.0
-2.0,9.0,False,1290.4764185399195,385.3523928786607,40.0,1290.4764185399195,True,2,3,look(人を見る);full_rear(フル鎌首);breath(呼吸 ±5°),1.0,0.0
-2.0,10.0,False,1562.0,473.7948641885175,40.0,1562.0,False,2,3,look(人を見る);full_rear(フル鎌首);breath(呼吸 ±5°),1.0,0.0
-3.0,1.5,False,105.0,25.393911163193952,105.0,10.000000000000002,True,5,6,home;rest_arc;coil;look(人を見る);full_rear(フル鎌首);breath(呼吸 ±5°),0.28035,0.8545
-3.0,2.0,False,105.0,23.994464693812684,105.0,10.0,False,5,6,home;rest_arc;coil;look(人を見る);full_rear(フル鎌首);breath(呼吸 ±5°),0.8545,0.8545
-3.0,3.0,False,105.0,25.322131314863576,105.0,44.0,False,5,6,home;rest_arc;coil;look(人を見る);full_rear(フル鎌首);breath(呼吸 ±5°),1.0,0.8545
-3.0,4.0,False,151.0,37.45946664038452,105.0,151.0,False,5,6,home;rest_arc;coil;look(人を見る);full_rear(フル鎌首);breath(呼吸 ±5°),1.0,0.8545
-3.0,5.0,False,601.0,86.14048709262599,105.0,601.0,False,5,6,home;rest_arc;coil;look(人を見る);full_rear(フル鎌首);breath(呼吸 ±5°),1.0,0.8545
-3.0,6.0,False,727.5661483960856,150.16951877516047,105.0,727.5661483960856,True,5,6,home;rest_arc;coil;look(人を見る);full_rear(フル鎌首);breath(呼吸 ±5°),1.0,0.8545
-3.0,7.0,False,880.7419145991821,215.92694896552598,105.0,880.7419145991821,True,5,6,home;rest_arc;coil;look(人を見る);full_rear(フル鎌首);breath(呼吸 ±5°),1.0,0.8545
-3.0,8.0,False,1066.1217784035157,285.6348308108188,105.0,1066.1217784035157,True,2,3,look(人を見る);full_rear(フル鎌首);breath(呼吸 ±5°),1.0,0.8545
-3.0,9.0,False,1290.4764185399195,361.32116940418376,105.0,1290.4764185399195,True,2,3,look(人を見る);full_rear(フル鎌首);breath(呼吸 ±5°),1.0,0.8545
-3.0,10.0,False,1562.0,444.99243717067907,105.0,1562.0,False,2,3,look(人を見る);full_rear(フル鎌首);breath(呼吸 ±5°),1.0,0.8545
-4.0,1.5,False,319.0,63.00941188029009,319.0,10.000000000000002,True,5,6,home;rest_arc;coil;look(人を見る);full_rear(フル鎌首);breath(呼吸 ±5°),0.28035,1.0
-4.0,2.0,False,319.0,58.931764812575466,319.0,10.0,False,5,6,home;rest_arc;coil;look(人を見る);full_rear(フル鎌首);breath(呼吸 ±5°),0.8545,1.0
-4.0,3.0,False,319.0,55.424102534984534,319.0,44.0,False,5,6,home;rest_arc;coil;look(人を見る);full_rear(フル鎌首);breath(呼吸 ±5°),1.0,1.0
-4.0,4.0,False,319.0,62.592107678665265,319.0,151.0,False,5,6,home;rest_arc;coil;look(人を見る);full_rear(フル鎌首);breath(呼吸 ±5°),1.0,1.0
-4.0,5.0,False,601.0,103.50326902664123,319.0,601.0,False,5,6,home;rest_arc;coil;look(人を見る);full_rear(フル鎌首);breath(呼吸 ±5°),1.0,1.0
-4.0,6.0,False,727.5661483960856,159.78069941236146,319.0,727.5661483960856,True,5,6,home;rest_arc;coil;look(人を見る);full_rear(フル鎌首);breath(呼吸 ±5°),1.0,1.0
-4.0,7.0,False,880.7419145991821,218.98433735685165,319.0,880.7419145991821,True,5,6,home;rest_arc;coil;look(人を見る);full_rear(フル鎌首);breath(呼吸 ±5°),1.0,1.0
-4.0,8.0,False,1066.1217784035157,282.870997583215,319.0,1066.1217784035157,True,2,3,look(人を見る);full_rear(フル鎌首);breath(呼吸 ±5°),1.0,1.0
-4.0,9.0,False,1290.4764185399195,353.15566911244946,319.0,1290.4764185399195,True,2,3,look(人を見る);full_rear(フル鎌首);breath(呼吸 ±5°),1.0,1.0
-4.0,10.0,False,1562.0,431.6196425703406,319.0,1562.0,False,2,3,look(人を見る);full_rear(フル鎌首);breath(呼吸 ±5°),1.0,1.0
-5.0,1.5,False,401.0,108.19836649334566,401.0,10.000000000000002,True,5,6,home;rest_arc;coil;look(人を見る);full_rear(フル鎌首);breath(呼吸 ±5°),0.28035,1.0
-5.0,2.0,False,401.0,101.65180872712261,401.0,10.0,False,5,6,home;rest_arc;coil;look(人を見る);full_rear(フル鎌首);breath(呼吸 ±5°),0.8545,1.0
-5.0,3.0,False,401.0,93.53092508047801,401.0,44.0,False,5,6,home;rest_arc;coil;look(人を見る);full_rear(フル鎌首);breath(呼吸 ±5°),1.0,1.0
-5.0,4.0,False,401.0,95.93315888845619,401.0,151.0,False,5,6,home;rest_arc;coil;look(人を見る);full_rear(フル鎌首);breath(呼吸 ±5°),1.0,1.0
-5.0,5.0,False,601.0,129.77268094521628,401.0,601.0,False,5,6,home;rest_arc;coil;look(人を見る);full_rear(フル鎌首);breath(呼吸 ±5°),1.0,1.0
-5.0,6.0,False,727.5661483960856,178.87212504360647,401.0,727.5661483960856,True,5,6,home;rest_arc;coil;look(人を見る);full_rear(フル鎌首);breath(呼吸 ±5°),1.0,1.0
-5.0,7.0,False,880.7419145991821,231.8121579020378,401.0,880.7419145991821,True,5,6,home;rest_arc;coil;look(人を見る);full_rear(フル鎌首);breath(呼吸 ±5°),1.0,1.0
-5.0,8.0,False,1066.1217784035157,290.01626399717526,401.0,1066.1217784035157,True,2,3,look(人を見る);full_rear(フル鎌首);breath(呼吸 ±5°),1.0,1.0
-5.0,9.0,False,1290.4764185399195,354.9609398061894,401.0,1290.4764185399195,True,2,3,look(人を見る);full_rear(フル鎌首);breath(呼吸 ±5°),1.0,1.0
-5.0,10.0,False,1562.0,428.24625235107203,401.0,1562.0,False,2,3,look(人を見る);full_rear(フル鎌首);breath(呼吸 ±5°),1.0,1.0
-2.0,1.5,True,10.000000000000002,5.312520860475621,6.0,10.000000000000002,True,5,6,home;rest_arc;coil;look(人を見る);full_rear(フル鎌首);breath(呼吸 ±5°),0.28035,0.0
-2.0,2.0,True,10.000000000000002,5.833351875978329,6.0,10.0,False,5,6,home;rest_arc;coil;look(人を見る);full_rear(フル鎌首);breath(呼吸 ±5°),0.8545,0.0
-2.0,3.0,True,44.0,10.704432940462906,6.0,44.0,False,5,6,home;rest_arc;coil;look(人を見る);full_rear(フル鎌首);breath(呼吸 ±5°),1.0,0.0
-2.0,4.0,True,151.0,26.957927296741023,6.0,151.0,False,5,6,home;rest_arc;coil;look(人を見る);full_rear(フル鎌首);breath(呼吸 ±5°),1.0,0.0
-2.0,5.0,True,601.0,83.52995572176715,6.0,601.0,False,5,6,home;rest_arc;coil;look(人を見る);full_rear(フル鎌首);breath(呼吸 ±5°),1.0,0.0
-2.0,6.0,True,727.5661483960856,155.39893599881847,6.0,727.5661483960856,True,5,6,home;rest_arc;coil;look(人を見る);full_rear(フル鎌首);breath(呼吸 ±5°),1.0,0.0
-2.0,7.0,True,880.7419145991821,227.52773597515323,6.0,880.7419145991821,True,5,6,home;rest_arc;coil;look(人を見る);full_rear(フル鎌首);breath(呼吸 ±5°),1.0,0.0
-2.0,8.0,True,1066.1217784035157,302.76962685241426,6.0,1066.1217784035157,True,2,3,look(人を見る);full_rear(フル鎌首);breath(呼吸 ±5°),1.0,0.0
-2.0,9.0,True,1290.4764185399195,383.54740392854177,6.0,1290.4764185399195,True,2,3,look(人を見る);full_rear(フル鎌首);breath(呼吸 ±5°),1.0,0.0
-2.0,10.0,True,1562.0,472.13427435440803,6.0,1562.0,False,2,3,look(人を見る);full_rear(フル鎌首);breath(呼吸 ±5°),1.0,0.0
-3.0,1.5,True,10.000000000000002,5.450016688380496,6.0,10.000000000000002,True,5,6,home;rest_arc;coil;look(人を見る);full_rear(フル鎌首);breath(呼吸 ±5°),0.28035,0.8545
-3.0,2.0,True,10.000000000000002,5.8636515348913605,6.0,10.0,False,5,6,home;rest_arc;coil;look(人を見る);full_rear(フル鎌首);breath(呼吸 ±5°),0.8545,0.8545
-3.0,3.0,True,44.0,9.980674026545536,6.0,44.0,False,5,6,home;rest_arc;coil;look(人を見る);full_rear(フル鎌首);breath(呼吸 ±5°),1.0,0.8545
-3.0,4.0,True,151.0,24.163536990508884,6.0,151.0,False,5,6,home;rest_arc;coil;look(人を見る);full_rear(フル鎌首);breath(呼吸 ±5°),1.0,0.8545
-3.0,5.0,True,601.0,74.40878446038278,6.0,601.0,False,5,6,home;rest_arc;coil;look(人を見る);full_rear(フル鎌首);breath(呼吸 ±5°),1.0,0.8545
-3.0,6.0,True,727.5661483960856,139.67273220946916,6.0,727.5661483960856,True,5,6,home;rest_arc;coil;look(人を見る);full_rear(フル鎌首);breath(呼吸 ±5°),1.0,0.8545
-3.0,7.0,True,880.7419145991821,206.42985635847197,6.0,880.7419145991821,True,5,6,home;rest_arc;coil;look(人を見る);full_rear(フル鎌首);breath(呼吸 ±5°),1.0,0.8545
-3.0,8.0,True,1066.1217784035157,276.96357234350864,6.0,1066.1217784035157,True,2,3,look(人を見る);full_rear(フル鎌首);breath(呼吸 ±5°),1.0,0.8545
-3.0,9.0,True,1290.4764185399195,353.3436116142584,6.0,1290.4764185399195,True,2,3,look(人を見る);full_rear(フル鎌首);breath(呼吸 ±5°),1.0,0.8545
-3.0,10.0,True,1562.0,437.60580958741485,6.0,1562.0,False,2,3,look(人を見る);full_rear(フル鎌首);breath(呼吸 ±5°),1.0,0.8545
-4.0,1.5,True,23.0,7.45513735671839,23.0,10.000000000000002,True,5,6,home;rest_arc;coil;look(人を見る);full_rear(フル鎌首);breath(呼吸 ±5°),0.28035,1.0
-4.0,2.0,True,23.0,7.650896021586206,23.0,10.0,False,5,6,home;rest_arc;coil;look(人を見る);full_rear(フル鎌首);breath(呼吸 ±5°),0.8545,1.0
-4.0,3.0,True,44.0,10.980682916127178,23.0,44.0,False,5,6,home;rest_arc;coil;look(人を見る);full_rear(フル鎌首);breath(呼吸 ±5°),1.0,1.0
-4.0,4.0,True,151.0,23.37732566202641,23.0,151.0,False,5,6,home;rest_arc;coil;look(人を見る);full_rear(フル鎌首);breath(呼吸 ±5°),1.0,1.0
-4.0,5.0,True,601.0,68.41635880122753,23.0,601.0,False,5,6,home;rest_arc;coil;look(人を見る);full_rear(フル鎌首);breath(呼吸 ±5°),1.0,1.0
-4.0,6.0,True,727.5661483960856,128.0353996846062,23.0,727.5661483960856,True,5,6,home;rest_arc;coil;look(人を見る);full_rear(フル鎌首);breath(呼吸 ±5°),1.0,1.0
-4.0,7.0,True,880.7419145991821,189.99949847498812,23.0,880.7419145991821,True,5,6,home;rest_arc;coil;look(人を見る);full_rear(フル鎌首);breath(呼吸 ±5°),1.0,1.0
-4.0,8.0,True,1066.1217784035157,256.20494581190064,23.0,1066.1217784035157,True,2,3,look(人を見る);full_rear(フル鎌首);breath(呼吸 ±5°),1.0,1.0
-4.0,9.0,True,1290.4764185399195,328.46488043530655,23.0,1290.4764185399195,True,2,3,look(人を見る);full_rear(フル鎌首);breath(呼吸 ±5°),1.0,1.0
-4.0,10.0,True,1562.0,408.6316669054144,23.0,1562.0,False,2,3,look(人を見る);full_rear(フル鎌首);breath(呼吸 ±5°),1.0,1.0
-5.0,1.5,True,29.0,10.306747429329869,29.0,10.000000000000002,True,5,6,home;rest_arc;coil;look(人を見る);full_rear(フル鎌首);breath(呼吸 ±5°),0.28035,1.0
-5.0,2.0,True,29.0,10.286297600707877,29.0,10.0,False,5,6,home;rest_arc;coil;look(人を見る);full_rear(フル鎌首);breath(呼吸 ±5°),0.8545,1.0
-5.0,3.0,True,44.0,12.914297615994421,29.0,44.0,False,5,6,home;rest_arc;coil;look(人を見る);full_rear(フル鎌首);breath(呼吸 ±5°),1.0,1.0
-5.0,4.0,True,151.0,23.802492209707708,29.0,151.0,False,5,6,home;rest_arc;coil;look(人を見る);full_rear(フル鎌首);breath(呼吸 ±5°),1.0,1.0
-5.0,5.0,True,601.0,64.51160156920574,29.0,601.0,False,5,6,home;rest_arc;coil;look(人を見る);full_rear(フル鎌首);breath(呼吸 ±5°),1.0,1.0
-5.0,6.0,True,727.5661483960856,119.28592213507511,29.0,727.5661483960856,True,5,6,home;rest_arc;coil;look(人を見る);full_rear(フル鎌首);breath(呼吸 ±5°),1.0,1.0
-5.0,7.0,True,880.7419145991821,176.992851226189,29.0,880.7419145991821,True,5,6,home;rest_arc;coil;look(人を見る);full_rear(フル鎌首);breath(呼吸 ±5°),1.0,1.0
-5.0,8.0,True,1066.1217784035157,239.25764670472267,29.0,1066.1217784035157,True,2,3,look(人を見る);full_rear(フル鎌首);breath(呼吸 ±5°),1.0,1.0
-5.0,9.0,True,1290.4764185399195,307.70291680976806,29.0,1290.4764185399195,True,2,3,look(人を見る);full_rear(フル鎌首);breath(呼吸 ±5°),1.0,1.0
-5.0,10.0,True,1562.0,384.03713406409724,29.0,1562.0,False,2,3,look(人を見る);full_rear(フル鎌首);breath(呼吸 ±5°),1.0,1.0
