d_max,b_max,p_motor,p_hi2,p_hi3,p_hi4,p_lo3,p_lo4,p_intake_ge_0p9,p_err_gt_band,err_p95_deg
2.0,0.0,0.5,1.0,1.0,1.0,1.0,1.0,1.0,0.0,0.21026499241624774
2.0,4.0,0.5,1.0,1.0,1.0,1.0,1.0,1.0,0.0,0.45889196073253635
2.0,4.0,1.0,1.0,1.0,1.0,1.0,1.0,1.0,0.0,0.48991591586649275
2.0,8.0,0.5,0.9141666666666667,1.0,1.0,0.9141666666666667,1.0,1.0,0.0,0.7580306023794926
2.0,8.0,1.0,0.8345,1.0,1.0,0.8345,1.0,1.0,0.0,0.8060424435164495
2.0,16.0,0.5,0.6983333333333334,1.0,1.0,0.6983333333333334,1.0,0.994,0.19233333333333333,1.3813429032587206
2.0,16.0,1.0,0.415,0.9996666666666667,1.0,0.415,0.9996666666666667,0.9888333333333333,0.384,1.4577407429585696
2.0,32.0,0.5,0.5911666666666666,0.7783333333333333,0.958,0.5911666666666666,0.7783333333333333,0.9473333333333334,0.3425,2.627414490609144
2.0,32.0,1.0,0.2045,0.5723333333333334,0.9215,0.2045,0.5723333333333334,0.8886666666666667,0.6828333333333333,2.7877978616926775
4.0,0.0,0.5,1.0,1.0,1.0,1.0,1.0,1.0,0.0,0.3765846723324955
4.0,4.0,0.5,0.991,1.0,1.0,0.991,1.0,1.0,0.0,0.5911948215734006
4.0,4.0,1.0,0.9836666666666667,1.0,1.0,0.9836666666666667,1.0,1.0,0.0,0.6325892195680392
4.0,8.0,0.5,0.8533333333333334,1.0,1.0,0.8533333333333334,1.0,1.0,0.006333333333333333,0.8738386089650727
4.0,8.0,1.0,0.715,1.0,1.0,0.715,1.0,1.0,0.014333333333333333,0.9358865192329855
4.0,16.0,0.5,0.662,0.9961666666666666,1.0,0.662,0.9961666666666666,0.9908333333333333,0.2215,1.4721158922589852
4.0,16.0,1.0,0.3496666666666667,0.9918333333333333,1.0,0.3496666666666667,0.9918333333333333,0.9816666666666667,0.4475,1.568139574532899
4.0,32.0,0.5,0.5763333333333334,0.7583333333333333,0.941,0.5763333333333334,0.7583333333333333,0.9435,0.35883333333333334,2.718740494017441
4.0,32.0,1.0,0.174,0.5363333333333333,0.8873333333333333,0.174,0.5363333333333333,0.8805,0.713,2.871536173417139
8.0,0.0,0.5,0.9368333333333333,1.0,1.0,0.9368333333333333,1.0,1.0,0.0,0.709224032164991
8.0,4.0,0.5,0.8181666666666667,1.0,1.0,0.8181666666666667,1.0,1.0,0.008166666666666666,0.8734859483238031
8.0,4.0,1.0,0.707,1.0,1.0,0.707,1.0,1.0,0.0175,0.9352747691138824
8.0,8.0,0.5,0.6903333333333334,1.0,1.0,0.6903333333333334,1.0,0.9991666666666666,0.09983333333333333,1.1384443306468013
8.0,8.0,1.0,0.4666666666666667,1.0,1.0,0.4666666666666667,1.0,0.9981666666666666,0.20633333333333334,1.2212331266360783
8.0,16.0,0.5,0.5728333333333333,0.9516666666666667,1.0,0.5728333333333333,0.9516666666666667,0.9798333333333333,0.287,1.7037319054301454
8.0,16.0,1.0,0.23083333333333333,0.903,1.0,0.23083333333333333,0.903,0.9615,0.5683333333333334,1.827827725965971
8.0,32.0,0.5,0.5146666666666667,0.7273333333333334,0.9093333333333333,0.5146666666666667,0.7273333333333334,0.9353333333333333,0.3913333333333333,2.9002864720179704
8.0,32.0,1.0,0.11533333333333333,0.4728333333333333,0.8313333333333334,0.11533333333333333,0.4728333333333333,0.8635,0.7771666666666667,3.092333836565798
16.0,0.0,0.5,0.48,1.0,1.0,0.48,1.0,0.9926666666666667,0.31416666666666665,1.374502751829982
16.0,4.0,0.5,0.4175,0.9943333333333333,1.0,0.4175,0.9943333333333333,0.9858333333333333,0.3775,1.4878432711151914
16.0,4.0,1.0,0.35733333333333334,0.9903333333333333,1.0,0.35733333333333334,0.9903333333333333,0.9788333333333333,0.44033333333333335,1.5687933291221645
16.0,8.0,0.5,0.35233333333333333,0.9496666666666667,1.0,0.35233333333333333,0.9496666666666667,0.9771666666666666,0.44016666666666665,1.7030265841476062
16.0,8.0,1.0,0.23133333333333334,0.9036666666666666,1.0,0.23133333333333334,0.9036666666666666,0.9628333333333333,0.5641666666666667,1.8266042257277648
16.0,16.0,0.5,0.28983333333333333,0.8345,0.998,0.28983333333333333,0.8345,0.9541666666666667,0.5406666666666666,2.2329433487936026
16.0,16.0,1.0,0.11216666666666666,0.6745,0.9955,0.11216666666666666,0.6745,0.9153333333333333,0.7645,2.3985209407721566
16.0,32.0,0.5,0.2623333333333333,0.6618333333333334,0.8503333333333334,0.2623333333333333,0.6618333333333334,0.9105,0.5988333333333333,3.363518498360291
16.0,32.0,1.0,0.05633333333333333,0.3446666666666667,0.7115,0.05633333333333333,0.3446666666666667,0.8225,0.8788333333333334,3.611710139431942
