material,omega_dps,k_pad_n_mm,impact_p50,impact_p95,load_p95,sf_p05,sf_p50,p_sf_lt_1p5,p_sf_lt_1,omega_impact_dps,stroke_p95_mm
steel,60.0,2.0,2.615322007641933,4.415255817212495,17.72854550520585,8.38657896483573,14.339963349187137,0.0,0.0,60.0,2.2076279086062476
steel,60.0,3.0,3.197751722421997,5.398529073349209,18.408720768811687,8.059984444928832,13.579336336326453,0.0,0.0,60.0,1.799509691116403
steel,60.0,5.0,4.114568019943636,6.946322606657729,19.47862098501761,7.560880771264002,12.559564699275747,0.0,0.0,60.0,1.3892645213315458
steel,60.0,8.0,5.17886750526476,8.743101160154964,20.88961554034252,7.047441595772297,11.49249613665728,0.0,0.0,60.0,1.0928876450193705
steel,60.0,12.0,6.30154750600598,10.638439244588449,22.318339099562273,6.543670982560693,10.602153558215804,0.0,0.0,60.0,0.8865366037157041
steel,60.0,20.0,8.03181511631912,13.559522808848119,24.71108478206969,5.898958515244867,9.464565376891198,0.0,0.0,60.0,0.677976140442406
steel,120.0,2.0,5.230644015283866,8.83051163442499,20.953040544708365,7.015794956259352,11.457196142623935,0.0,0.0,120.0,4.415255817212495
steel,120.0,3.0,6.395503444843994,10.797058146698419,22.433009042189322,6.508163042107092,10.526995953689779,0.0,0.0,120.0,3.599019382232806
steel,120.0,5.0,8.229136039887273,13.892645213315458,24.993433115569964,5.8321865656416385,9.354739644957466,0.0,0.0,120.0,2.7785290426630915
steel,120.0,8.0,10.35773501052952,17.48620232030993,28.11069017885964,5.183089839950537,8.270879214049579,0.0,0.0,120.0,2.185775290038741
steel,120.0,12.0,12.60309501201196,21.276878489176898,31.57291570710407,4.619731566972492,7.403159465941012,0.0,0.0,120.0,1.7730732074314082
steel,120.0,20.0,16.06363023263824,27.119045617696237,36.807318867302016,3.9431216157823994,6.382674255225734,0.0,0.0,120.0,1.355952280884812
steel,180.0,2.0,7.845966022925799,13.245767451637484,24.44725497904704,5.961779023290094,9.56742704989836,0.0,0.0,180.0,6.622883725818742
steel,180.0,3.0,9.59325516726599,16.19558722004763,27.064094524794047,5.4027205901531605,8.631442656484907,0.0,0.0,180.0,5.39852907334921
steel,180.0,5.0,12.343704059830909,20.83896781997319,31.160259731880725,4.673687387423724,7.4960797590965464,0.0,0.0,180.0,4.167793563994637
steel,180.0,8.0,15.536602515794282,26.229303480464893,36.00940987393973,4.031652331144795,6.51736875100071,0.0,0.0,180.0,3.2786629350581116
steel,180.0,12.0,18.90464251801794,31.91531773376535,41.32753212587058,3.511567051646437,5.724146008021391,0.0,0.0,180.0,2.6596098111471123
steel,180.0,20.0,24.095445348957355,40.67856842654436,49.8791089339412,2.931653395017714,4.813099049728859,0.0,0.0,180.0,2.033928421327218
PLA,60.0,2.0,2.609779886918182,4.4058994623568655,17.722355117602806,0.948365580845862,1.8136359127549069,0.32525,0.06775,60.0,2.2029497311784327
PLA,60.0,3.0,3.187637033815961,5.381453188400205,18.392664058159156,0.9045184662039161,1.7177713915215977,0.3685,0.08325,60.0,1.793817729466735
PLA,60.0,5.0,4.093087534851666,6.9100586833313695,19.447198084745885,0.8434052969211997,1.58130614037947,0.44575,0.115,60.0,1.3820117366662739
PLA,60.0,8.0,5.136229413069696,8.671118404666723,20.841840392891495,0.7830272874073203,1.4556097365559215,0.533,0.165,60.0,1.0838898005833404
PLA,60.0,12.0,6.225186100189164,10.509523898692972,22.21340302964069,0.7280972546462977,1.3416089063072474,0.612,0.21575,60.0,0.8757936582244144
PLA,60.0,20.0,7.8754655839680705,13.295569391175535,24.488847154890884,0.6561312799519128,1.2050038901537121,0.718,0.304,60.0,0.6647784695587767
PLA,120.0,2.0,5.219559773836364,8.811798924713731,20.939184505856545,0.7787988235420646,1.4457208199472271,0.5395,0.17,120.0,4.4058994623568655
PLA,120.0,3.0,6.375274067631922,10.76290637680041,22.410780690129137,0.7206515524522648,1.3281893565907992,0.62225,0.22425,120.0,3.58763545893347
PLA,120.0,5.0,8.186175069703332,13.820117366662739,24.930671015245952,0.6445249709821949,1.1806975586337076,0.735,0.32,120.0,2.7640234733325477
PLA,120.0,8.0,10.272458826139392,17.342236809333446,27.984482753744683,0.5763172563371609,1.0502785010361255,0.838,0.45325,120.0,2.167779601166681
PLA,120.0,12.0,12.450372200378329,21.019047797385944,31.329547418503328,0.5145594728350548,0.9421514071895479,0.90725,0.557,120.0,1.7515873164488287
PLA,120.0,20.0,15.750931167936141,26.59113878235107,36.30859097589337,0.4438668755694737,0.8140153257860847,0.95975,0.709,120.0,1.3295569391175535
PLA,180.0,2.0,7.829339660754547,13.217698387070596,24.423328500063963,0.6576218701906398,1.208212713371819,0.715,0.3005,180.0,6.608849193535298
PLA,180.0,3.0,9.562911101447884,16.144359565200617,27.012986185310794,0.5989161535612909,1.0918845147252427,0.80225,0.41,180.0,5.381453188400205
PLA,180.0,5.0,12.279262604554997,20.73017604999411,31.0570189901413,0.5184177785357578,0.9497847861246571,0.901,0.548,180.0,4.146035209998822
PLA,180.0,8.0,15.408688239209088,26.013355214000175,35.82451859486644,0.44960882019393145,0.8251139609125766,0.95525,0.6965,180.0,3.251669401750022
PLA,180.0,12.0,18.675558300567495,31.528571696078917,40.958916464403494,0.39244233804366185,0.7254820786735521,0.982,0.79275,180.0,2.627380974673243
PLA,180.0,20.0,23.626396751904213,39.88670817352661,49.105836151482784,0.3305601875605279,0.6141198464545103,0.999,0.9055,180.0,1.9943354086763303
