tag,obj,floor,offset,n,success,knocked_in,escaped,pushed_ahead,not_entered,pinched,entered,wall_contact,entered_nowall,entered_wall,fire_x_mean_mm,fire_absy_mean_mm
"hood|backstop=None,funnel=False,gate=False,retreat=0|v10|stop",battery_cr2032,flooring,0.0,5,5,0,0,0,0,0,5,0,5,0,11.01,0.00
"hood|backstop=None,funnel=False,gate=False,retreat=0|v10|stop",battery_cr2032,flooring,5.0,5,5,0,0,0,0,0,5,0,5,0,11.00,5.00
"hood|backstop=None,funnel=False,gate=False,retreat=0|v10|stop",battery_cr2032,flooring,10.0,5,0,0,0,5,0,0,0,5,0,0,,
"hood|backstop=None,funnel=False,gate=False,retreat=0|v10|stop",battery_cr2032,mat,0.0,5,5,0,0,0,0,0,5,0,5,0,11.01,0.00
"hood|backstop=None,funnel=False,gate=False,retreat=0|v10|stop",battery_cr2032,mat,5.0,5,5,0,0,0,0,0,5,0,5,0,11.00,5.00
"hood|backstop=None,funnel=False,gate=False,retreat=0|v10|stop",battery_cr2032,mat,10.0,5,0,0,0,5,0,0,0,5,0,0,,
"hood|backstop=None,funnel=False,gate=False,retreat=0|v10|stop",bead,flooring,0.0,5,5,0,0,0,0,0,5,0,5,0,5.01,0.00
"hood|backstop=None,funnel=False,gate=False,retreat=0|v10|stop",bead,flooring,5.0,5,5,0,0,0,0,0,5,0,5,0,5.01,5.00
"hood|backstop=None,funnel=False,gate=False,retreat=0|v10|stop",bead,flooring,10.0,5,5,0,0,0,0,0,5,0,5,0,5.01,10.00
"hood|backstop=None,funnel=False,gate=False,retreat=0|v10|stop",bead,mat,0.0,5,5,0,0,0,0,0,5,0,5,0,5.01,0.00
"hood|backstop=None,funnel=False,gate=False,retreat=0|v10|stop",bead,mat,5.0,5,5,0,0,0,0,0,5,0,5,0,5.01,5.00
"hood|backstop=None,funnel=False,gate=False,retreat=0|v10|stop",bead,mat,10.0,5,5,0,0,0,0,0,5,0,5,0,5.01,10.00
"hood|backstop=None,funnel=False,gate=False,retreat=0|v10|stop",coin_1yen,flooring,0.0,5,5,0,0,0,0,0,5,0,5,0,11.00,0.00
"hood|backstop=None,funnel=False,gate=False,retreat=0|v10|stop",coin_1yen,flooring,5.0,5,5,0,0,0,0,0,5,0,5,0,11.01,5.00
"hood|backstop=None,funnel=False,gate=False,retreat=0|v10|stop",coin_1yen,flooring,10.0,5,0,0,0,5,0,0,0,5,0,0,,
"hood|backstop=None,funnel=False,gate=False,retreat=0|v10|stop",coin_1yen,mat,0.0,5,5,0,0,0,0,0,5,0,5,0,11.00,0.00
"hood|backstop=None,funnel=False,gate=False,retreat=0|v10|stop",coin_1yen,mat,5.0,5,5,0,0,0,0,0,5,0,5,0,11.01,5.00
"hood|backstop=None,funnel=False,gate=False,retreat=0|v10|stop",coin_1yen,mat,10.0,5,0,0,0,5,0,0,0,5,0,0,,
"hood|backstop=None,funnel=False,gate=False,retreat=0|v10|stop",crumb_cube,flooring,0.0,5,5,0,0,0,0,0,5,0,5,0,8.08,0.00
"hood|backstop=None,funnel=False,gate=False,retreat=0|v10|stop",crumb_cube,flooring,5.0,5,5,0,0,0,0,0,5,0,5,0,8.08,5.00
"hood|backstop=None,funnel=False,gate=False,retreat=0|v10|stop",crumb_cube,flooring,10.0,5,5,0,0,0,0,0,5,5,0,5,8.08,8.40
"hood|backstop=None,funnel=False,gate=False,retreat=0|v10|stop",crumb_cube,mat,0.0,5,5,0,0,0,0,0,5,0,5,0,8.08,0.00
"hood|backstop=None,funnel=False,gate=False,retreat=0|v10|stop",crumb_cube,mat,5.0,5,5,0,0,0,0,0,5,0,5,0,8.08,5.00
"hood|backstop=None,funnel=False,gate=False,retreat=0|v10|stop",crumb_cube,mat,10.0,5,5,0,0,0,0,0,5,5,0,5,8.08,8.40
"hood|backstop=None,funnel=False,gate=False,retreat=0|v2|stop",battery_cr2032,flooring,0.0,5,5,0,0,0,0,0,5,0,5,0,11.00,0.00
"hood|backstop=None,funnel=False,gate=False,retreat=0|v2|stop",battery_cr2032,flooring,5.0,5,5,0,0,0,0,0,5,1,4,1,11.00,5.00
"hood|backstop=None,funnel=False,gate=False,retreat=0|v2|stop",battery_cr2032,flooring,10.0,5,0,0,0,5,0,0,0,5,0,0,,
"hood|backstop=None,funnel=False,gate=False,retreat=0|v2|stop",battery_cr2032,mat,0.0,5,5,0,0,0,0,0,5,0,5,0,11.00,0.00
"hood|backstop=None,funnel=False,gate=False,retreat=0|v2|stop",battery_cr2032,mat,5.0,5,5,0,0,0,0,0,5,1,4,1,11.00,5.00
"hood|backstop=None,funnel=False,gate=False,retreat=0|v2|stop",battery_cr2032,mat,10.0,5,0,0,0,5,0,0,0,5,0,0,,
"hood|backstop=None,funnel=False,gate=False,retreat=0|v2|stop",bead,flooring,0.0,5,5,0,0,0,0,0,5,0,5,0,5.00,0.00
"hood|backstop=None,funnel=False,gate=False,retreat=0|v2|stop",bead,flooring,5.0,5,5,0,0,0,0,0,5,0,5,0,5.00,5.00
"hood|backstop=None,funnel=False,gate=False,retreat=0|v2|stop",bead,flooring,10.0,5,5,0,0,0,0,0,5,0,5,0,5.00,10.00
"hood|backstop=None,funnel=False,gate=False,retreat=0|v2|stop",bead,mat,0.0,5,5,0,0,0,0,0,5,0,5,0,5.00,0.00
"hood|backstop=None,funnel=False,gate=False,retreat=0|v2|stop",bead,mat,5.0,5,5,0,0,0,0,0,5,0,5,0,5.00,5.00
"hood|backstop=None,funnel=False,gate=False,retreat=0|v2|stop",bead,mat,10.0,5,5,0,0,0,0,0,5,0,5,0,5.00,10.00
"hood|backstop=None,funnel=False,gate=False,retreat=0|v2|stop",coin_1yen,flooring,0.0,5,5,0,0,0,0,0,5,0,5,0,11.00,0.00
"hood|backstop=None,funnel=False,gate=False,retreat=0|v2|stop",coin_1yen,flooring,5.0,5,5,0,0,0,0,0,5,0,5,0,11.00,5.00
"hood|backstop=None,funnel=False,gate=False,retreat=0|v2|stop",coin_1yen,flooring,10.0,5,0,0,0,5,0,0,0,5,0,0,,
"hood|backstop=None,funnel=False,gate=False,retreat=0|v2|stop",coin_1yen,mat,0.0,5,5,0,0,0,0,0,5,0,5,0,11.00,0.00
"hood|backstop=None,funnel=False,gate=False,retreat=0|v2|stop",coin_1yen,mat,5.0,5,5,0,0,0,0,0,5,0,5,0,11.00,5.00
"hood|backstop=None,funnel=False,gate=False,retreat=0|v2|stop",coin_1yen,mat,10.0,5,0,0,0,5,0,0,0,5,0,0,,
"hood|backstop=None,funnel=False,gate=False,retreat=0|v2|stop",crumb_cube,flooring,0.0,5,5,0,0,0,0,0,5,0,5,0,8.07,0.00
"hood|backstop=None,funnel=False,gate=False,retreat=0|v2|stop",crumb_cube,flooring,5.0,5,5,0,0,0,0,0,5,0,5,0,8.07,5.00
"hood|backstop=None,funnel=False,gate=False,retreat=0|v2|stop",crumb_cube,flooring,10.0,5,5,0,0,0,0,0,5,5,0,5,8.07,8.63
"hood|backstop=None,funnel=False,gate=False,retreat=0|v2|stop",crumb_cube,mat,0.0,5,5,0,0,0,0,0,5,0,5,0,8.07,0.00
"hood|backstop=None,funnel=False,gate=False,retreat=0|v2|stop",crumb_cube,mat,5.0,5,5,0,0,0,0,0,5,0,5,0,8.07,5.00
"hood|backstop=None,funnel=False,gate=False,retreat=0|v2|stop",crumb_cube,mat,10.0,5,5,0,0,0,0,0,5,5,0,5,8.07,8.63
"hood|backstop=None,funnel=False,gate=False,retreat=30|v10|stop",battery_cr2032,flooring,0.0,5,0,0,5,0,0,0,5,0,5,0,11.01,0.00
"hood|backstop=None,funnel=False,gate=False,retreat=30|v10|stop",battery_cr2032,flooring,5.0,5,0,0,5,0,0,0,5,0,5,0,11.00,5.00
"hood|backstop=None,funnel=False,gate=False,retreat=30|v10|stop",battery_cr2032,flooring,10.0,5,0,0,0,5,0,0,0,5,0,0,,
"hood|backstop=None,funnel=False,gate=False,retreat=30|v10|stop",battery_cr2032,mat,0.0,5,0,0,5,0,0,0,5,0,5,0,11.01,0.00
"hood|backstop=None,funnel=False,gate=False,retreat=30|v10|stop",battery_cr2032,mat,5.0,5,0,0,5,0,0,0,5,0,5,0,11.00,5.00
"hood|backstop=None,funnel=False,gate=False,retreat=30|v10|stop",battery_cr2032,mat,10.0,5,0,0,0,5,0,0,0,5,0,0,,
"hood|backstop=None,funnel=False,gate=False,retreat=30|v10|stop",bead,flooring,0.0,5,0,0,5,0,0,0,5,0,5,0,5.01,0.00
"hood|backstop=None,funnel=False,gate=False,retreat=30|v10|stop",bead,flooring,5.0,5,0,0,5,0,0,0,5,0,5,0,5.01,5.00
"hood|backstop=None,funnel=False,gate=False,retreat=30|v10|stop",bead,flooring,10.0,5,0,0,5,0,0,0,5,0,5,0,5.01,10.00
"hood|backstop=None,funnel=False,gate=False,retreat=30|v10|stop",bead,mat,0.0,5,0,0,5,0,0,0,5,0,5,0,5.01,0.00
"hood|backstop=None,funnel=False,gate=False,retreat=30|v10|stop",bead,mat,5.0,5,0,0,5,0,0,0,5,0,5,0,5.01,5.00
"hood|backstop=None,funnel=False,gate=False,retreat=30|v10|stop",bead,mat,10.0,5,0,0,5,0,0,0,5,0,5,0,5.01,10.00
"hood|backstop=None,funnel=False,gate=False,retreat=30|v10|stop",coin_1yen,flooring,0.0,5,0,0,5,0,0,0,5,0,5,0,11.00,0.00
"hood|backstop=None,funnel=False,gate=False,retreat=30|v10|stop",coin_1yen,flooring,5.0,5,0,0,5,0,0,0,5,0,5,0,11.01,5.00
"hood|backstop=None,funnel=False,gate=False,retreat=30|v10|stop",coin_1yen,flooring,10.0,5,0,0,0,5,0,0,0,5,0,0,,
"hood|backstop=None,funnel=False,gate=False,retreat=30|v10|stop",coin_1yen,mat,0.0,5,0,0,5,0,0,0,5,0,5,0,11.00,0.00
"hood|backstop=None,funnel=False,gate=False,retreat=30|v10|stop",coin_1yen,mat,5.0,5,0,0,5,0,0,0,5,0,5,0,11.01,5.00
"hood|backstop=None,funnel=False,gate=False,retreat=30|v10|stop",coin_1yen,mat,10.0,5,0,0,0,5,0,0,0,5,0,0,,
"hood|backstop=None,funnel=False,gate=False,retreat=30|v10|stop",crumb_cube,flooring,0.0,5,0,0,5,0,0,0,5,0,5,0,8.08,0.00
"hood|backstop=None,funnel=False,gate=False,retreat=30|v10|stop",crumb_cube,flooring,5.0,5,0,0,5,0,0,0,5,0,5,0,8.08,5.00
"hood|backstop=None,funnel=False,gate=False,retreat=30|v10|stop",crumb_cube,flooring,10.0,5,0,0,5,0,0,0,5,5,0,5,8.08,8.40
"hood|backstop=None,funnel=False,gate=False,retreat=30|v10|stop",crumb_cube,mat,0.0,5,0,0,5,0,0,0,5,0,5,0,8.08,0.00
"hood|backstop=None,funnel=False,gate=False,retreat=30|v10|stop",crumb_cube,mat,5.0,5,0,0,5,0,0,0,5,0,5,0,8.08,5.00
"hood|backstop=None,funnel=False,gate=False,retreat=30|v10|stop",crumb_cube,mat,10.0,5,0,0,5,0,0,0,5,5,0,5,8.08,8.40
"hood|backstop=None,funnel=False,gate=False,retreat=30|v2|stop",battery_cr2032,flooring,0.0,5,0,0,5,0,0,0,5,0,5,0,11.00,0.00
"hood|backstop=None,funnel=False,gate=False,retreat=30|v2|stop",battery_cr2032,flooring,5.0,5,0,0,5,0,0,0,5,1,4,1,11.00,5.00
"hood|backstop=None,funnel=False,gate=False,retreat=30|v2|stop",battery_cr2032,flooring,10.0,5,0,0,0,5,0,0,0,5,0,0,,
"hood|backstop=None,funnel=False,gate=False,retreat=30|v2|stop",battery_cr2032,mat,0.0,5,0,0,5,0,0,0,5,0,5,0,11.00,0.00
"hood|backstop=None,funnel=False,gate=False,retreat=30|v2|stop",battery_cr2032,mat,5.0,5,0,0,5,0,0,0,5,1,4,1,11.00,5.00
"hood|backstop=None,funnel=False,gate=False,retreat=30|v2|stop",battery_cr2032,mat,10.0,5,0,0,0,5,0,0,0,5,0,0,,
"hood|backstop=None,funnel=False,gate=False,retreat=30|v2|stop",bead,flooring,0.0,5,0,0,5,0,0,0,5,0,5,0,5.00,0.00
"hood|backstop=None,funnel=False,gate=False,retreat=30|v2|stop",bead,flooring,5.0,5,0,0,5,0,0,0,5,0,5,0,5.00,5.00
"hood|backstop=None,funnel=False,gate=False,retreat=30|v2|stop",bead,flooring,10.0,5,0,0,5,0,0,0,5,0,5,0,5.00,10.00
"hood|backstop=None,funnel=False,gate=False,retreat=30|v2|stop",bead,mat,0.0,5,0,0,5,0,0,0,5,0,5,0,5.00,0.00
"hood|backstop=None,funnel=False,gate=False,retreat=30|v2|stop",bead,mat,5.0,5,0,0,5,0,0,0,5,0,5,0,5.00,5.00
"hood|backstop=None,funnel=False,gate=False,retreat=30|v2|stop",bead,mat,10.0,5,0,0,5,0,0,0,5,0,5,0,5.00,10.00
"hood|backstop=None,funnel=False,gate=False,retreat=30|v2|stop",coin_1yen,flooring,0.0,5,0,0,5,0,0,0,5,0,5,0,11.00,0.00
"hood|backstop=None,funnel=False,gate=False,retreat=30|v2|stop",coin_1yen,flooring,5.0,5,0,0,5,0,0,0,5,0,5,0,11.00,5.00
"hood|backstop=None,funnel=False,gate=False,retreat=30|v2|stop",coin_1yen,flooring,10.0,5,0,0,0,5,0,0,0,5,0,0,,
"hood|backstop=None,funnel=False,gate=False,retreat=30|v2|stop",coin_1yen,mat,0.0,5,0,0,5,0,0,0,5,0,5,0,11.00,0.00
"hood|backstop=None,funnel=False,gate=False,retreat=30|v2|stop",coin_1yen,mat,5.0,5,0,0,5,0,0,0,5,0,5,0,11.00,5.00
"hood|backstop=None,funnel=False,gate=False,retreat=30|v2|stop",coin_1yen,mat,10.0,5,0,0,0,5,0,0,0,5,0,0,,
"hood|backstop=None,funnel=False,gate=False,retreat=30|v2|stop",crumb_cube,flooring,0.0,5,0,0,5,0,0,0,5,0,5,0,8.07,0.00
"hood|backstop=None,funnel=False,gate=False,retreat=30|v2|stop",crumb_cube,flooring,5.0,5,0,0,5,0,0,0,5,0,5,0,8.07,5.00
"hood|backstop=None,funnel=False,gate=False,retreat=30|v2|stop",crumb_cube,flooring,10.0,5,0,0,5,0,0,0,5,5,0,5,8.07,8.63
"hood|backstop=None,funnel=False,gate=False,retreat=30|v2|stop",crumb_cube,mat,0.0,5,0,0,5,0,0,0,5,0,5,0,8.07,0.00
"hood|backstop=None,funnel=False,gate=False,retreat=30|v2|stop",crumb_cube,mat,5.0,5,0,0,5,0,0,0,5,0,5,0,8.07,5.00
"hood|backstop=None,funnel=False,gate=False,retreat=30|v2|stop",crumb_cube,mat,10.0,5,0,0,5,0,0,0,5,5,0,5,8.07,8.63
"hood|backstop=None,funnel=False,gate=True,plate=0.1,retreat=0|v10|stop",battery_cr2032,flooring,0.0,5,0,0,0,5,0,0,0,5,0,0,,
"hood|backstop=None,funnel=False,gate=True,plate=0.1,retreat=0|v10|stop",battery_cr2032,flooring,5.0,5,0,0,0,5,0,0,0,5,0,0,,
"hood|backstop=None,funnel=False,gate=True,plate=0.1,retreat=0|v10|stop",battery_cr2032,flooring,10.0,5,0,0,0,5,0,0,0,5,0,0,,
"hood|backstop=None,funnel=False,gate=True,plate=0.1,retreat=0|v10|stop",battery_cr2032,mat,0.0,5,0,0,0,5,0,0,0,5,0,0,,
"hood|backstop=None,funnel=False,gate=True,plate=0.1,retreat=0|v10|stop",battery_cr2032,mat,5.0,5,0,0,0,5,0,0,0,5,0,0,,
"hood|backstop=None,funnel=False,gate=True,plate=0.1,retreat=0|v10|stop",battery_cr2032,mat,10.0,5,0,0,0,5,0,0,0,5,0,0,,
"hood|backstop=None,funnel=False,gate=True,plate=0.1,retreat=0|v10|stop",bead,flooring,0.0,5,0,0,0,5,0,0,0,5,0,0,,
"hood|backstop=None,funnel=False,gate=True,plate=0.1,retreat=0|v10|stop",bead,flooring,5.0,5,0,0,0,5,0,0,0,5,0,0,,
"hood|backstop=None,funnel=False,gate=True,plate=0.1,retreat=0|v10|stop",bead,flooring,10.0,5,0,0,0,5,0,0,0,5,0,0,,
"hood|backstop=None,funnel=False,gate=True,plate=0.1,retreat=0|v10|stop",bead,mat,0.0,5,0,0,0,5,0,0,0,5,0,0,,
"hood|backstop=None,funnel=False,gate=True,plate=0.1,retreat=0|v10|stop",bead,mat,5.0,5,0,0,0,5,0,0,0,5,0,0,,
"hood|backstop=None,funnel=False,gate=True,plate=0.1,retreat=0|v10|stop",bead,mat,10.0,5,0,0,0,5,0,0,0,5,0,0,,
"hood|backstop=None,funnel=False,gate=True,plate=0.1,retreat=0|v10|stop",coin_1yen,flooring,0.0,5,0,0,0,5,0,0,0,5,0,0,,
"hood|backstop=None,funnel=False,gate=True,plate=0.1,retreat=0|v10|stop",coin_1yen,flooring,5.0,5,0,0,0,5,0,0,0,5,0,0,,
"hood|backstop=None,funnel=False,gate=True,plate=0.1,retreat=0|v10|stop",coin_1yen,flooring,10.0,5,0,0,0,5,0,0,0,5,0,0,,
"hood|backstop=None,funnel=False,gate=True,plate=0.1,retreat=0|v10|stop",coin_1yen,mat,0.0,5,0,0,0,5,0,0,0,5,0,0,,
"hood|backstop=None,funnel=False,gate=True,plate=0.1,retreat=0|v10|stop",coin_1yen,mat,5.0,5,0,0,0,5,0,0,0,5,0,0,,
"hood|backstop=None,funnel=False,gate=True,plate=0.1,retreat=0|v10|stop",coin_1yen,mat,10.0,5,0,0,0,5,0,0,0,5,0,0,,
"hood|backstop=None,funnel=False,gate=True,plate=0.1,retreat=0|v10|stop",crumb_cube,flooring,0.0,5,0,0,0,5,0,0,0,5,0,0,,
"hood|backstop=None,funnel=False,gate=True,plate=0.1,retreat=0|v10|stop",crumb_cube,flooring,5.0,5,0,0,0,5,0,0,0,5,0,0,,
"hood|backstop=None,funnel=False,gate=True,plate=0.1,retreat=0|v10|stop",crumb_cube,flooring,10.0,5,0,0,0,5,0,0,0,5,0,0,,
"hood|backstop=None,funnel=False,gate=True,plate=0.1,retreat=0|v10|stop",crumb_cube,mat,0.0,5,0,0,0,5,0,0,0,5,0,0,,
"hood|backstop=None,funnel=False,gate=True,plate=0.1,retreat=0|v10|stop",crumb_cube,mat,5.0,5,0,0,0,5,0,0,0,5,0,0,,
"hood|backstop=None,funnel=False,gate=True,plate=0.1,retreat=0|v10|stop",crumb_cube,mat,10.0,5,0,0,0,5,0,0,0,5,0,0,,
"hood|backstop=None,funnel=False,gate=True,plate=0.3,retreat=0|v10|stop",battery_cr2032,flooring,0.0,5,0,0,0,5,0,0,0,5,0,0,,
"hood|backstop=None,funnel=False,gate=True,plate=0.3,retreat=0|v10|stop",battery_cr2032,flooring,5.0,5,0,0,0,5,0,0,0,5,0,0,,
"hood|backstop=None,funnel=False,gate=True,plate=0.3,retreat=0|v10|stop",battery_cr2032,flooring,10.0,5,0,0,0,5,0,0,0,5,0,0,,
"hood|backstop=None,funnel=False,gate=True,plate=0.3,retreat=0|v10|stop",battery_cr2032,mat,0.0,5,0,0,0,5,0,0,0,5,0,0,,
"hood|backstop=None,funnel=False,gate=True,plate=0.3,retreat=0|v10|stop",battery_cr2032,mat,5.0,5,0,0,0,5,0,0,0,5,0,0,,
"hood|backstop=None,funnel=False,gate=True,plate=0.3,retreat=0|v10|stop",battery_cr2032,mat,10.0,5,0,0,0,5,0,0,0,5,0,0,,
"hood|backstop=None,funnel=False,gate=True,plate=0.3,retreat=0|v10|stop",bead,flooring,0.0,5,0,0,0,5,0,0,0,5,0,0,,
"hood|backstop=None,funnel=False,gate=True,plate=0.3,retreat=0|v10|stop",bead,flooring,5.0,5,0,0,0,5,0,0,0,5,0,0,,
"hood|backstop=None,funnel=False,gate=True,plate=0.3,retreat=0|v10|stop",bead,flooring,10.0,5,0,0,0,5,0,0,0,5,0,0,,
"hood|backstop=None,funnel=False,gate=True,plate=0.3,retreat=0|v10|stop",bead,mat,0.0,5,0,0,0,5,0,0,0,5,0,0,,
"hood|backstop=None,funnel=False,gate=True,plate=0.3,retreat=0|v10|stop",bead,mat,5.0,5,0,0,0,5,0,0,0,5,0,0,,
"hood|backstop=None,funnel=False,gate=True,plate=0.3,retreat=0|v10|stop",bead,mat,10.0,5,0,0,0,5,0,0,0,5,0,0,,
"hood|backstop=None,funnel=False,gate=True,plate=0.3,retreat=0|v10|stop",coin_1yen,flooring,0.0,5,0,0,0,5,0,0,0,5,0,0,,
"hood|backstop=None,funnel=False,gate=True,plate=0.3,retreat=0|v10|stop",coin_1yen,flooring,5.0,5,0,0,0,5,0,0,0,5,0,0,,
"hood|backstop=None,funnel=False,gate=True,plate=0.3,retreat=0|v10|stop",coin_1yen,flooring,10.0,5,0,0,0,5,0,0,0,5,0,0,,
"hood|backstop=None,funnel=False,gate=True,plate=0.3,retreat=0|v10|stop",coin_1yen,mat,0.0,5,0,0,0,5,0,0,0,5,0,0,,
"hood|backstop=None,funnel=False,gate=True,plate=0.3,retreat=0|v10|stop",coin_1yen,mat,5.0,5,0,0,0,5,0,0,0,5,0,0,,
"hood|backstop=None,funnel=False,gate=True,plate=0.3,retreat=0|v10|stop",coin_1yen,mat,10.0,5,0,0,0,5,0,0,0,5,0,0,,
"hood|backstop=None,funnel=False,gate=True,plate=0.3,retreat=0|v10|stop",crumb_cube,flooring,0.0,5,0,0,0,5,0,0,0,5,0,0,,
"hood|backstop=None,funnel=False,gate=True,plate=0.3,retreat=0|v10|stop",crumb_cube,flooring,5.0,5,0,0,0,5,0,0,0,5,0,0,,
"hood|backstop=None,funnel=False,gate=True,plate=0.3,retreat=0|v10|stop",crumb_cube,flooring,10.0,5,0,0,0,5,0,0,0,5,0,0,,
"hood|backstop=None,funnel=False,gate=True,plate=0.3,retreat=0|v10|stop",crumb_cube,mat,0.0,5,0,0,0,5,0,0,0,5,0,0,,
"hood|backstop=None,funnel=False,gate=True,plate=0.3,retreat=0|v10|stop",crumb_cube,mat,5.0,5,0,0,0,5,0,0,0,5,0,0,,
"hood|backstop=None,funnel=False,gate=True,plate=0.3,retreat=0|v10|stop",crumb_cube,mat,10.0,5,0,0,0,5,0,0,0,5,0,0,,
"hood|backstop=None,funnel=False,gate=True,plate=0.6,retreat=0|v10|stop",battery_cr2032,flooring,0.0,5,0,0,0,5,0,0,0,5,0,0,,
"hood|backstop=None,funnel=False,gate=True,plate=0.6,retreat=0|v10|stop",battery_cr2032,flooring,5.0,5,0,0,0,5,0,0,0,5,0,0,,
"hood|backstop=None,funnel=False,gate=True,plate=0.6,retreat=0|v10|stop",battery_cr2032,flooring,10.0,5,0,0,0,5,0,0,0,5,0,0,,
"hood|backstop=None,funnel=False,gate=True,plate=0.6,retreat=0|v10|stop",battery_cr2032,mat,0.0,5,0,0,0,5,0,0,0,5,0,0,,
"hood|backstop=None,funnel=False,gate=True,plate=0.6,retreat=0|v10|stop",battery_cr2032,mat,5.0,5,0,0,0,5,0,0,0,5,0,0,,
"hood|backstop=None,funnel=False,gate=True,plate=0.6,retreat=0|v10|stop",battery_cr2032,mat,10.0,5,0,0,0,5,0,0,0,5,0,0,,
"hood|backstop=None,funnel=False,gate=True,plate=0.6,retreat=0|v10|stop",bead,flooring,0.0,5,0,0,0,5,0,0,0,5,0,0,,
"hood|backstop=None,funnel=False,gate=True,plate=0.6,retreat=0|v10|stop",bead,flooring,5.0,5,0,0,0,5,0,0,0,5,0,0,,
"hood|backstop=None,funnel=False,gate=True,plate=0.6,retreat=0|v10|stop",bead,flooring,10.0,5,0,0,0,5,0,0,0,5,0,0,,
"hood|backstop=None,funnel=False,gate=True,plate=0.6,retreat=0|v10|stop",bead,mat,0.0,5,0,0,0,5,0,0,0,5,0,0,,
"hood|backstop=None,funnel=False,gate=True,plate=0.6,retreat=0|v10|stop",bead,mat,5.0,5,0,0,0,5,0,0,0,5,0,0,,
"hood|backstop=None,funnel=False,gate=True,plate=0.6,retreat=0|v10|stop",bead,mat,10.0,5,0,0,0,5,0,0,0,5,0,0,,
"hood|backstop=None,funnel=False,gate=True,plate=0.6,retreat=0|v10|stop",coin_1yen,flooring,0.0,5,0,0,0,5,0,0,0,5,0,0,,
"hood|backstop=None,funnel=False,gate=True,plate=0.6,retreat=0|v10|stop",coin_1yen,flooring,5.0,5,0,0,0,5,0,0,0,5,0,0,,
"hood|backstop=None,funnel=False,gate=True,plate=0.6,retreat=0|v10|stop",coin_1yen,flooring,10.0,5,0,0,0,5,0,0,0,5,0,0,,
"hood|backstop=None,funnel=False,gate=True,plate=0.6,retreat=0|v10|stop",coin_1yen,mat,0.0,5,0,0,0,5,0,0,0,5,0,0,,
"hood|backstop=None,funnel=False,gate=True,plate=0.6,retreat=0|v10|stop",coin_1yen,mat,5.0,5,0,0,0,5,0,0,0,5,0,0,,
"hood|backstop=None,funnel=False,gate=True,plate=0.6,retreat=0|v10|stop",coin_1yen,mat,10.0,5,0,0,0,5,0,0,0,5,0,0,,
"hood|backstop=None,funnel=False,gate=True,plate=0.6,retreat=0|v10|stop",crumb_cube,flooring,0.0,5,0,0,0,5,0,0,0,5,0,0,,
"hood|backstop=None,funnel=False,gate=True,plate=0.6,retreat=0|v10|stop",crumb_cube,flooring,5.0,5,0,0,0,5,0,0,0,5,0,0,,
"hood|backstop=None,funnel=False,gate=True,plate=0.6,retreat=0|v10|stop",crumb_cube,flooring,10.0,5,0,0,0,5,0,0,0,5,0,0,,
"hood|backstop=None,funnel=False,gate=True,plate=0.6,retreat=0|v10|stop",crumb_cube,mat,0.0,5,0,0,0,5,0,0,0,5,0,0,,
"hood|backstop=None,funnel=False,gate=True,plate=0.6,retreat=0|v10|stop",crumb_cube,mat,5.0,5,0,0,0,5,0,0,0,5,0,0,,
"hood|backstop=None,funnel=False,gate=True,plate=0.6,retreat=0|v10|stop",crumb_cube,mat,10.0,5,0,0,0,5,0,0,0,5,0,0,,
"hood|backstop=None,funnel=False,gate=True,plate=1.0,retreat=0|v10|stop",battery_cr2032,flooring,0.0,5,0,0,0,5,0,0,0,5,0,0,,
"hood|backstop=None,funnel=False,gate=True,plate=1.0,retreat=0|v10|stop",battery_cr2032,flooring,5.0,5,0,0,0,5,0,0,0,5,0,0,,
"hood|backstop=None,funnel=False,gate=True,plate=1.0,retreat=0|v10|stop",battery_cr2032,flooring,10.0,5,0,0,0,5,0,0,0,5,0,0,,
"hood|backstop=None,funnel=False,gate=True,plate=1.0,retreat=0|v10|stop",battery_cr2032,mat,0.0,5,0,0,0,5,0,0,0,5,0,0,,
"hood|backstop=None,funnel=False,gate=True,plate=1.0,retreat=0|v10|stop",battery_cr2032,mat,5.0,5,0,0,0,5,0,0,0,5,0,0,,
"hood|backstop=None,funnel=False,gate=True,plate=1.0,retreat=0|v10|stop",battery_cr2032,mat,10.0,5,0,0,0,5,0,0,0,5,0,0,,
"hood|backstop=None,funnel=False,gate=True,plate=1.0,retreat=0|v10|stop",bead,flooring,0.0,5,0,0,0,5,0,0,0,5,0,0,,
"hood|backstop=None,funnel=False,gate=True,plate=1.0,retreat=0|v10|stop",bead,flooring,5.0,5,0,0,0,5,0,0,0,5,0,0,,
"hood|backstop=None,funnel=False,gate=True,plate=1.0,retreat=0|v10|stop",bead,flooring,10.0,5,0,0,0,5,0,0,0,5,0,0,,
"hood|backstop=None,funnel=False,gate=True,plate=1.0,retreat=0|v10|stop",bead,mat,0.0,5,0,0,0,5,0,0,0,5,0,0,,
"hood|backstop=None,funnel=False,gate=True,plate=1.0,retreat=0|v10|stop",bead,mat,5.0,5,0,0,0,5,0,0,0,5,0,0,,
"hood|backstop=None,funnel=False,gate=True,plate=1.0,retreat=0|v10|stop",bead,mat,10.0,5,0,0,0,5,0,0,0,5,0,0,,
"hood|backstop=None,funnel=False,gate=True,plate=1.0,retreat=0|v10|stop",coin_1yen,flooring,0.0,5,0,0,0,5,0,0,0,5,0,0,,
"hood|backstop=None,funnel=False,gate=True,plate=1.0,retreat=0|v10|stop",coin_1yen,flooring,5.0,5,0,0,0,5,0,0,0,5,0,0,,
"hood|backstop=None,funnel=False,gate=True,plate=1.0,retreat=0|v10|stop",coin_1yen,flooring,10.0,5,0,0,0,5,0,0,0,5,0,0,,
"hood|backstop=None,funnel=False,gate=True,plate=1.0,retreat=0|v10|stop",coin_1yen,mat,0.0,5,0,0,0,5,0,0,0,5,0,0,,
"hood|backstop=None,funnel=False,gate=True,plate=1.0,retreat=0|v10|stop",coin_1yen,mat,5.0,5,0,0,0,5,0,0,0,5,0,0,,
"hood|backstop=None,funnel=False,gate=True,plate=1.0,retreat=0|v10|stop",coin_1yen,mat,10.0,5,0,0,0,5,0,0,0,5,0,0,,
"hood|backstop=None,funnel=False,gate=True,plate=1.0,retreat=0|v10|stop",crumb_cube,flooring,0.0,5,0,0,0,5,0,0,0,5,0,0,,
"hood|backstop=None,funnel=False,gate=True,plate=1.0,retreat=0|v10|stop",crumb_cube,flooring,5.0,5,0,0,0,5,0,0,0,5,0,0,,
"hood|backstop=None,funnel=False,gate=True,plate=1.0,retreat=0|v10|stop",crumb_cube,flooring,10.0,5,0,0,0,5,0,0,0,5,0,0,,
"hood|backstop=None,funnel=False,gate=True,plate=1.0,retreat=0|v10|stop",crumb_cube,mat,0.0,5,0,0,0,5,0,0,0,5,0,0,,
"hood|backstop=None,funnel=False,gate=True,plate=1.0,retreat=0|v10|stop",crumb_cube,mat,5.0,5,0,0,0,5,0,0,0,5,0,0,,
"hood|backstop=None,funnel=False,gate=True,plate=1.0,retreat=0|v10|stop",crumb_cube,mat,10.0,5,0,0,0,5,0,0,0,5,0,0,,
"hood|backstop=None,funnel=False,gate=True,plate=1.5,retreat=0|v10|stop",battery_cr2032,flooring,0.0,5,0,0,0,5,0,0,0,5,0,0,,
"hood|backstop=None,funnel=False,gate=True,plate=1.5,retreat=0|v10|stop",battery_cr2032,flooring,5.0,5,0,0,0,5,0,0,0,5,0,0,,
"hood|backstop=None,funnel=False,gate=True,plate=1.5,retreat=0|v10|stop",battery_cr2032,flooring,10.0,5,0,0,0,5,0,0,0,5,0,0,,
"hood|backstop=None,funnel=False,gate=True,plate=1.5,retreat=0|v10|stop",battery_cr2032,mat,0.0,5,0,0,0,5,0,0,0,5,0,0,,
"hood|backstop=None,funnel=False,gate=True,plate=1.5,retreat=0|v10|stop",battery_cr2032,mat,5.0,5,0,0,0,5,0,0,0,5,0,0,,
"hood|backstop=None,funnel=False,gate=True,plate=1.5,retreat=0|v10|stop",battery_cr2032,mat,10.0,5,0,0,0,5,0,0,0,5,0,0,,
"hood|backstop=None,funnel=False,gate=True,plate=1.5,retreat=0|v10|stop",bead,flooring,0.0,5,0,0,0,5,0,0,0,5,0,0,,
"hood|backstop=None,funnel=False,gate=True,plate=1.5,retreat=0|v10|stop",bead,flooring,5.0,5,0,0,0,5,0,0,0,5,0,0,,
"hood|backstop=None,funnel=False,gate=True,plate=1.5,retreat=0|v10|stop",bead,flooring,10.0,5,0,0,0,5,0,0,0,5,0,0,,
"hood|backstop=None,funnel=False,gate=True,plate=1.5,retreat=0|v10|stop",bead,mat,0.0,5,0,0,0,5,0,0,0,5,0,0,,
"hood|backstop=None,funnel=False,gate=True,plate=1.5,retreat=0|v10|stop",bead,mat,5.0,5,0,0,0,5,0,0,0,5,0,0,,
"hood|backstop=None,funnel=False,gate=True,plate=1.5,retreat=0|v10|stop",bead,mat,10.0,5,0,0,0,5,0,0,0,5,0,0,,
"hood|backstop=None,funnel=False,gate=True,plate=1.5,retreat=0|v10|stop",coin_1yen,flooring,0.0,5,0,0,0,5,0,0,0,5,0,0,,
"hood|backstop=None,funnel=False,gate=True,plate=1.5,retreat=0|v10|stop",coin_1yen,flooring,5.0,5,0,0,0,5,0,0,0,5,0,0,,
"hood|backstop=None,funnel=False,gate=True,plate=1.5,retreat=0|v10|stop",coin_1yen,flooring,10.0,5,0,0,0,5,0,0,0,5,0,0,,
"hood|backstop=None,funnel=False,gate=True,plate=1.5,retreat=0|v10|stop",coin_1yen,mat,0.0,5,0,0,0,5,0,0,0,5,0,0,,
"hood|backstop=None,funnel=False,gate=True,plate=1.5,retreat=0|v10|stop",coin_1yen,mat,5.0,5,0,0,0,5,0,0,0,5,0,0,,
"hood|backstop=None,funnel=False,gate=True,plate=1.5,retreat=0|v10|stop",coin_1yen,mat,10.0,5,0,0,0,5,0,0,0,5,0,0,,
"hood|backstop=None,funnel=False,gate=True,plate=1.5,retreat=0|v10|stop",crumb_cube,flooring,0.0,5,0,0,0,5,0,0,0,5,0,0,,
"hood|backstop=None,funnel=False,gate=True,plate=1.5,retreat=0|v10|stop",crumb_cube,flooring,5.0,5,0,0,0,5,0,0,0,5,0,0,,
"hood|backstop=None,funnel=False,gate=True,plate=1.5,retreat=0|v10|stop",crumb_cube,flooring,10.0,5,0,0,0,5,0,0,0,5,0,0,,
"hood|backstop=None,funnel=False,gate=True,plate=1.5,retreat=0|v10|stop",crumb_cube,mat,0.0,5,0,0,0,5,0,0,0,5,0,0,,
"hood|backstop=None,funnel=False,gate=True,plate=1.5,retreat=0|v10|stop",crumb_cube,mat,5.0,5,0,0,0,5,0,0,0,5,0,0,,
"hood|backstop=None,funnel=False,gate=True,plate=1.5,retreat=0|v10|stop",crumb_cube,mat,10.0,5,0,0,0,5,0,0,0,5,0,0,,
"hood|backstop=None,funnel=False,gate=True,retreat=0|v10|stop",battery_cr2032,flooring,0.0,5,5,0,0,0,0,0,5,0,5,0,11.00,0.00
"hood|backstop=None,funnel=False,gate=True,retreat=0|v10|stop",battery_cr2032,flooring,5.0,5,5,0,0,0,0,0,5,0,5,0,11.00,5.00
"hood|backstop=None,funnel=False,gate=True,retreat=0|v10|stop",battery_cr2032,flooring,10.0,5,0,0,0,5,0,0,0,5,0,0,,
"hood|backstop=None,funnel=False,gate=True,retreat=0|v10|stop",battery_cr2032,mat,0.0,5,5,0,0,0,0,0,5,0,5,0,11.00,0.00
"hood|backstop=None,funnel=False,gate=True,retreat=0|v10|stop",battery_cr2032,mat,5.0,5,5,0,0,0,0,0,5,0,5,0,11.00,5.00
"hood|backstop=None,funnel=False,gate=True,retreat=0|v10|stop",battery_cr2032,mat,10.0,5,0,0,0,5,0,0,0,5,0,0,,
"hood|backstop=None,funnel=False,gate=True,retreat=0|v10|stop",bead,flooring,0.0,5,5,0,0,0,0,0,5,0,5,0,5.01,0.00
"hood|backstop=None,funnel=False,gate=True,retreat=0|v10|stop",bead,flooring,5.0,5,5,0,0,0,0,0,5,0,5,0,5.00,5.00
"hood|backstop=None,funnel=False,gate=True,retreat=0|v10|stop",bead,flooring,10.0,5,5,0,0,0,0,0,5,0,5,0,5.00,10.00
"hood|backstop=None,funnel=False,gate=True,retreat=0|v10|stop",bead,mat,0.0,5,5,0,0,0,0,0,5,0,5,0,5.01,0.00
"hood|backstop=None,funnel=False,gate=True,retreat=0|v10|stop",bead,mat,5.0,5,5,0,0,0,0,0,5,0,5,0,5.00,5.00
"hood|backstop=None,funnel=False,gate=True,retreat=0|v10|stop",bead,mat,10.0,5,5,0,0,0,0,0,5,0,5,0,5.00,10.00
"hood|backstop=None,funnel=False,gate=True,retreat=0|v10|stop",coin_1yen,flooring,0.0,5,5,0,0,0,0,0,5,0,5,0,11.00,0.00
"hood|backstop=None,funnel=False,gate=True,retreat=0|v10|stop",coin_1yen,flooring,5.0,5,5,0,0,0,0,0,5,0,5,0,11.01,5.00
"hood|backstop=None,funnel=False,gate=True,retreat=0|v10|stop",coin_1yen,flooring,10.0,5,0,0,0,5,0,0,0,5,0,0,,
"hood|backstop=None,funnel=False,gate=True,retreat=0|v10|stop",coin_1yen,mat,0.0,5,5,0,0,0,0,0,5,0,5,0,11.00,0.00
"hood|backstop=None,funnel=False,gate=True,retreat=0|v10|stop",coin_1yen,mat,5.0,5,5,0,0,0,0,0,5,0,5,0,11.01,5.00
"hood|backstop=None,funnel=False,gate=True,retreat=0|v10|stop",coin_1yen,mat,10.0,5,0,0,0,5,0,0,0,5,0,0,,
"hood|backstop=None,funnel=False,gate=True,retreat=0|v10|stop",crumb_cube,flooring,0.0,5,5,0,0,0,0,0,5,0,5,0,8.08,0.00
"hood|backstop=None,funnel=False,gate=True,retreat=0|v10|stop",crumb_cube,flooring,5.0,5,5,0,0,0,0,0,5,0,5,0,8.07,5.00
"hood|backstop=None,funnel=False,gate=True,retreat=0|v10|stop",crumb_cube,flooring,10.0,5,5,0,0,0,0,0,5,5,0,5,8.08,8.41
"hood|backstop=None,funnel=False,gate=True,retreat=0|v10|stop",crumb_cube,mat,0.0,5,5,0,0,0,0,0,5,0,5,0,8.08,0.00
"hood|backstop=None,funnel=False,gate=True,retreat=0|v10|stop",crumb_cube,mat,5.0,5,5,0,0,0,0,0,5,0,5,0,8.07,5.00
"hood|backstop=None,funnel=False,gate=True,retreat=0|v10|stop",crumb_cube,mat,10.0,5,5,0,0,0,0,0,5,5,0,5,8.08,8.41
"hood|backstop=None,funnel=False,gate=True,retreat=0|v2|stop",battery_cr2032,flooring,0.0,5,5,0,0,0,0,0,5,0,5,0,11.00,0.00
"hood|backstop=None,funnel=False,gate=True,retreat=0|v2|stop",battery_cr2032,flooring,5.0,5,5,0,0,0,0,0,5,2,3,2,11.00,5.00
"hood|backstop=None,funnel=False,gate=True,retreat=0|v2|stop",battery_cr2032,flooring,10.0,5,0,0,0,5,0,0,0,5,0,0,,
"hood|backstop=None,funnel=False,gate=True,retreat=0|v2|stop",battery_cr2032,mat,0.0,5,5,0,0,0,0,0,5,0,5,0,11.00,0.00
"hood|backstop=None,funnel=False,gate=True,retreat=0|v2|stop",battery_cr2032,mat,5.0,5,5,0,0,0,0,0,5,2,3,2,11.00,5.00
"hood|backstop=None,funnel=False,gate=True,retreat=0|v2|stop",battery_cr2032,mat,10.0,5,0,0,0,5,0,0,0,5,0,0,,
"hood|backstop=None,funnel=False,gate=True,retreat=0|v2|stop",bead,flooring,0.0,5,5,0,0,0,0,0,5,0,5,0,5.00,0.00
"hood|backstop=None,funnel=False,gate=True,retreat=0|v2|stop",bead,flooring,5.0,5,5,0,0,0,0,0,5,0,5,0,5.00,5.00
"hood|backstop=None,funnel=False,gate=True,retreat=0|v2|stop",bead,flooring,10.0,5,5,0,0,0,0,0,5,0,5,0,5.00,10.00
"hood|backstop=None,funnel=False,gate=True,retreat=0|v2|stop",bead,mat,0.0,5,5,0,0,0,0,0,5,0,5,0,5.00,0.00
"hood|backstop=None,funnel=False,gate=True,retreat=0|v2|stop",bead,mat,5.0,5,5,0,0,0,0,0,5,0,5,0,5.00,5.00
"hood|backstop=None,funnel=False,gate=True,retreat=0|v2|stop",bead,mat,10.0,5,5,0,0,0,0,0,5,0,5,0,5.00,10.00
"hood|backstop=None,funnel=False,gate=True,retreat=0|v2|stop",coin_1yen,flooring,0.0,5,5,0,0,0,0,0,5,0,5,0,11.00,0.00
"hood|backstop=None,funnel=False,gate=True,retreat=0|v2|stop",coin_1yen,flooring,5.0,5,5,0,0,0,0,0,5,0,5,0,11.00,5.00
"hood|backstop=None,funnel=False,gate=True,retreat=0|v2|stop",coin_1yen,flooring,10.0,5,0,0,0,5,0,0,0,5,0,0,,
"hood|backstop=None,funnel=False,gate=True,retreat=0|v2|stop",coin_1yen,mat,0.0,5,5,0,0,0,0,0,5,0,5,0,11.00,0.00
"hood|backstop=None,funnel=False,gate=True,retreat=0|v2|stop",coin_1yen,mat,5.0,5,5,0,0,0,0,0,5,0,5,0,11.00,5.00
"hood|backstop=None,funnel=False,gate=True,retreat=0|v2|stop",coin_1yen,mat,10.0,5,0,0,0,5,0,0,0,5,0,0,,
"hood|backstop=None,funnel=False,gate=True,retreat=0|v2|stop",crumb_cube,flooring,0.0,5,5,0,0,0,0,0,5,0,5,0,8.07,0.00
"hood|backstop=None,funnel=False,gate=True,retreat=0|v2|stop",crumb_cube,flooring,5.0,5,5,0,0,0,0,0,5,0,5,0,8.07,5.00
"hood|backstop=None,funnel=False,gate=True,retreat=0|v2|stop",crumb_cube,flooring,10.0,5,5,0,0,0,0,0,5,5,0,5,8.07,8.62
"hood|backstop=None,funnel=False,gate=True,retreat=0|v2|stop",crumb_cube,mat,0.0,5,5,0,0,0,0,0,5,0,5,0,8.07,0.00
"hood|backstop=None,funnel=False,gate=True,retreat=0|v2|stop",crumb_cube,mat,5.0,5,5,0,0,0,0,0,5,0,5,0,8.07,5.00
"hood|backstop=None,funnel=False,gate=True,retreat=0|v2|stop",crumb_cube,mat,10.0,5,5,0,0,0,0,0,5,5,0,5,8.07,8.62
"hood|backstop=None,funnel=False,gate=True,retreat=30|v10|stop",battery_cr2032,flooring,0.0,5,5,0,0,0,0,0,5,0,5,0,11.00,0.00
"hood|backstop=None,funnel=False,gate=True,retreat=30|v10|stop",battery_cr2032,flooring,5.0,5,5,0,0,0,0,0,5,0,5,0,11.00,5.00
"hood|backstop=None,funnel=False,gate=True,retreat=30|v10|stop",battery_cr2032,flooring,10.0,5,0,0,0,5,0,0,0,5,0,0,,
"hood|backstop=None,funnel=False,gate=True,retreat=30|v10|stop",battery_cr2032,mat,0.0,5,5,0,0,0,0,0,5,0,5,0,11.00,0.00
"hood|backstop=None,funnel=False,gate=True,retreat=30|v10|stop",battery_cr2032,mat,5.0,5,5,0,0,0,0,0,5,0,5,0,11.00,5.00
"hood|backstop=None,funnel=False,gate=True,retreat=30|v10|stop",battery_cr2032,mat,10.0,5,0,0,0,5,0,0,0,5,0,0,,
"hood|backstop=None,funnel=False,gate=True,retreat=30|v10|stop",bead,flooring,0.0,5,5,0,0,0,0,0,5,0,5,0,5.01,0.00
"hood|backstop=None,funnel=False,gate=True,retreat=30|v10|stop",bead,flooring,5.0,5,5,0,0,0,0,0,5,0,5,0,5.00,5.00
"hood|backstop=None,funnel=False,gate=True,retreat=30|v10|stop",bead,flooring,10.0,5,5,0,0,0,0,0,5,0,5,0,5.00,10.00
"hood|backstop=None,funnel=False,gate=True,retreat=30|v10|stop",bead,mat,0.0,5,5,0,0,0,0,0,5,0,5,0,5.01,0.00
"hood|backstop=None,funnel=False,gate=True,retreat=30|v10|stop",bead,mat,5.0,5,5,0,0,0,0,0,5,0,5,0,5.00,5.00
"hood|backstop=None,funnel=False,gate=True,retreat=30|v10|stop",bead,mat,10.0,5,5,0,0,0,0,0,5,0,5,0,5.00,10.00
"hood|backstop=None,funnel=False,gate=True,retreat=30|v10|stop",coin_1yen,flooring,0.0,5,5,0,0,0,0,0,5,0,5,0,11.00,0.00
"hood|backstop=None,funnel=False,gate=True,retreat=30|v10|stop",coin_1yen,flooring,5.0,5,5,0,0,0,0,0,5,0,5,0,11.01,5.00
"hood|backstop=None,funnel=False,gate=True,retreat=30|v10|stop",coin_1yen,flooring,10.0,5,0,0,0,5,0,0,0,5,0,0,,
"hood|backstop=None,funnel=False,gate=True,retreat=30|v10|stop",coin_1yen,mat,0.0,5,5,0,0,0,0,0,5,0,5,0,11.00,0.00
"hood|backstop=None,funnel=False,gate=True,retreat=30|v10|stop",coin_1yen,mat,5.0,5,5,0,0,0,0,0,5,0,5,0,11.01,5.00
"hood|backstop=None,funnel=False,gate=True,retreat=30|v10|stop",coin_1yen,mat,10.0,5,0,0,0,5,0,0,0,5,0,0,,
"hood|backstop=None,funnel=False,gate=True,retreat=30|v10|stop",crumb_cube,flooring,0.0,5,5,0,0,0,0,0,5,0,5,0,8.08,0.00
"hood|backstop=None,funnel=False,gate=True,retreat=30|v10|stop",crumb_cube,flooring,5.0,5,5,0,0,0,0,0,5,0,5,0,8.07,5.00
"hood|backstop=None,funnel=False,gate=True,retreat=30|v10|stop",crumb_cube,flooring,10.0,5,5,0,0,0,0,0,5,5,0,5,8.08,8.41
"hood|backstop=None,funnel=False,gate=True,retreat=30|v10|stop",crumb_cube,mat,0.0,5,5,0,0,0,0,0,5,0,5,0,8.08,0.00
"hood|backstop=None,funnel=False,gate=True,retreat=30|v10|stop",crumb_cube,mat,5.0,5,5,0,0,0,0,0,5,0,5,0,8.07,5.00
"hood|backstop=None,funnel=False,gate=True,retreat=30|v10|stop",crumb_cube,mat,10.0,5,5,0,0,0,0,0,5,5,0,5,8.08,8.41
"hood|backstop=None,funnel=False,gate=True,retreat=30|v2|stop",battery_cr2032,flooring,0.0,5,5,0,0,0,0,0,5,0,5,0,11.00,0.00
"hood|backstop=None,funnel=False,gate=True,retreat=30|v2|stop",battery_cr2032,flooring,5.0,5,5,0,0,0,0,0,5,2,3,2,11.00,5.00
"hood|backstop=None,funnel=False,gate=True,retreat=30|v2|stop",battery_cr2032,flooring,10.0,5,0,0,0,5,0,0,0,5,0,0,,
"hood|backstop=None,funnel=False,gate=True,retreat=30|v2|stop",battery_cr2032,mat,0.0,5,5,0,0,0,0,0,5,0,5,0,11.00,0.00
"hood|backstop=None,funnel=False,gate=True,retreat=30|v2|stop",battery_cr2032,mat,5.0,5,5,0,0,0,0,0,5,2,3,2,11.00,5.00
"hood|backstop=None,funnel=False,gate=True,retreat=30|v2|stop",battery_cr2032,mat,10.0,5,0,0,0,5,0,0,0,5,0,0,,
"hood|backstop=None,funnel=False,gate=True,retreat=30|v2|stop",bead,flooring,0.0,5,5,0,0,0,0,0,5,0,5,0,5.00,0.00
"hood|backstop=None,funnel=False,gate=True,retreat=30|v2|stop",bead,flooring,5.0,5,5,0,0,0,0,0,5,0,5,0,5.00,5.00
"hood|backstop=None,funnel=False,gate=True,retreat=30|v2|stop",bead,flooring,10.0,5,5,0,0,0,0,0,5,0,5,0,5.00,10.00
"hood|backstop=None,funnel=False,gate=True,retreat=30|v2|stop",bead,mat,0.0,5,5,0,0,0,0,0,5,0,5,0,5.00,0.00
"hood|backstop=None,funnel=False,gate=True,retreat=30|v2|stop",bead,mat,5.0,5,5,0,0,0,0,0,5,0,5,0,5.00,5.00
"hood|backstop=None,funnel=False,gate=True,retreat=30|v2|stop",bead,mat,10.0,5,5,0,0,0,0,0,5,0,5,0,5.00,10.00
"hood|backstop=None,funnel=False,gate=True,retreat=30|v2|stop",coin_1yen,flooring,0.0,5,5,0,0,0,0,0,5,0,5,0,11.00,0.00
"hood|backstop=None,funnel=False,gate=True,retreat=30|v2|stop",coin_1yen,flooring,5.0,5,5,0,0,0,0,0,5,0,5,0,11.00,5.00
"hood|backstop=None,funnel=False,gate=True,retreat=30|v2|stop",coin_1yen,flooring,10.0,5,0,0,0,5,0,0,0,5,0,0,,
"hood|backstop=None,funnel=False,gate=True,retreat=30|v2|stop",coin_1yen,mat,0.0,5,5,0,0,0,0,0,5,0,5,0,11.00,0.00
"hood|backstop=None,funnel=False,gate=True,retreat=30|v2|stop",coin_1yen,mat,5.0,5,5,0,0,0,0,0,5,0,5,0,11.00,5.00
"hood|backstop=None,funnel=False,gate=True,retreat=30|v2|stop",coin_1yen,mat,10.0,5,0,0,0,5,0,0,0,5,0,0,,
"hood|backstop=None,funnel=False,gate=True,retreat=30|v2|stop",crumb_cube,flooring,0.0,5,5,0,0,0,0,0,5,0,5,0,8.07,0.00
"hood|backstop=None,funnel=False,gate=True,retreat=30|v2|stop",crumb_cube,flooring,5.0,5,5,0,0,0,0,0,5,0,5,0,8.07,5.00
"hood|backstop=None,funnel=False,gate=True,retreat=30|v2|stop",crumb_cube,flooring,10.0,5,5,0,0,0,0,0,5,5,0,5,8.07,8.62
"hood|backstop=None,funnel=False,gate=True,retreat=30|v2|stop",crumb_cube,mat,0.0,5,5,0,0,0,0,0,5,0,5,0,8.07,0.00
"hood|backstop=None,funnel=False,gate=True,retreat=30|v2|stop",crumb_cube,mat,5.0,5,5,0,0,0,0,0,5,0,5,0,8.07,5.00
"hood|backstop=None,funnel=False,gate=True,retreat=30|v2|stop",crumb_cube,mat,10.0,5,5,0,0,0,0,0,5,5,0,5,8.07,8.62
"hood|backstop=None,funnel=True,gate=False,retreat=0|v10|stop",battery_cr2032,flooring,0.0,5,5,0,0,0,0,0,5,0,5,0,11.01,0.00
"hood|backstop=None,funnel=True,gate=False,retreat=0|v10|stop",battery_cr2032,flooring,5.0,5,5,0,0,0,0,0,5,1,4,1,11.00,5.00
"hood|backstop=None,funnel=True,gate=False,retreat=0|v10|stop",battery_cr2032,flooring,10.0,5,5,0,0,0,0,0,5,5,0,5,11.01,4.89
"hood|backstop=None,funnel=True,gate=False,retreat=0|v10|stop",battery_cr2032,mat,0.0,5,5,0,0,0,0,0,5,0,5,0,11.01,0.00
"hood|backstop=None,funnel=True,gate=False,retreat=0|v10|stop",battery_cr2032,mat,5.0,5,5,0,0,0,0,0,5,1,4,1,11.00,5.00
"hood|backstop=None,funnel=True,gate=False,retreat=0|v10|stop",battery_cr2032,mat,10.0,5,4,0,0,1,0,0,4,5,0,4,11.00,3.49
"hood|backstop=None,funnel=True,gate=False,retreat=0|v10|stop",bead,flooring,0.0,5,5,0,0,0,0,0,5,0,5,0,5.01,0.00
"hood|backstop=None,funnel=True,gate=False,retreat=0|v10|stop",bead,flooring,5.0,5,5,0,0,0,0,0,5,0,5,0,5.01,5.00
"hood|backstop=None,funnel=True,gate=False,retreat=0|v10|stop",bead,flooring,10.0,5,5,0,0,0,0,0,5,0,5,0,5.01,10.00
"hood|backstop=None,funnel=True,gate=False,retreat=0|v10|stop",bead,mat,0.0,5,5,0,0,0,0,0,5,0,5,0,5.01,0.00
"hood|backstop=None,funnel=True,gate=False,retreat=0|v10|stop",bead,mat,5.0,5,5,0,0,0,0,0,5,0,5,0,5.01,5.00
"hood|backstop=None,funnel=True,gate=False,retreat=0|v10|stop",bead,mat,10.0,5,5,0,0,0,0,0,5,0,5,0,5.01,10.00
"hood|backstop=None,funnel=True,gate=False,retreat=0|v10|stop",coin_1yen,flooring,0.0,5,5,0,0,0,0,0,5,0,5,0,11.00,0.00
"hood|backstop=None,funnel=True,gate=False,retreat=0|v10|stop",coin_1yen,flooring,5.0,5,5,0,0,0,0,0,5,0,5,0,11.01,5.00
"hood|backstop=None,funnel=True,gate=False,retreat=0|v10|stop",coin_1yen,flooring,10.0,5,0,2,0,3,0,0,2,5,0,2,11.02,3.70
"hood|backstop=None,funnel=True,gate=False,retreat=0|v10|stop",coin_1yen,mat,0.0,5,5,0,0,0,0,0,5,0,5,0,11.00,0.00
"hood|backstop=None,funnel=True,gate=False,retreat=0|v10|stop",coin_1yen,mat,5.0,5,5,0,0,0,0,0,5,0,5,0,11.01,5.00
"hood|backstop=None,funnel=True,gate=False,retreat=0|v10|stop",coin_1yen,mat,10.0,5,0,0,0,5,0,0,0,5,0,0,,
"hood|backstop=None,funnel=True,gate=False,retreat=0|v10|stop",crumb_cube,flooring,0.0,5,5,0,0,0,0,0,5,0,5,0,8.08,0.00
"hood|backstop=None,funnel=True,gate=False,retreat=0|v10|stop",crumb_cube,flooring,5.0,5,5,0,0,0,0,0,5,0,5,0,8.08,5.00
"hood|backstop=None,funnel=True,gate=False,retreat=0|v10|stop",crumb_cube,flooring,10.0,5,5,0,0,0,0,0,5,5,0,5,8.08,8.51
"hood|backstop=None,funnel=True,gate=False,retreat=0|v10|stop",crumb_cube,mat,0.0,5,5,0,0,0,0,0,5,0,5,0,8.08,0.00
"hood|backstop=None,funnel=True,gate=False,retreat=0|v10|stop",crumb_cube,mat,5.0,5,5,0,0,0,0,0,5,0,5,0,8.08,5.00
"hood|backstop=None,funnel=True,gate=False,retreat=0|v10|stop",crumb_cube,mat,10.0,5,5,0,0,0,0,0,5,5,0,5,8.08,8.51
"hood|backstop=None,funnel=True,gate=False,retreat=0|v2|stop",battery_cr2032,flooring,0.0,5,5,0,0,0,0,0,5,0,5,0,11.00,0.00
"hood|backstop=None,funnel=True,gate=False,retreat=0|v2|stop",battery_cr2032,flooring,5.0,5,5,0,0,0,0,0,5,1,4,1,11.00,5.00
"hood|backstop=None,funnel=True,gate=False,retreat=0|v2|stop",battery_cr2032,flooring,10.0,5,5,0,0,0,0,0,5,5,0,5,11.00,4.20
"hood|backstop=None,funnel=True,gate=False,retreat=0|v2|stop",battery_cr2032,mat,0.0,5,5,0,0,0,0,0,5,0,5,0,11.00,0.00
"hood|backstop=None,funnel=True,gate=False,retreat=0|v2|stop",battery_cr2032,mat,5.0,5,5,0,0,0,0,0,5,1,4,1,11.00,5.00
"hood|backstop=None,funnel=True,gate=False,retreat=0|v2|stop",battery_cr2032,mat,10.0,5,3,0,0,2,0,0,3,5,0,3,11.00,4.86
"hood|backstop=None,funnel=True,gate=False,retreat=0|v2|stop",bead,flooring,0.0,5,5,0,0,0,0,0,5,0,5,0,5.00,0.00
"hood|backstop=None,funnel=True,gate=False,retreat=0|v2|stop",bead,flooring,5.0,5,5,0,0,0,0,0,5,0,5,0,5.00,5.00
"hood|backstop=None,funnel=True,gate=False,retreat=0|v2|stop",bead,flooring,10.0,5,5,0,0,0,0,0,5,0,5,0,5.00,10.00
"hood|backstop=None,funnel=True,gate=False,retreat=0|v2|stop",bead,mat,0.0,5,5,0,0,0,0,0,5,0,5,0,5.00,0.00
"hood|backstop=None,funnel=True,gate=False,retreat=0|v2|stop",bead,mat,5.0,5,5,0,0,0,0,0,5,0,5,0,5.00,5.00
"hood|backstop=None,funnel=True,gate=False,retreat=0|v2|stop",bead,mat,10.0,5,5,0,0,0,0,0,5,0,5,0,5.00,10.00
"hood|backstop=None,funnel=True,gate=False,retreat=0|v2|stop",coin_1yen,flooring,0.0,5,5,0,0,0,0,0,5,0,5,0,11.00,0.00
"hood|backstop=None,funnel=True,gate=False,retreat=0|v2|stop",coin_1yen,flooring,5.0,5,5,0,0,0,0,0,5,3,2,3,11.00,5.00
"hood|backstop=None,funnel=True,gate=False,retreat=0|v2|stop",coin_1yen,flooring,10.0,5,2,0,0,3,0,0,2,5,0,2,11.00,4.91
"hood|backstop=None,funnel=True,gate=False,retreat=0|v2|stop",coin_1yen,mat,0.0,5,5,0,0,0,0,0,5,0,5,0,11.00,0.00
"hood|backstop=None,funnel=True,gate=False,retreat=0|v2|stop",coin_1yen,mat,5.0,5,5,0,0,0,0,0,5,3,2,3,11.00,5.00
"hood|backstop=None,funnel=True,gate=False,retreat=0|v2|stop",coin_1yen,mat,10.0,5,3,0,0,2,0,0,3,5,0,3,11.00,4.90
"hood|backstop=None,funnel=True,gate=False,retreat=0|v2|stop",crumb_cube,flooring,0.0,5,5,0,0,0,0,0,5,0,5,0,8.07,0.00
"hood|backstop=None,funnel=True,gate=False,retreat=0|v2|stop",crumb_cube,flooring,5.0,5,5,0,0,0,0,0,5,0,5,0,8.07,5.00
"hood|backstop=None,funnel=True,gate=False,retreat=0|v2|stop",crumb_cube,flooring,10.0,5,5,0,0,0,0,0,5,5,0,5,8.07,8.51
"hood|backstop=None,funnel=True,gate=False,retreat=0|v2|stop",crumb_cube,mat,0.0,5,5,0,0,0,0,0,5,0,5,0,8.07,0.00
"hood|backstop=None,funnel=True,gate=False,retreat=0|v2|stop",crumb_cube,mat,5.0,5,5,0,0,0,0,0,5,0,5,0,8.07,5.00
"hood|backstop=None,funnel=True,gate=False,retreat=0|v2|stop",crumb_cube,mat,10.0,5,5,0,0,0,0,0,5,5,0,5,8.07,8.51
"hood|backstop=None,funnel=True,gate=False,retreat=30|v10|stop",battery_cr2032,flooring,0.0,5,0,0,5,0,0,0,5,0,5,0,11.01,0.00
"hood|backstop=None,funnel=True,gate=False,retreat=30|v10|stop",battery_cr2032,flooring,5.0,5,0,0,5,0,0,0,5,1,4,1,11.00,5.00
"hood|backstop=None,funnel=True,gate=False,retreat=30|v10|stop",battery_cr2032,flooring,10.0,5,0,0,5,0,0,0,5,5,0,5,11.01,4.89
"hood|backstop=None,funnel=True,gate=False,retreat=30|v10|stop",battery_cr2032,mat,0.0,5,0,0,5,0,0,0,5,0,5,0,11.01,0.00
"hood|backstop=None,funnel=True,gate=False,retreat=30|v10|stop",battery_cr2032,mat,5.0,5,0,0,5,0,0,0,5,1,4,1,11.00,5.00
"hood|backstop=None,funnel=True,gate=False,retreat=30|v10|stop",battery_cr2032,mat,10.0,5,0,0,4,1,0,0,4,5,0,4,11.00,3.49
"hood|backstop=None,funnel=True,gate=False,retreat=30|v10|stop",bead,flooring,0.0,5,0,0,5,0,0,0,5,0,5,0,5.01,0.00
"hood|backstop=None,funnel=True,gate=False,retreat=30|v10|stop",bead,flooring,5.0,5,0,0,5,0,0,0,5,0,5,0,5.01,5.00
"hood|backstop=None,funnel=True,gate=False,retreat=30|v10|stop",bead,flooring,10.0,5,0,0,5,0,0,0,5,0,5,0,5.01,10.00
"hood|backstop=None,funnel=True,gate=False,retreat=30|v10|stop",bead,mat,0.0,5,0,0,5,0,0,0,5,0,5,0,5.01,0.00
"hood|backstop=None,funnel=True,gate=False,retreat=30|v10|stop",bead,mat,5.0,5,0,0,5,0,0,0,5,0,5,0,5.01,5.00
"hood|backstop=None,funnel=True,gate=False,retreat=30|v10|stop",bead,mat,10.0,5,0,0,5,0,0,0,5,0,5,0,5.01,10.00
"hood|backstop=None,funnel=True,gate=False,retreat=30|v10|stop",coin_1yen,flooring,0.0,5,0,0,5,0,0,0,5,0,5,0,11.00,0.00
"hood|backstop=None,funnel=True,gate=False,retreat=30|v10|stop",coin_1yen,flooring,5.0,5,0,0,5,0,0,0,5,0,5,0,11.01,5.00
"hood|backstop=None,funnel=True,gate=False,retreat=30|v10|stop",coin_1yen,flooring,10.0,5,0,0,2,3,0,0,2,5,0,2,11.02,3.70
"hood|backstop=None,funnel=True,gate=False,retreat=30|v10|stop",coin_1yen,mat,0.0,5,0,0,5,0,0,0,5,0,5,0,11.00,0.00
"hood|backstop=None,funnel=True,gate=False,retreat=30|v10|stop",coin_1yen,mat,5.0,5,0,0,5,0,0,0,5,0,5,0,11.01,5.00
"hood|backstop=None,funnel=True,gate=False,retreat=30|v10|stop",coin_1yen,mat,10.0,5,0,0,0,5,0,0,0,5,0,0,,
"hood|backstop=None,funnel=True,gate=False,retreat=30|v10|stop",crumb_cube,flooring,0.0,5,0,0,5,0,0,0,5,0,5,0,8.08,0.00
"hood|backstop=None,funnel=True,gate=False,retreat=30|v10|stop",crumb_cube,flooring,5.0,5,0,0,5,0,0,0,5,0,5,0,8.08,5.00
"hood|backstop=None,funnel=True,gate=False,retreat=30|v10|stop",crumb_cube,flooring,10.0,5,0,0,5,0,0,0,5,5,0,5,8.08,8.51
"hood|backstop=None,funnel=True,gate=False,retreat=30|v10|stop",crumb_cube,mat,0.0,5,0,0,5,0,0,0,5,0,5,0,8.08,0.00
"hood|backstop=None,funnel=True,gate=False,retreat=30|v10|stop",crumb_cube,mat,5.0,5,0,0,5,0,0,0,5,0,5,0,8.08,5.00
"hood|backstop=None,funnel=True,gate=False,retreat=30|v10|stop",crumb_cube,mat,10.0,5,0,0,5,0,0,0,5,5,0,5,8.08,8.51
"hood|backstop=None,funnel=True,gate=False,retreat=30|v2|stop",battery_cr2032,flooring,0.0,5,0,0,5,0,0,0,5,0,5,0,11.00,0.00
"hood|backstop=None,funnel=True,gate=False,retreat=30|v2|stop",battery_cr2032,flooring,5.0,5,0,0,5,0,0,0,5,1,4,1,11.00,5.00
"hood|backstop=None,funnel=True,gate=False,retreat=30|v2|stop",battery_cr2032,flooring,10.0,5,0,0,5,0,0,0,5,5,0,5,11.00,4.20
"hood|backstop=None,funnel=True,gate=False,retreat=30|v2|stop",battery_cr2032,mat,0.0,5,0,0,5,0,0,0,5,0,5,0,11.00,0.00
"hood|backstop=None,funnel=True,gate=False,retreat=30|v2|stop",battery_cr2032,mat,5.0,5,0,0,5,0,0,0,5,1,4,1,11.00,5.00
"hood|backstop=None,funnel=True,gate=False,retreat=30|v2|stop",battery_cr2032,mat,10.0,5,0,0,3,2,0,0,3,5,0,3,11.00,4.86
"hood|backstop=None,funnel=True,gate=False,retreat=30|v2|stop",bead,flooring,0.0,5,0,0,5,0,0,0,5,0,5,0,5.00,0.00
"hood|backstop=None,funnel=True,gate=False,retreat=30|v2|stop",bead,flooring,5.0,5,0,0,5,0,0,0,5,0,5,0,5.00,5.00
"hood|backstop=None,funnel=True,gate=False,retreat=30|v2|stop",bead,flooring,10.0,5,0,0,5,0,0,0,5,0,5,0,5.00,10.00
"hood|backstop=None,funnel=True,gate=False,retreat=30|v2|stop",bead,mat,0.0,5,0,0,5,0,0,0,5,0,5,0,5.00,0.00
"hood|backstop=None,funnel=True,gate=False,retreat=30|v2|stop",bead,mat,5.0,5,0,0,5,0,0,0,5,0,5,0,5.00,5.00
"hood|backstop=None,funnel=True,gate=False,retreat=30|v2|stop",bead,mat,10.0,5,0,0,5,0,0,0,5,0,5,0,5.00,10.00
"hood|backstop=None,funnel=True,gate=False,retreat=30|v2|stop",coin_1yen,flooring,0.0,5,0,0,5,0,0,0,5,0,5,0,11.00,0.00
"hood|backstop=None,funnel=True,gate=False,retreat=30|v2|stop",coin_1yen,flooring,5.0,5,0,0,5,0,0,0,5,3,2,3,11.00,5.00
"hood|backstop=None,funnel=True,gate=False,retreat=30|v2|stop",coin_1yen,flooring,10.0,5,0,0,2,3,0,0,2,5,0,2,11.00,4.91
"hood|backstop=None,funnel=True,gate=False,retreat=30|v2|stop",coin_1yen,mat,0.0,5,0,0,5,0,0,0,5,0,5,0,11.00,0.00
"hood|backstop=None,funnel=True,gate=False,retreat=30|v2|stop",coin_1yen,mat,5.0,5,0,0,5,0,0,0,5,3,2,3,11.00,5.00
"hood|backstop=None,funnel=True,gate=False,retreat=30|v2|stop",coin_1yen,mat,10.0,5,0,0,3,2,0,0,3,5,0,3,11.00,4.90
"hood|backstop=None,funnel=True,gate=False,retreat=30|v2|stop",crumb_cube,flooring,0.0,5,0,0,5,0,0,0,5,0,5,0,8.07,0.00
"hood|backstop=None,funnel=True,gate=False,retreat=30|v2|stop",crumb_cube,flooring,5.0,5,0,0,5,0,0,0,5,0,5,0,8.07,5.00
"hood|backstop=None,funnel=True,gate=False,retreat=30|v2|stop",crumb_cube,flooring,10.0,5,0,0,5,0,0,0,5,5,0,5,8.07,8.51
"hood|backstop=None,funnel=True,gate=False,retreat=30|v2|stop",crumb_cube,mat,0.0,5,0,0,5,0,0,0,5,0,5,0,8.07,0.00
"hood|backstop=None,funnel=True,gate=False,retreat=30|v2|stop",crumb_cube,mat,5.0,5,0,0,5,0,0,0,5,0,5,0,8.07,5.00
"hood|backstop=None,funnel=True,gate=False,retreat=30|v2|stop",crumb_cube,mat,10.0,5,0,0,5,0,0,0,5,5,0,5,8.07,8.51
"hood|backstop=None,funnel=True,gate=True,retreat=0|v10|stop",battery_cr2032,flooring,0.0,5,5,0,0,0,0,0,5,0,5,0,11.00,0.00
"hood|backstop=None,funnel=True,gate=True,retreat=0|v10|stop",battery_cr2032,flooring,5.0,5,5,0,0,0,0,0,5,0,5,0,11.00,5.00
"hood|backstop=None,funnel=True,gate=True,retreat=0|v10|stop",battery_cr2032,flooring,10.0,5,5,0,0,0,0,0,5,5,0,5,11.01,4.86
"hood|backstop=None,funnel=True,gate=True,retreat=0|v10|stop",battery_cr2032,mat,0.0,5,5,0,0,0,0,0,5,0,5,0,11.00,0.00
"hood|backstop=None,funnel=True,gate=True,retreat=0|v10|stop",battery_cr2032,mat,5.0,5,5,0,0,0,0,0,5,0,5,0,11.00,5.00
"hood|backstop=None,funnel=True,gate=True,retreat=0|v10|stop",battery_cr2032,mat,10.0,5,5,0,0,0,0,0,5,5,0,5,11.00,4.76
"hood|backstop=None,funnel=True,gate=True,retreat=0|v10|stop",bead,flooring,0.0,5,5,0,0,0,0,0,5,0,5,0,5.01,0.00
"hood|backstop=None,funnel=True,gate=True,retreat=0|v10|stop",bead,flooring,5.0,5,5,0,0,0,0,0,5,0,5,0,5.00,5.00
"hood|backstop=None,funnel=True,gate=True,retreat=0|v10|stop",bead,flooring,10.0,5,5,0,0,0,0,0,5,0,5,0,5.00,10.00
"hood|backstop=None,funnel=True,gate=True,retreat=0|v10|stop",bead,mat,0.0,5,5,0,0,0,0,0,5,0,5,0,5.01,0.00
"hood|backstop=None,funnel=True,gate=True,retreat=0|v10|stop",bead,mat,5.0,5,5,0,0,0,0,0,5,0,5,0,5.00,5.00
"hood|backstop=None,funnel=True,gate=True,retreat=0|v10|stop",bead,mat,10.0,5,5,0,0,0,0,0,5,0,5,0,5.00,10.00
"hood|backstop=None,funnel=True,gate=True,retreat=0|v10|stop",coin_1yen,flooring,0.0,5,5,0,0,0,0,0,5,0,5,0,11.00,0.00
"hood|backstop=None,funnel=True,gate=True,retreat=0|v10|stop",coin_1yen,flooring,5.0,5,5,0,0,0,0,0,5,1,4,1,11.01,5.00
"hood|backstop=None,funnel=True,gate=True,retreat=0|v10|stop",coin_1yen,flooring,10.0,5,3,0,0,2,0,0,3,5,0,3,11.01,5.59
"hood|backstop=None,funnel=True,gate=True,retreat=0|v10|stop",coin_1yen,mat,0.0,5,5,0,0,0,0,0,5,0,5,0,11.00,0.00
"hood|backstop=None,funnel=True,gate=True,retreat=0|v10|stop",coin_1yen,mat,5.0,5,5,0,0,0,0,0,5,1,4,1,11.00,5.00
"hood|backstop=None,funnel=True,gate=True,retreat=0|v10|stop",coin_1yen,mat,10.0,5,1,0,0,4,0,0,1,5,0,1,11.01,4.65
"hood|backstop=None,funnel=True,gate=True,retreat=0|v10|stop",crumb_cube,flooring,0.0,5,5,0,0,0,0,0,5,0,5,0,8.08,0.00
"hood|backstop=None,funnel=True,gate=True,retreat=0|v10|stop",crumb_cube,flooring,5.0,5,5,0,0,0,0,0,5,0,5,0,8.07,5.00
"hood|backstop=None,funnel=True,gate=True,retreat=0|v10|stop",crumb_cube,flooring,10.0,5,5,0,0,0,0,0,5,5,0,5,8.08,8.51
"hood|backstop=None,funnel=True,gate=True,retreat=0|v10|stop",crumb_cube,mat,0.0,5,5,0,0,0,0,0,5,0,5,0,8.08,0.00
"hood|backstop=None,funnel=True,gate=True,retreat=0|v10|stop",crumb_cube,mat,5.0,5,5,0,0,0,0,0,5,0,5,0,8.07,5.00
"hood|backstop=None,funnel=True,gate=True,retreat=0|v10|stop",crumb_cube,mat,10.0,5,5,0,0,0,0,0,5,5,0,5,8.08,8.51
"hood|backstop=None,funnel=True,gate=True,retreat=0|v2|stop",battery_cr2032,flooring,0.0,5,5,0,0,0,0,0,5,0,5,0,11.00,0.00
"hood|backstop=None,funnel=True,gate=True,retreat=0|v2|stop",battery_cr2032,flooring,5.0,5,5,0,0,0,0,0,5,0,5,0,11.00,5.00
"hood|backstop=None,funnel=True,gate=True,retreat=0|v2|stop",battery_cr2032,flooring,10.0,5,5,0,0,0,0,0,5,5,0,5,11.00,4.15
"hood|backstop=None,funnel=True,gate=True,retreat=0|v2|stop",battery_cr2032,mat,0.0,5,5,0,0,0,0,0,5,0,5,0,11.00,0.00
"hood|backstop=None,funnel=True,gate=True,retreat=0|v2|stop",battery_cr2032,mat,5.0,5,5,0,0,0,0,0,5,0,5,0,11.00,5.00
"hood|backstop=None,funnel=True,gate=True,retreat=0|v2|stop",battery_cr2032,mat,10.0,5,4,0,0,1,0,0,4,5,0,4,11.00,4.60
"hood|backstop=None,funnel=True,gate=True,retreat=0|v2|stop",bead,flooring,0.0,5,5,0,0,0,0,0,5,0,5,0,5.00,0.00
"hood|backstop=None,funnel=True,gate=True,retreat=0|v2|stop",bead,flooring,5.0,5,5,0,0,0,0,0,5,0,5,0,5.00,5.00
"hood|backstop=None,funnel=True,gate=True,retreat=0|v2|stop",bead,flooring,10.0,5,5,0,0,0,0,0,5,0,5,0,5.00,10.00
"hood|backstop=None,funnel=True,gate=True,retreat=0|v2|stop",bead,mat,0.0,5,5,0,0,0,0,0,5,0,5,0,5.00,0.00
"hood|backstop=None,funnel=True,gate=True,retreat=0|v2|stop",bead,mat,5.0,5,5,0,0,0,0,0,5,0,5,0,5.00,5.00
"hood|backstop=None,funnel=True,gate=True,retreat=0|v2|stop",bead,mat,10.0,5,5,0,0,0,0,0,5,0,5,0,5.00,10.00
"hood|backstop=None,funnel=True,gate=True,retreat=0|v2|stop",coin_1yen,flooring,0.0,5,5,0,0,0,0,0,5,0,5,0,11.00,0.00
"hood|backstop=None,funnel=True,gate=True,retreat=0|v2|stop",coin_1yen,flooring,5.0,5,5,0,0,0,0,0,5,2,3,2,11.00,5.00
"hood|backstop=None,funnel=True,gate=True,retreat=0|v2|stop",coin_1yen,flooring,10.0,5,1,0,0,4,0,0,1,5,0,1,11.00,4.99
"hood|backstop=None,funnel=True,gate=True,retreat=0|v2|stop",coin_1yen,mat,0.0,5,5,0,0,0,0,0,5,0,5,0,11.00,0.00
"hood|backstop=None,funnel=True,gate=True,retreat=0|v2|stop",coin_1yen,mat,5.0,5,5,0,0,0,0,0,5,2,3,2,11.00,5.00
"hood|backstop=None,funnel=True,gate=True,retreat=0|v2|stop",coin_1yen,mat,10.0,5,0,0,0,5,0,0,0,5,0,0,,
"hood|backstop=None,funnel=True,gate=True,retreat=0|v2|stop",crumb_cube,flooring,0.0,5,5,0,0,0,0,0,5,0,5,0,8.07,0.00
"hood|backstop=None,funnel=True,gate=True,retreat=0|v2|stop",crumb_cube,flooring,5.0,5,5,0,0,0,0,0,5,0,5,0,8.07,5.00
"hood|backstop=None,funnel=True,gate=True,retreat=0|v2|stop",crumb_cube,flooring,10.0,5,5,0,0,0,0,0,5,5,0,5,8.07,8.51
"hood|backstop=None,funnel=True,gate=True,retreat=0|v2|stop",crumb_cube,mat,0.0,5,5,0,0,0,0,0,5,0,5,0,8.07,0.00
"hood|backstop=None,funnel=True,gate=True,retreat=0|v2|stop",crumb_cube,mat,5.0,5,5,0,0,0,0,0,5,0,5,0,8.07,5.00
"hood|backstop=None,funnel=True,gate=True,retreat=0|v2|stop",crumb_cube,mat,10.0,5,5,0,0,0,0,0,5,5,0,5,8.07,8.51
"hood|backstop=None,funnel=True,gate=True,retreat=30|v10|stop",battery_cr2032,flooring,0.0,5,5,0,0,0,0,0,5,0,5,0,11.00,0.00
"hood|backstop=None,funnel=True,gate=True,retreat=30|v10|stop",battery_cr2032,flooring,5.0,5,5,0,0,0,0,0,5,0,5,0,11.00,5.00
"hood|backstop=None,funnel=True,gate=True,retreat=30|v10|stop",battery_cr2032,flooring,10.0,5,5,0,0,0,0,0,5,5,0,5,11.01,4.86
"hood|backstop=None,funnel=True,gate=True,retreat=30|v10|stop",battery_cr2032,mat,0.0,5,5,0,0,0,0,0,5,0,5,0,11.00,0.00
"hood|backstop=None,funnel=True,gate=True,retreat=30|v10|stop",battery_cr2032,mat,5.0,5,5,0,0,0,0,0,5,0,5,0,11.00,5.00
"hood|backstop=None,funnel=True,gate=True,retreat=30|v10|stop",battery_cr2032,mat,10.0,5,5,0,0,0,0,0,5,5,0,5,11.00,4.76
"hood|backstop=None,funnel=True,gate=True,retreat=30|v10|stop",bead,flooring,0.0,5,5,0,0,0,0,0,5,0,5,0,5.01,0.00
"hood|backstop=None,funnel=True,gate=True,retreat=30|v10|stop",bead,flooring,5.0,5,5,0,0,0,0,0,5,0,5,0,5.00,5.00
"hood|backstop=None,funnel=True,gate=True,retreat=30|v10|stop",bead,flooring,10.0,5,5,0,0,0,0,0,5,0,5,0,5.00,10.00
"hood|backstop=None,funnel=True,gate=True,retreat=30|v10|stop",bead,mat,0.0,5,5,0,0,0,0,0,5,0,5,0,5.01,0.00
"hood|backstop=None,funnel=True,gate=True,retreat=30|v10|stop",bead,mat,5.0,5,5,0,0,0,0,0,5,0,5,0,5.00,5.00
"hood|backstop=None,funnel=True,gate=True,retreat=30|v10|stop",bead,mat,10.0,5,5,0,0,0,0,0,5,0,5,0,5.00,10.00
"hood|backstop=None,funnel=True,gate=True,retreat=30|v10|stop",coin_1yen,flooring,0.0,5,5,0,0,0,0,0,5,0,5,0,11.00,0.00
"hood|backstop=None,funnel=True,gate=True,retreat=30|v10|stop",coin_1yen,flooring,5.0,5,5,0,0,0,0,0,5,1,4,1,11.01,5.00
"hood|backstop=None,funnel=True,gate=True,retreat=30|v10|stop",coin_1yen,flooring,10.0,5,3,0,0,2,0,0,3,5,0,3,11.01,5.59
"hood|backstop=None,funnel=True,gate=True,retreat=30|v10|stop",coin_1yen,mat,0.0,5,5,0,0,0,0,0,5,0,5,0,11.00,0.00
"hood|backstop=None,funnel=True,gate=True,retreat=30|v10|stop",coin_1yen,mat,5.0,5,5,0,0,0,0,0,5,1,4,1,11.00,5.00
"hood|backstop=None,funnel=True,gate=True,retreat=30|v10|stop",coin_1yen,mat,10.0,5,1,0,0,4,0,0,1,5,0,1,11.01,4.65
"hood|backstop=None,funnel=True,gate=True,retreat=30|v10|stop",crumb_cube,flooring,0.0,5,5,0,0,0,0,0,5,0,5,0,8.08,0.00
"hood|backstop=None,funnel=True,gate=True,retreat=30|v10|stop",crumb_cube,flooring,5.0,5,5,0,0,0,0,0,5,0,5,0,8.07,5.00
"hood|backstop=None,funnel=True,gate=True,retreat=30|v10|stop",crumb_cube,flooring,10.0,5,5,0,0,0,0,0,5,5,0,5,8.08,8.51
"hood|backstop=None,funnel=True,gate=True,retreat=30|v10|stop",crumb_cube,mat,0.0,5,5,0,0,0,0,0,5,0,5,0,8.08,0.00
"hood|backstop=None,funnel=True,gate=True,retreat=30|v10|stop",crumb_cube,mat,5.0,5,5,0,0,0,0,0,5,0,5,0,8.07,5.00
"hood|backstop=None,funnel=True,gate=True,retreat=30|v10|stop",crumb_cube,mat,10.0,5,5,0,0,0,0,0,5,5,0,5,8.08,8.51
"hood|backstop=None,funnel=True,gate=True,retreat=30|v2|stop",battery_cr2032,flooring,0.0,5,5,0,0,0,0,0,5,0,5,0,11.00,0.00
"hood|backstop=None,funnel=True,gate=True,retreat=30|v2|stop",battery_cr2032,flooring,5.0,5,5,0,0,0,0,0,5,0,5,0,11.00,5.00
"hood|backstop=None,funnel=True,gate=True,retreat=30|v2|stop",battery_cr2032,flooring,10.0,5,5,0,0,0,0,0,5,5,0,5,11.00,4.15
"hood|backstop=None,funnel=True,gate=True,retreat=30|v2|stop",battery_cr2032,mat,0.0,5,5,0,0,0,0,0,5,0,5,0,11.00,0.00
"hood|backstop=None,funnel=True,gate=True,retreat=30|v2|stop",battery_cr2032,mat,5.0,5,5,0,0,0,0,0,5,0,5,0,11.00,5.00
"hood|backstop=None,funnel=True,gate=True,retreat=30|v2|stop",battery_cr2032,mat,10.0,5,4,0,0,1,0,0,4,5,0,4,11.00,4.60
"hood|backstop=None,funnel=True,gate=True,retreat=30|v2|stop",bead,flooring,0.0,5,5,0,0,0,0,0,5,0,5,0,5.00,0.00
"hood|backstop=None,funnel=True,gate=True,retreat=30|v2|stop",bead,flooring,5.0,5,5,0,0,0,0,0,5,0,5,0,5.00,5.00
"hood|backstop=None,funnel=True,gate=True,retreat=30|v2|stop",bead,flooring,10.0,5,5,0,0,0,0,0,5,0,5,0,5.00,10.00
"hood|backstop=None,funnel=True,gate=True,retreat=30|v2|stop",bead,mat,0.0,5,5,0,0,0,0,0,5,0,5,0,5.00,0.00
"hood|backstop=None,funnel=True,gate=True,retreat=30|v2|stop",bead,mat,5.0,5,5,0,0,0,0,0,5,0,5,0,5.00,5.00
"hood|backstop=None,funnel=True,gate=True,retreat=30|v2|stop",bead,mat,10.0,5,5,0,0,0,0,0,5,0,5,0,5.00,10.00
"hood|backstop=None,funnel=True,gate=True,retreat=30|v2|stop",coin_1yen,flooring,0.0,5,5,0,0,0,0,0,5,0,5,0,11.00,0.00
"hood|backstop=None,funnel=True,gate=True,retreat=30|v2|stop",coin_1yen,flooring,5.0,5,5,0,0,0,0,0,5,2,3,2,11.00,5.00
"hood|backstop=None,funnel=True,gate=True,retreat=30|v2|stop",coin_1yen,flooring,10.0,5,1,0,0,4,0,0,1,5,0,1,11.00,4.99
"hood|backstop=None,funnel=True,gate=True,retreat=30|v2|stop",coin_1yen,mat,0.0,5,5,0,0,0,0,0,5,0,5,0,11.00,0.00
"hood|backstop=None,funnel=True,gate=True,retreat=30|v2|stop",coin_1yen,mat,5.0,5,5,0,0,0,0,0,5,2,3,2,11.00,5.00
"hood|backstop=None,funnel=True,gate=True,retreat=30|v2|stop",coin_1yen,mat,10.0,5,0,0,0,5,0,0,0,5,0,0,,
"hood|backstop=None,funnel=True,gate=True,retreat=30|v2|stop",crumb_cube,flooring,0.0,5,5,0,0,0,0,0,5,0,5,0,8.07,0.00
"hood|backstop=None,funnel=True,gate=True,retreat=30|v2|stop",crumb_cube,flooring,5.0,5,5,0,0,0,0,0,5,0,5,0,8.07,5.00
"hood|backstop=None,funnel=True,gate=True,retreat=30|v2|stop",crumb_cube,flooring,10.0,5,5,0,0,0,0,0,5,5,0,5,8.07,8.51
"hood|backstop=None,funnel=True,gate=True,retreat=30|v2|stop",crumb_cube,mat,0.0,5,5,0,0,0,0,0,5,0,5,0,8.07,0.00
"hood|backstop=None,funnel=True,gate=True,retreat=30|v2|stop",crumb_cube,mat,5.0,5,5,0,0,0,0,0,5,0,5,0,8.07,5.00
"hood|backstop=None,funnel=True,gate=True,retreat=30|v2|stop",crumb_cube,mat,10.0,5,5,0,0,0,0,0,5,5,0,5,8.07,8.51
