tag,obj,H,ci_hi,ci_lo,close,entered_hi,entered_lo,escape_mean_mm,head_edge_lift_max_mm,kind,mode,n,n_arm_jam,n_entered,n_escaped,n_inside_at_close,n_lateral,n_launched,n_no_trigger,n_on_head,n_on_ramp,n_other,n_pinched,n_pushed_ahead,n_rode,n_rode_clean,n_success,n_success_clean,n_triggered,n_under,push_max_mm,push_mean_mm,ramp,rate,rate_entered,rate_on_head,rate_rode,rate_rode_clean,ride_max_rel_mm,rode_hi,rode_lo,side,speed,successes,tip,torque,w
beak|H15.0|r5|c0.6|w30cup|v10|stop|t0.6|qcfg|gcfg,battery_cr2032,15.0,0.18398119474747693,0.0,0.6,0.18398119474747693,0.0,256.6062012163409,26.714562659485587,beak,stop,12,0,0,0,0,4,11,0,3,0,1,0,7,11,1,0,0,12,0,2.340369384158852,0.8568231933354653,5.0,0.0,0.0,0.25,0.9166666666666666,0.08333333333333333,114.62627058672483,0.9811839504836382,0.6988317205601311,True,10.0,0,0.6,,30.0
beak|H15.0|r5|c0.6|w30cup|v10|stop|t0.6|qcfg|gcfg,bead,15.0,0.8405146550741593,0.4314916133433481,0.6,1.0,0.816018805252523,75.75603733698186,9.981125297080013,beak,stop,12,0,12,4,12,0,6,0,12,0,0,0,0,12,6,8,6,12,0,0.0,0.0,5.0,0.6666666666666666,1.0,1.0,1.0,0.5,31.272375261623353,1.0,0.816018805252523,True,10.0,8,0.6,,30.0
beak|H15.0|r5|c0.6|w30cup|v10|stop|t0.6|qcfg|gcfg,coin_1yen,15.0,0.18398119474747693,0.0,0.6,0.18398119474747693,0.0,85.72002959146613,19.003832816191874,beak,stop,12,0,0,0,0,4,4,0,2,0,0,0,8,3,0,0,0,12,0,3.01240173343479,2.707621404641546,5.0,0.0,0.0,0.16666666666666666,0.25,0.0,1.1180998362324175,0.4873380318032493,0.10465256557048919,True,10.0,0,0.6,,30.0
beak|H15.0|r5|c0.6|w30cup|v10|stop|t0.6|qcfg|gcfg,crumb_cube,15.0,0.18398119474747693,0.0,0.6,0.39920691041554024,0.05678055274944438,609.3341315778907,826.855547009302,beak,stop,12,10,2,0,0,0,2,0,2,0,2,0,10,2,0,0,0,12,0,0.1273654372870095,0.0254730874574019,5.0,0.0,0.16666666666666666,0.16666666666666666,0.16666666666666666,0.0,3635.813504590388,0.39920691041554024,0.05678055274944438,True,10.0,0,0.6,,30.0
beak|H15.0|r5|c0.6|w30cup|v2|stop|t0.6|qcfg|gcfg,battery_cr2032,15.0,0.18398119474747693,0.0,0.6,0.18398119474747693,0.0,279.97341175675086,26.802130435357867,beak,stop,12,0,0,0,0,0,10,0,4,0,4,0,8,10,2,0,0,12,0,5.271527801326149,1.7008942326519754,5.0,0.0,0.0,0.3333333333333333,0.8333333333333334,0.16666666666666666,216.30492568629705,0.9432194472505557,0.6007930895844598,True,2.0,0,0.6,,30.0
beak|H15.0|r5|c0.6|w30cup|v2|stop|t0.6|qcfg|gcfg,bead,15.0,0.8405146550741593,0.4314916133433481,0.6,1.0,0.816018805252523,72.00553095678414,16.2087623354845,beak,stop,12,0,12,4,12,0,12,0,12,0,0,0,0,12,0,8,0,12,0,0.0,0.0,5.0,0.6666666666666666,1.0,1.0,1.0,0.0,31.470715477406074,1.0,0.816018805252523,True,2.0,8,0.6,,30.0
beak|H15.0|r5|c0.6|w30cup|v2|stop|t0.6|qcfg|gcfg,coin_1yen,15.0,0.18398119474747693,0.0,0.6,0.18398119474747693,0.0,30.562132483360745,4.676508097220843,beak,stop,12,0,0,0,0,4,4,0,0,0,0,0,8,4,0,0,0,12,0,3.04545679760284,2.6895337340986654,5.0,0.0,0.0,0.0,0.3333333333333333,0.0,0.0,0.5685083866566518,0.1594853449258405,True,2.0,0,0.6,,30.0
beak|H15.0|r5|c0.6|w30cup|v2|stop|t0.6|qcfg|gcfg,crumb_cube,15.0,0.18398119474747693,0.0,0.6,0.39920691041554024,0.05678055274944438,676.486244134774,820.6778135426979,beak,stop,12,10,2,0,0,0,2,0,2,0,2,0,10,2,0,0,0,12,0,0.11115423752536963,0.022230847505073925,5.0,0.0,0.16666666666666666,0.16666666666666666,0.16666666666666666,0.0,4042.747782918722,0.39920691041554024,0.05678055274944438,True,2.0,0,0.6,,30.0
beak|H15.0|r5|c0.6|w30open|v10|stop|t0.4|qcfg|gcfg,battery_cr2032,15.0,0.18398119474747693,0.0,0.6,0.18398119474747693,0.0,194.52376897829467,30.870901855499294,beak,stop,12,0,0,0,0,4,8,0,1,0,0,0,8,10,2,0,0,12,0,4.046445024782401,0.9263025636603479,5.0,0.0,0.0,0.08333333333333333,0.8333333333333334,0.16666666666666666,14.96219999928829,0.9432194472505557,0.6007930895844598,False,10.0,0,0.4,,30.0
beak|H15.0|r5|c0.6|w30open|v10|stop|t0.4|qcfg|gcfg,bead,15.0,1.0,0.816018805252523,0.6,1.0,0.816018805252523,0.0,2.283769191657385,beak,stop,12,0,12,0,12,0,2,0,12,0,0,0,0,12,10,12,10,12,0,0.0,0.0,5.0,1.0,1.0,1.0,1.0,0.8333333333333334,30.986008473734245,1.0,0.816018805252523,False,10.0,12,0.4,,30.0
beak|H15.0|r5|c0.6|w30open|v10|stop|t0.4|qcfg|gcfg,coin_1yen,15.0,0.18398119474747693,0.0,0.6,0.18398119474747693,0.0,74.63837785246612,17.98167685285865,beak,stop,12,0,0,0,0,4,4,0,0,0,0,0,8,4,0,0,0,12,0,3.1022995553672965,2.76257250395159,5.0,0.0,0.0,0.0,0.3333333333333333,0.0,0.0,0.5685083866566518,0.1594853449258405,False,10.0,0,0.4,,30.0
beak|H15.0|r5|c0.6|w30open|v10|stop|t0.4|qcfg|gcfg,crumb_cube,15.0,0.18398119474747693,0.0,0.6,0.39920691041554024,0.05678055274944438,452.6502369578794,746.9023386380211,beak,stop,12,10,2,0,0,0,2,0,2,0,2,0,10,2,0,0,0,12,0,0.12315394577307182,0.024630789154614363,5.0,0.0,0.16666666666666666,0.16666666666666666,0.16666666666666666,0.0,2697.2071549263687,0.39920691041554024,0.05678055274944438,False,10.0,0,0.4,,30.0
beak|H15.0|r5|c0.6|w30open|v10|stop|t0.6|q0.02|gcfg,battery_cr2032,15.0,0.18398119474747693,0.0,0.6,0.18398119474747693,0.0,227.1158206643972,123.64471521478086,beak,stop,12,0,0,0,0,3,11,0,1,0,1,0,8,9,1,0,0,12,0,4.5171182129250464,1.722650838253701,5.0,0.0,0.0,0.08333333333333333,0.75,0.08333333333333333,634.4955147042363,0.8953474344295108,0.5126619681967507,False,10.0,0,0.6,0.02,30.0
beak|H15.0|r5|c0.6|w30open|v10|stop|t0.6|q0.02|gcfg,bead,15.0,0.7144651456224747,0.2855348543775254,0.6,1.0,0.816018805252523,106.90311021276852,10.416682876334018,beak,stop,12,0,12,6,12,0,7,0,12,0,0,0,0,12,5,6,5,12,0,0.0,0.0,5.0,0.5,1.0,1.0,1.0,0.4166666666666667,31.30204438364733,1.0,0.816018805252523,False,10.0,6,0.6,0.02,30.0
beak|H15.0|r5|c0.6|w30open|v10|stop|t0.6|q0.02|gcfg,coin_1yen,15.0,0.18398119474747693,0.0,0.6,0.18398119474747693,0.0,34.347774600869485,8.10912107555948,beak,stop,12,0,0,0,0,2,4,0,0,0,0,0,10,4,0,0,0,12,0,73.06605810566181,12.825624105614802,5.0,0.0,0.0,0.0,0.3333333333333333,0.0,0.0,0.5685083866566518,0.1594853449258405,False,10.0,0,0.6,0.02,30.0
beak|H15.0|r5|c0.6|w30open|v10|stop|t0.6|q0.02|gcfg,crumb_cube,15.0,0.18398119474747693,0.0,0.6,0.18398119474747693,0.0,10.145142565386664,0.00024653950524405194,beak,stop,12,12,0,0,0,0,0,0,0,0,0,0,12,0,0,0,0,12,0,0.1536776411706839,0.02561294019511398,5.0,0.0,0.0,0.0,0.0,0.0,0.0,0.18398119474747693,0.0,False,10.0,0,0.6,0.02,30.0
beak|H15.0|r5|c0.6|w30open|v10|stop|t0.6|q0.18|gcfg,battery_cr2032,15.0,0.18398119474747693,0.0,0.6,0.18398119474747693,0.0,163.52852835461493,71.02352809993506,beak,stop,12,0,0,0,0,3,10,0,1,0,1,0,8,10,2,0,0,12,0,3.3870600958276555,1.4906655741552957,5.0,0.0,0.0,0.08333333333333333,0.8333333333333334,0.16666666666666666,344.65346519107464,0.9432194472505557,0.6007930895844598,False,10.0,0,0.6,0.18,30.0
beak|H15.0|r5|c0.6|w30open|v10|stop|t0.6|q0.18|gcfg,bead,15.0,1.0,0.816018805252523,0.6,1.0,0.816018805252523,0.0,4.670860999374868,beak,stop,12,0,12,0,12,0,5,0,12,0,0,0,0,12,7,12,7,12,0,0.0,0.0,5.0,1.0,1.0,1.0,1.0,0.5833333333333334,31.02114231087101,1.0,0.816018805252523,False,10.0,12,0.6,0.18,30.0
beak|H15.0|r5|c0.6|w30open|v10|stop|t0.6|q0.18|gcfg,coin_1yen,15.0,0.18398119474747693,0.0,0.6,0.18398119474747693,0.0,33.85969296560649,6.485630496954087,beak,stop,12,0,0,0,0,2,4,0,0,0,0,0,10,5,1,0,0,12,0,77.40767086571522,16.863468651840087,5.0,0.0,0.0,0.0,0.4166666666666667,0.08333333333333333,0.0,0.6440189850994654,0.2199778806917808,False,10.0,0,0.6,0.18,30.0
beak|H15.0|r5|c0.6|w30open|v10|stop|t0.6|q0.18|gcfg,crumb_cube,15.0,0.18398119474747693,0.0,0.6,0.18398119474747693,0.0,9.52479313483695,0.004650642913746686,beak,stop,12,12,0,0,0,0,0,0,0,0,0,0,12,0,0,0,0,12,0,0.0,0.0,5.0,0.0,0.0,0.0,0.0,0.0,0.0,0.18398119474747693,0.0,False,10.0,0,0.6,0.18,30.0
beak|H15.0|r5|c0.6|w30open|v10|stop|t0.6|qcfg|gcontact:10,battery_cr2032,15.0,0.18398119474747693,0.0,0.6,0.18398119474747693,0.0,125.037343291738,224.01041426606815,beak,stop,12,0,0,0,0,3,9,0,3,0,1,0,8,10,2,0,0,12,0,15.211121783665675,11.180121132334149,5.0,0.0,0.0,0.25,0.8333333333333334,0.16666666666666666,855.7233849791004,0.9432194472505557,0.6007930895844598,False,10.0,0,0.6,,30.0
beak|H15.0|r5|c0.6|w30open|v10|stop|t0.6|qcfg|gcontact:10,bead,15.0,1.0,0.816018805252523,0.6,1.0,0.816018805252523,0.0,3.9923617602799273,beak,stop,12,0,12,0,12,0,6,0,12,0,0,0,0,12,6,12,6,12,0,0.0,0.0,5.0,1.0,1.0,1.0,1.0,0.5,30.992853801716908,1.0,0.816018805252523,False,10.0,12,0.6,,30.0
beak|H15.0|r5|c0.6|w30open|v10|stop|t0.6|qcfg|gcontact:10,coin_1yen,15.0,0.18398119474747693,0.0,0.6,0.18398119474747693,0.0,66.9432300418033,11.099766746470607,beak,stop,12,0,0,0,0,4,4,0,1,0,0,0,8,4,0,0,0,12,0,13.054515367527483,12.712636547254302,5.0,0.0,0.0,0.08333333333333333,0.3333333333333333,0.0,25.607315646214243,0.5685083866566518,0.1594853449258405,False,10.0,0,0.6,,30.0
beak|H15.0|r5|c0.6|w30open|v10|stop|t0.6|qcfg|gcontact:10,crumb_cube,15.0,0.18398119474747693,0.0,0.6,0.18398119474747693,0.0,9.68238223869806,0.00225912246464878,beak,stop,12,12,0,0,0,0,0,0,0,0,0,0,12,0,0,0,0,12,0,9.869578248261726,8.723331173996081,5.0,0.0,0.0,0.0,0.0,0.0,0.0,0.18398119474747693,0.0,False,10.0,0,0.6,,30.0
beak|H15.0|r5|c0.6|w30open|v10|stop|t0.6|qcfg|gcontact:30,battery_cr2032,15.0,0.18398119474747693,0.0,0.6,0.18398119474747693,0.0,96.65463428374073,15.05850973725899,beak,stop,12,0,0,0,0,3,12,0,1,0,1,0,8,7,0,0,0,12,0,32.19706859353816,30.561143412049283,5.0,0.0,0.0,0.08333333333333333,0.5833333333333334,0.0,99.47080914463004,0.7800221193082193,0.3559810149005347,False,10.0,0,0.6,,30.0
beak|H15.0|r5|c0.6|w30open|v10|stop|t0.6|qcfg|gcontact:30,bead,15.0,1.0,0.816018805252523,0.6,1.0,0.816018805252523,0.0,4.198574146045554,beak,stop,12,0,12,0,12,0,6,0,12,0,0,0,0,12,6,12,6,12,0,0.0,0.0,5.0,1.0,1.0,1.0,1.0,0.5,30.985859753245887,1.0,0.816018805252523,False,10.0,12,0.6,,30.0
beak|H15.0|r5|c0.6|w30open|v10|stop|t0.6|qcfg|gcontact:30,coin_1yen,15.0,0.18398119474747693,0.0,0.6,0.18398119474747693,0.0,31.64224057693646,4.574600789054861,beak,stop,12,0,0,0,0,4,4,0,0,0,0,0,8,4,0,0,0,12,0,32.98074220014962,32.69742048195464,5.0,0.0,0.0,0.0,0.3333333333333333,0.0,0.0,0.5685083866566518,0.1594853449258405,False,10.0,0,0.6,,30.0
beak|H15.0|r5|c0.6|w30open|v10|stop|t0.6|qcfg|gcontact:30,crumb_cube,15.0,0.18398119474747693,0.0,0.6,0.18398119474747693,0.0,9.682380002267863,0.0030754507902523015,beak,stop,12,12,0,0,0,0,0,0,0,0,0,0,12,0,0,0,0,12,0,29.872295754144385,28.613616785534827,5.0,0.0,0.0,0.0,0.0,0.0,0.0,0.18398119474747693,0.0,False,10.0,0,0.6,,30.0
beak|H15.0|r5|c0.6|w30open|v2|stop|t0.4|qcfg|gcfg,battery_cr2032,15.0,0.18398119474747693,0.0,0.6,0.18398119474747693,0.0,237.68760057403713,30.870840433243053,beak,stop,12,0,0,0,0,4,10,0,0,0,0,0,8,10,1,0,0,12,0,1.7116748833738358,0.3694351729850746,5.0,0.0,0.0,0.0,0.8333333333333334,0.08333333333333333,0.0,0.9432194472505557,0.6007930895844598,False,2.0,0,0.4,,30.0
beak|H15.0|r5|c0.6|w30open|v2|stop|t0.4|qcfg|gcfg,bead,15.0,1.0,0.816018805252523,0.6,1.0,0.816018805252523,0.0,2.3815915984711022,beak,stop,12,0,12,0,12,0,6,0,12,0,0,0,0,12,6,12,6,12,0,0.0,0.0,5.0,1.0,1.0,1.0,1.0,0.5,31.000034183098336,1.0,0.816018805252523,False,2.0,12,0.4,,30.0
beak|H15.0|r5|c0.6|w30open|v2|stop|t0.4|qcfg|gcfg,coin_1yen,15.0,0.18398119474747693,0.0,0.6,0.18398119474747693,0.0,69.783772380297,17.973040838531727,beak,stop,12,0,0,0,0,4,4,0,0,0,0,0,8,4,0,0,0,12,0,3.109779902674567,2.7788461355438154,5.0,0.0,0.0,0.0,0.3333333333333333,0.0,0.0,0.5685083866566518,0.1594853449258405,False,2.0,0,0.4,,30.0
beak|H15.0|r5|c0.6|w30open|v2|stop|t0.4|qcfg|gcfg,crumb_cube,15.0,0.18398119474747693,0.0,0.6,0.39920691041554024,0.05678055274944438,451.2116718301627,746.6664559723117,beak,stop,12,10,2,0,0,0,2,0,2,0,2,0,10,2,0,0,0,12,0,0.11007997721006885,0.02201599544201377,5.0,0.0,0.16666666666666666,0.16666666666666666,0.16666666666666666,0.0,2689.4181170924335,0.39920691041554024,0.05678055274944438,False,2.0,0,0.4,,30.0
beak|H15.0|r5|c0.6|w30open|v2|stop|t0.6|q0.02|gcfg,battery_cr2032,15.0,0.18398119474747693,0.0,0.6,0.18398119474747693,0.0,129.08532616053247,48.78147857994645,beak,stop,12,0,0,0,0,5,9,0,0,0,0,0,7,10,2,0,0,12,0,1.9083803222822506,0.723169262246606,5.0,0.0,0.0,0.0,0.8333333333333334,0.16666666666666666,0.0,0.9432194472505557,0.6007930895844598,False,2.0,0,0.6,0.02,30.0
beak|H15.0|r5|c0.6|w30open|v2|stop|t0.6|q0.02|gcfg,bead,15.0,0.4873380318032493,0.10465256557048919,0.6,1.0,0.816018805252523,161.35667853627396,10.862385927121094,beak,stop,12,0,12,9,12,0,12,0,12,0,0,0,0,12,0,3,0,12,0,0.0,0.0,5.0,0.25,1.0,1.0,1.0,0.0,31.329676048634237,1.0,0.816018805252523,False,2.0,3,0.6,0.02,30.0
beak|H15.0|r5|c0.6|w30open|v2|stop|t0.6|q0.02|gcfg,coin_1yen,15.0,0.18398119474747693,0.0,0.6,0.18398119474747693,0.0,33.38819517689239,8.109123178970021,beak,stop,12,0,0,0,0,2,4,0,1,0,0,0,10,4,0,0,0,12,0,73.03219343132973,12.766790206691734,5.0,0.0,0.0,0.08333333333333333,0.3333333333333333,0.0,1.8113682537026636,0.5685083866566518,0.1594853449258405,False,2.0,0,0.6,0.02,30.0
beak|H15.0|r5|c0.6|w30open|v2|stop|t0.6|q0.02|gcfg,crumb_cube,15.0,0.18398119474747693,0.0,0.6,0.18398119474747693,0.0,10.145245249092945,0.0,beak,stop,12,12,0,0,0,0,0,0,0,0,0,0,12,0,0,0,0,12,0,0.13642345193787264,0.02273724198964544,5.0,0.0,0.0,0.0,0.0,0.0,0.0,0.18398119474747693,0.0,False,2.0,0,0.6,0.02,30.0
beak|H15.0|r5|c0.6|w30open|v2|stop|t0.6|q0.18|gcfg,battery_cr2032,15.0,0.18398119474747693,0.0,0.6,0.18398119474747693,0.0,288.8082356597152,42.93825440235972,beak,stop,12,0,0,0,0,2,10,0,2,0,2,0,8,10,2,0,0,12,0,22.424730241392577,6.1899767441165015,5.0,0.0,0.0,0.16666666666666666,0.8333333333333334,0.16666666666666666,143.7173311581816,0.9432194472505557,0.6007930895844598,False,2.0,0,0.6,0.18,30.0
beak|H15.0|r5|c0.6|w30open|v2|stop|t0.6|q0.18|gcfg,bead,15.0,0.9811839504836382,0.6988317205601311,0.6,1.0,0.816018805252523,19.090117007111026,8.60677903593652,beak,stop,12,0,12,1,12,0,11,0,12,0,0,0,0,12,1,11,1,12,0,0.0,0.0,5.0,0.9166666666666666,1.0,1.0,1.0,0.08333333333333333,31.228293681514305,1.0,0.816018805252523,False,2.0,11,0.6,0.18,30.0
beak|H15.0|r5|c0.6|w30open|v2|stop|t0.6|q0.18|gcfg,coin_1yen,15.0,0.18398119474747693,0.0,0.6,0.18398119474747693,0.0,38.79522209363186,3.8585391067256554,beak,stop,12,0,0,0,0,2,4,0,0,0,0,0,10,5,1,0,0,12,0,80.4620189048079,17.083724386539338,5.0,0.0,0.0,0.0,0.4166666666666667,0.08333333333333333,0.0,0.6440189850994654,0.2199778806917808,False,2.0,0,0.6,0.18,30.0
beak|H15.0|r5|c0.6|w30open|v2|stop|t0.6|q0.18|gcfg,crumb_cube,15.0,0.18398119474747693,0.0,0.6,0.18398119474747693,0.0,9.52479256912517,0.0031161764885425866,beak,stop,12,12,0,0,0,0,0,0,0,0,0,0,12,0,0,0,0,12,0,0.0,0.0,5.0,0.0,0.0,0.0,0.0,0.0,0.0,0.18398119474747693,0.0,False,2.0,0,0.6,0.18,30.0
beak|H15.0|r5|c0.6|w30open|v2|stop|t0.6|qcfg|gcontact:10,battery_cr2032,15.0,0.18398119474747693,0.0,0.6,0.18398119474747693,0.0,107.12563615612862,424.1870375722224,beak,stop,12,0,0,0,0,3,8,0,1,0,1,0,8,7,2,0,0,12,0,27.714004814961786,12.714872743728598,5.0,0.0,0.0,0.08333333333333333,0.5833333333333334,0.16666666666666666,675.1655134700507,0.7800221193082193,0.3559810149005347,False,2.0,0,0.6,,30.0
beak|H15.0|r5|c0.6|w30open|v2|stop|t0.6|qcfg|gcontact:10,bead,15.0,0.9432194472505557,0.6007930895844598,0.6,1.0,0.816018805252523,29.5381880513953,14.83933821278043,beak,stop,12,0,12,2,12,0,12,0,12,0,0,0,0,12,0,10,0,12,0,0.0,0.0,5.0,0.8333333333333334,1.0,1.0,1.0,0.0,31.372707706882164,1.0,0.816018805252523,False,2.0,10,0.6,,30.0
beak|H15.0|r5|c0.6|w30open|v2|stop|t0.6|qcfg|gcontact:10,coin_1yen,15.0,0.18398119474747693,0.0,0.6,0.18398119474747693,0.0,72.65688196839527,21.002738706949042,beak,stop,12,0,0,0,0,4,4,0,0,0,0,0,8,4,0,0,0,12,0,13.07252003686038,12.652181407161581,5.0,0.0,0.0,0.0,0.3333333333333333,0.0,0.0,0.5685083866566518,0.1594853449258405,False,2.0,0,0.6,,30.0
beak|H15.0|r5|c0.6|w30open|v2|stop|t0.6|qcfg|gcontact:10,crumb_cube,15.0,0.18398119474747693,0.0,0.6,0.18398119474747693,0.0,9.682382840986794,0.00024398069066369071,beak,stop,12,12,0,0,0,0,0,0,0,0,0,0,12,0,0,0,0,12,0,9.84113804814473,8.684295104782192,5.0,0.0,0.0,0.0,0.0,0.0,0.0,0.18398119474747693,0.0,False,2.0,0,0.6,,30.0
beak|H15.0|r5|c0.6|w30open|v2|stop|t0.6|qcfg|gcontact:30,battery_cr2032,15.0,0.18398119474747693,0.0,0.6,0.18398119474747693,0.0,87.69994644971412,40.28518879283255,beak,stop,12,0,0,0,0,4,7,0,1,0,0,0,8,10,3,0,0,12,0,31.606038539658876,29.287327526474733,5.0,0.0,0.0,0.08333333333333333,0.8333333333333334,0.25,13.78377792002171,0.9432194472505557,0.6007930895844598,False,2.0,0,0.6,,30.0
beak|H15.0|r5|c0.6|w30open|v2|stop|t0.6|qcfg|gcontact:30,bead,15.0,0.8953474344295108,0.5126619681967507,0.6,1.0,0.816018805252523,44.48227833633655,14.760487969685009,beak,stop,12,0,12,3,12,0,12,0,12,0,0,0,0,12,0,9,0,12,0,0.0,0.0,5.0,0.75,1.0,1.0,1.0,0.0,31.35718878449427,1.0,0.816018805252523,False,2.0,9,0.6,,30.0
beak|H15.0|r5|c0.6|w30open|v2|stop|t0.6|qcfg|gcontact:30,coin_1yen,15.0,0.18398119474747693,0.0,0.6,0.18398119474747693,0.0,74.97751659528045,18.261045967109244,beak,stop,12,0,0,0,0,4,4,0,0,0,0,0,8,4,0,0,0,12,0,33.06750040462604,32.709905524810225,5.0,0.0,0.0,0.0,0.3333333333333333,0.0,0.0,0.5685083866566518,0.1594853449258405,False,2.0,0,0.6,,30.0
beak|H15.0|r5|c0.6|w30open|v2|stop|t0.6|qcfg|gcontact:30,crumb_cube,15.0,0.18398119474747693,0.0,0.6,0.18398119474747693,0.0,9.68238299079382,0.0002501840578325934,beak,stop,12,12,0,0,0,0,0,0,0,0,0,0,12,0,0,0,0,12,0,29.841147057278103,28.589284605479538,5.0,0.0,0.0,0.0,0.0,0.0,0.0,0.18398119474747693,0.0,False,2.0,0,0.6,,30.0
beak|H15.0|r5|c0.6|w40cup|v10|stop|t0.4|qcfg|gcfg,battery_cr2032,15.0,0.18398119474747693,0.0,0.6,0.18398119474747693,0.0,28.817230621599496,16.586166387501383,beak,stop,12,0,0,0,0,0,8,0,0,0,0,0,12,7,3,0,0,12,0,9.389680873421742,2.148169686867821,5.0,0.0,0.0,0.0,0.5833333333333334,0.25,0.0,0.7800221193082193,0.3559810149005347,True,10.0,0,0.4,,40.0
beak|H15.0|r5|c0.6|w40cup|v10|stop|t0.4|qcfg|gcfg,bead,15.0,1.0,0.816018805252523,0.6,1.0,0.816018805252523,0.0,2.283769191657385,beak,stop,12,0,12,0,12,0,2,0,12,0,0,0,0,12,10,12,10,12,0,0.0,0.0,5.0,1.0,1.0,1.0,1.0,0.8333333333333334,30.986008473734245,1.0,0.816018805252523,True,10.0,12,0.4,,40.0
beak|H15.0|r5|c0.6|w40cup|v10|stop|t0.4|qcfg|gcfg,coin_1yen,15.0,0.18398119474747693,0.0,0.6,0.18398119474747693,0.0,17.370143721025297,0.4195709874952725,beak,stop,12,0,0,0,0,0,0,0,0,0,0,0,12,0,0,0,0,12,0,3.0967859666531927,2.7613149428396153,5.0,0.0,0.0,0.0,0.0,0.0,0.0,0.18398119474747693,0.0,True,10.0,0,0.4,,40.0
beak|H15.0|r5|c0.6|w40cup|v10|stop|t0.4|qcfg|gcfg,crumb_cube,15.0,0.18398119474747693,0.0,0.6,0.39920691041554024,0.05678055274944438,431.0070862082834,726.0783082470239,beak,stop,12,10,2,0,0,0,2,0,2,0,2,0,10,2,0,0,0,12,0,0.13295057304913566,0.02659011460982713,5.0,0.0,0.16666666666666666,0.16666666666666666,0.16666666666666666,0.0,2569.017206918352,0.39920691041554024,0.05678055274944438,True,10.0,0,0.4,,40.0
beak|H15.0|r5|c0.6|w40cup|v10|stop|t0.6|q0.02|gcfg,battery_cr2032,15.0,0.18398119474747693,0.0,0.6,0.18398119474747693,0.0,37.3441783315945,3.15614718179067,beak,stop,12,0,0,0,0,0,8,0,0,0,0,0,12,3,1,0,0,12,0,4.778713238807492,1.642943709765854,5.0,0.0,0.0,0.0,0.25,0.08333333333333333,0.0,0.4873380318032493,0.10465256557048919,True,10.0,0,0.6,0.02,40.0
beak|H15.0|r5|c0.6|w40cup|v10|stop|t0.6|q0.02|gcfg,bead,15.0,0.7144651456224747,0.2855348543775254,0.6,1.0,0.816018805252523,106.90311021276852,10.416682876334018,beak,stop,12,0,12,6,12,0,7,0,12,0,0,0,0,12,5,6,5,12,0,0.0,0.0,5.0,0.5,1.0,1.0,1.0,0.4166666666666667,31.30204438364733,1.0,0.816018805252523,True,10.0,6,0.6,0.02,40.0
beak|H15.0|r5|c0.6|w40cup|v10|stop|t0.6|q0.02|gcfg,coin_1yen,15.0,0.18398119474747693,0.0,0.6,0.18398119474747693,0.0,16.240663442114666,0.2380020286708931,beak,stop,12,0,0,0,0,0,0,0,0,0,0,0,12,0,0,0,0,12,0,1.453452156200581,1.227376336112988,5.0,0.0,0.0,0.0,0.0,0.0,0.0,0.18398119474747693,0.0,True,10.0,0,0.6,0.02,40.0
beak|H15.0|r5|c0.6|w40cup|v10|stop|t0.6|q0.02|gcfg,crumb_cube,15.0,0.18398119474747693,0.0,0.6,0.18398119474747693,0.0,10.145984062228239,0.00024653950524405194,beak,stop,12,12,0,0,0,0,0,0,0,0,0,0,12,0,0,0,0,12,0,0.15544013326001388,0.02590668887666898,5.0,0.0,0.0,0.0,0.0,0.0,0.0,0.18398119474747693,0.0,True,10.0,0,0.6,0.02,40.0
beak|H15.0|r5|c0.6|w40cup|v10|stop|t0.6|q0.18|gcfg,battery_cr2032,15.0,0.18398119474747693,0.0,0.6,0.18398119474747693,0.0,46.29811651107919,63.57367101955977,beak,stop,12,0,0,0,0,2,10,0,2,0,2,0,8,10,1,0,0,12,0,30.740669541132622,4.919057632983079,5.0,0.0,0.0,0.16666666666666666,0.8333333333333334,0.08333333333333333,166.81021064730933,0.9432194472505557,0.6007930895844598,True,10.0,0,0.6,0.18,40.0
beak|H15.0|r5|c0.6|w40cup|v10|stop|t0.6|q0.18|gcfg,bead,15.0,1.0,0.816018805252523,0.6,1.0,0.816018805252523,0.0,4.670860999374868,beak,stop,12,0,12,0,12,0,5,0,12,0,0,0,0,12,7,12,7,12,0,0.0,0.0,5.0,1.0,1.0,1.0,1.0,0.5833333333333334,31.02114231087101,1.0,0.816018805252523,True,10.0,12,0.6,0.18,40.0
beak|H15.0|r5|c0.6|w40cup|v10|stop|t0.6|q0.18|gcfg,coin_1yen,15.0,0.18398119474747693,0.0,0.6,0.18398119474747693,0.0,19.886249866153495,1.7520342799957136,beak,stop,12,0,0,0,0,0,0,0,0,0,0,0,12,4,4,0,0,12,0,8.14078299350976,5.302249208332527,5.0,0.0,0.0,0.0,0.3333333333333333,0.3333333333333333,0.0,0.5685083866566518,0.1594853449258405,True,10.0,0,0.6,0.18,40.0
beak|H15.0|r5|c0.6|w40cup|v10|stop|t0.6|q0.18|gcfg,crumb_cube,15.0,0.18398119474747693,0.0,0.6,0.18398119474747693,0.0,9.524825148592384,0.0231100939154915,beak,stop,12,12,0,0,0,0,0,0,0,0,0,0,12,0,0,0,0,12,0,0.0,0.0,5.0,0.0,0.0,0.0,0.0,0.0,0.0,0.18398119474747693,0.0,True,10.0,0,0.6,0.18,40.0
beak|H15.0|r5|c0.6|w40cup|v10|stop|t0.6|qcfg|gcontact:10,battery_cr2032,15.0,0.18398119474747693,0.0,0.6,0.18398119474747693,0.0,27.132481089325534,5.617931105784818,beak,stop,12,0,0,0,0,0,7,0,0,0,0,0,12,8,5,0,0,12,0,13.894197647770497,10.574499254798537,5.0,0.0,0.0,0.0,0.6666666666666666,0.4166666666666667,0.0,0.8405146550741593,0.4314916133433481,True,10.0,0,0.6,,40.0
beak|H15.0|r5|c0.6|w40cup|v10|stop|t0.6|qcfg|gcontact:10,bead,15.0,1.0,0.816018805252523,0.6,1.0,0.816018805252523,0.0,3.9923617602799273,beak,stop,12,0,12,0,12,0,6,0,12,0,0,0,0,12,6,12,6,12,0,0.0,0.0,5.0,1.0,1.0,1.0,1.0,0.5,30.992853801716908,1.0,0.816018805252523,True,10.0,12,0.6,,40.0
beak|H15.0|r5|c0.6|w40cup|v10|stop|t0.6|qcfg|gcontact:10,coin_1yen,15.0,0.18398119474747693,0.0,0.6,0.18398119474747693,0.0,17.30828954036708,0.40890754440183363,beak,stop,12,0,0,0,0,0,0,0,0,0,0,0,12,0,0,0,0,12,0,13.04121269494312,12.7012520694063,5.0,0.0,0.0,0.0,0.0,0.0,0.0,0.18398119474747693,0.0,True,10.0,0,0.6,,40.0
beak|H15.0|r5|c0.6|w40cup|v10|stop|t0.6|qcfg|gcontact:10,crumb_cube,15.0,0.18398119474747693,0.0,0.6,0.18398119474747693,0.0,9.68238605033157,0.0027477025599511803,beak,stop,12,12,0,0,0,0,0,0,0,0,0,0,12,0,0,0,0,12,0,9.869561233235762,8.724179167291416,5.0,0.0,0.0,0.0,0.0,0.0,0.0,0.18398119474747693,0.0,True,10.0,0,0.6,,40.0
beak|H15.0|r5|c0.6|w40cup|v10|stop|t0.6|qcfg|gcontact:30,battery_cr2032,15.0,0.18398119474747693,0.0,0.6,0.18398119474747693,0.0,34.0308506622866,6.689065891971318,beak,stop,12,0,0,0,0,1,10,0,0,0,0,0,11,6,1,0,0,12,0,47.51535025162629,33.53582115787528,5.0,0.0,0.0,0.0,0.5,0.08333333333333333,0.0,0.7144651456224747,0.2855348543775254,True,10.0,0,0.6,,40.0
beak|H15.0|r5|c0.6|w40cup|v10|stop|t0.6|qcfg|gcontact:30,bead,15.0,1.0,0.816018805252523,0.6,1.0,0.816018805252523,0.0,4.198574146045554,beak,stop,12,0,12,0,12,0,6,0,12,0,0,0,0,12,6,12,6,12,0,0.0,0.0,5.0,1.0,1.0,1.0,1.0,0.5,30.985859753245887,1.0,0.816018805252523,True,10.0,12,0.6,,40.0
beak|H15.0|r5|c0.6|w40cup|v10|stop|t0.6|qcfg|gcontact:30,coin_1yen,15.0,0.18398119474747693,0.0,0.6,0.18398119474747693,0.0,17.337662604402755,0.43506826145272776,beak,stop,12,0,0,0,0,0,0,0,0,0,0,0,12,0,0,0,0,12,0,33.09056775817934,32.73160339141776,5.0,0.0,0.0,0.0,0.0,0.0,0.0,0.18398119474747693,0.0,True,10.0,0,0.6,,40.0
beak|H15.0|r5|c0.6|w40cup|v10|stop|t0.6|qcfg|gcontact:30,crumb_cube,15.0,0.18398119474747693,0.0,0.6,0.18398119474747693,0.0,9.682386050331543,0.0030193030744448193,beak,stop,12,12,0,0,0,0,0,0,0,0,0,0,12,0,0,0,0,12,0,29.864205047689737,28.609414715713026,5.0,0.0,0.0,0.0,0.0,0.0,0.0,0.18398119474747693,0.0,True,10.0,0,0.6,,40.0
beak|H15.0|r5|c0.6|w40open|v10|stop|t0.6|qcfg|gcfg,battery_cr2032,15.0,0.18398119474747693,0.0,0.6,0.18398119474747693,0.0,27.696845016516495,14.612463524389662,beak,stop,12,0,0,0,0,0,8,0,0,0,0,0,12,10,3,0,0,12,0,22.546145310582165,3.7491227596722614,5.0,0.0,0.0,0.0,0.8333333333333334,0.25,0.0,0.9432194472505557,0.6007930895844598,False,10.0,0,0.6,,40.0
beak|H15.0|r5|c0.6|w40open|v10|stop|t0.6|qcfg|gcfg,bead,15.0,0.8405146550741593,0.4314916133433481,0.6,1.0,0.816018805252523,75.75603733698186,9.981125297080013,beak,stop,12,0,12,4,12,0,6,0,12,0,0,0,0,12,6,8,6,12,0,0.0,0.0,5.0,0.6666666666666666,1.0,1.0,1.0,0.5,31.272375261623353,1.0,0.816018805252523,False,10.0,8,0.6,,40.0
beak|H15.0|r5|c0.6|w40open|v10|stop|t0.6|qcfg|gcfg,coin_1yen,15.0,0.18398119474747693,0.0,0.6,0.18398119474747693,0.0,17.29195015696659,0.4096652479847933,beak,stop,12,0,0,0,0,0,0,0,0,0,0,0,12,0,0,0,0,12,0,3.036204394384276,2.678579120764178,5.0,0.0,0.0,0.0,0.0,0.0,0.0,0.18398119474747693,0.0,False,10.0,0,0.6,,40.0
beak|H15.0|r5|c0.6|w40open|v10|stop|t0.6|qcfg|gcfg,crumb_cube,15.0,0.18398119474747693,0.0,0.6,0.39920691041554024,0.05678055274944438,741.8304608336219,851.3750170263153,beak,stop,12,10,2,0,0,0,2,0,2,0,2,0,10,2,0,0,0,12,0,0.13434699653520205,0.02686939930704041,5.0,0.0,0.16666666666666666,0.16666666666666666,0.16666666666666666,0.0,4434.1222613566215,0.39920691041554024,0.05678055274944438,False,10.0,0,0.6,,40.0
beak|H15.0|r5|c0.6|w40open|v2|stop|t0.6|qcfg|gcfg,battery_cr2032,15.0,0.18398119474747693,0.0,0.6,0.18398119474747693,0.0,29.835123994019654,14.805281396969086,beak,stop,12,0,0,0,0,0,10,0,0,0,0,0,12,8,1,0,0,12,0,28.406979706676342,2.859401594713646,5.0,0.0,0.0,0.0,0.6666666666666666,0.08333333333333333,0.0,0.8405146550741593,0.4314916133433481,False,2.0,0,0.6,,40.0
beak|H15.0|r5|c0.6|w40open|v2|stop|t0.6|qcfg|gcfg,bead,15.0,0.8405146550741593,0.4314916133433481,0.6,1.0,0.816018805252523,72.00553095678414,16.2087623354845,beak,stop,12,0,12,4,12,0,12,0,12,0,0,0,0,12,0,8,0,12,0,0.0,0.0,5.0,0.6666666666666666,1.0,1.0,1.0,0.0,31.470715477406074,1.0,0.816018805252523,False,2.0,8,0.6,,40.0
beak|H15.0|r5|c0.6|w40open|v2|stop|t0.6|qcfg|gcfg,coin_1yen,15.0,0.18398119474747693,0.0,0.6,0.18398119474747693,0.0,17.334553423861617,0.40940671402196,beak,stop,12,0,0,0,0,0,0,0,0,0,0,0,12,0,0,0,0,12,0,3.0556735394814543,2.7019053112738045,5.0,0.0,0.0,0.0,0.0,0.0,0.0,0.18398119474747693,0.0,False,2.0,0,0.6,,40.0
beak|H15.0|r5|c0.6|w40open|v2|stop|t0.6|qcfg|gcfg,crumb_cube,15.0,0.18398119474747693,0.0,0.6,0.39920691041554024,0.05678055274944438,552.5419722453939,740.8242170708315,beak,stop,12,10,2,0,0,0,2,0,2,0,2,0,10,2,0,0,0,12,0,0.1176441324314062,0.02352882648628124,5.0,0.0,0.16666666666666666,0.16666666666666666,0.16666666666666666,0.0,3294.5599098998932,0.39920691041554024,0.05678055274944438,False,2.0,0,0.6,,40.0
