tag,obj,ci_hi,ci_lo,escape_mean_mm,form,moved_mean_mm,n,n_closed,n_entered,n_escaped,n_inside_at_close,n_knocked_in,n_launched,n_not_entered,n_pinched,n_pushed_ahead,n_rode,n_success,rate,speed,stop,successes
"hood|backstop=None,clearance_mm=0.1,funnel=True,gate=True,margin_mm=0.05,plate=0.002,retreat=0|v10|stop",battery_cr2032,0.18398119474747693,0.0,10.047662455877811,hood,30.014060614188736,12,0,0,0,0,0,0,0,0,12,0,0,0.0,10.0,True,0
"hood|backstop=None,clearance_mm=0.1,funnel=True,gate=True,margin_mm=0.05,plate=0.002,retreat=0|v10|stop",bead,0.18398119474747693,0.0,0.9106548193946694,hood,30.00437575927973,12,0,0,0,0,0,0,0,0,12,0,0,0.0,10.0,True,0
"hood|backstop=None,clearance_mm=0.1,funnel=True,gate=True,margin_mm=0.05,plate=0.002,retreat=0|v10|stop",coin_1yen,0.18398119474747693,0.0,10.048034465909167,hood,30.013305979314804,12,0,0,0,0,0,0,0,0,12,0,0,0.0,10.0,True,0
"hood|backstop=None,clearance_mm=0.1,funnel=True,gate=True,margin_mm=0.05,plate=0.002,retreat=0|v10|stop",crumb_cube,0.18398119474747693,0.0,5.04896889751837,hood,30.02391926246464,12,0,0,0,0,0,0,0,0,12,0,0,0.0,10.0,True,0
"hood|backstop=None,clearance_mm=0.1,funnel=True,gate=True,margin_mm=0.05,plate=0.1,retreat=0|v10|stop",battery_cr2032,0.18398119474747693,0.0,10.047829012619859,hood,30.01403288411988,12,0,0,0,0,0,0,0,0,12,0,0,0.0,10.0,True,0
"hood|backstop=None,clearance_mm=0.1,funnel=True,gate=True,margin_mm=0.05,plate=0.1,retreat=0|v10|stop",bead,0.18398119474747693,0.0,1.261776315714502,hood,30.00485142756844,12,0,0,0,0,0,0,0,0,12,0,0,0.0,10.0,True,0
"hood|backstop=None,clearance_mm=0.1,funnel=True,gate=True,margin_mm=0.05,plate=0.1,retreat=0|v10|stop",coin_1yen,0.18398119474747693,0.0,10.047746349312805,hood,30.013112773688263,12,0,0,0,0,0,0,0,0,12,0,0,0.0,10.0,True,0
"hood|backstop=None,clearance_mm=0.1,funnel=True,gate=True,margin_mm=0.05,plate=0.1,retreat=0|v10|stop",crumb_cube,0.18398119474747693,0.0,5.047353997463227,hood,30.022705776114364,12,0,0,0,0,0,0,0,0,12,0,0,0.0,10.0,True,0
"hood|backstop=None,clearance_mm=0.1,funnel=True,gate=True,margin_mm=0.2,plate=0.002,retreat=0|v10|stop",battery_cr2032,0.18398119474747693,0.0,10.172196432712242,hood,30.014137178240627,12,0,0,0,0,0,0,0,0,12,0,0,0.0,10.0,True,0
"hood|backstop=None,clearance_mm=0.1,funnel=True,gate=True,margin_mm=0.2,plate=0.002,retreat=0|v10|stop",bead,0.18398119474747693,0.0,0.9276367202265973,hood,30.0047105909549,12,0,0,0,0,0,0,0,0,12,0,0,0.0,10.0,True,0
"hood|backstop=None,clearance_mm=0.1,funnel=True,gate=True,margin_mm=0.2,plate=0.002,retreat=0|v10|stop",coin_1yen,0.18398119474747693,0.0,10.17195134811749,hood,30.015966146879947,12,0,0,0,0,0,0,0,0,12,0,0,0.0,10.0,True,0
"hood|backstop=None,clearance_mm=0.1,funnel=True,gate=True,margin_mm=0.2,plate=0.002,retreat=0|v10|stop",crumb_cube,0.18398119474747693,0.0,0.21171283999576784,hood,30.022673144950442,12,0,10,0,0,0,0,8,0,4,0,0,0.0,10.0,True,0
"hood|backstop=None,clearance_mm=0.1,funnel=True,gate=True,margin_mm=0.2,plate=0.1,retreat=0|v10|stop",battery_cr2032,0.18398119474747693,0.0,10.197923132868764,hood,30.01443560523444,12,0,0,0,0,0,0,0,0,12,0,0,0.0,10.0,True,0
"hood|backstop=None,clearance_mm=0.1,funnel=True,gate=True,margin_mm=0.2,plate=0.1,retreat=0|v10|stop",bead,0.18398119474747693,0.0,1.2861367741337353,hood,30.0050615070241,12,0,0,0,0,0,0,0,0,12,0,0,0.0,10.0,True,0
"hood|backstop=None,clearance_mm=0.1,funnel=True,gate=True,margin_mm=0.2,plate=0.1,retreat=0|v10|stop",coin_1yen,0.18398119474747693,0.0,10.197651768502153,hood,30.01464452483857,12,0,0,0,0,0,0,0,0,12,0,0,0.0,10.0,True,0
"hood|backstop=None,clearance_mm=0.1,funnel=True,gate=True,margin_mm=0.2,plate=0.1,retreat=0|v10|stop",crumb_cube,0.18398119474747693,0.0,5.196266391551535,hood,30.024670542372956,12,0,0,0,0,0,0,0,0,12,0,0,0.0,10.0,True,0
"hood|backstop=None,clearance_mm=0.1,funnel=True,gate=True,plate=0.002,retreat=0,solimp_width_mm=0.0001|v10|stop",battery_cr2032,0.18398119474747693,0.0,9.997755012783772,hood,30.01095313532471,12,0,0,0,0,0,0,0,0,12,0,0,0.0,10.0,True,0
"hood|backstop=None,clearance_mm=0.1,funnel=True,gate=True,plate=0.002,retreat=0,solimp_width_mm=0.0001|v10|stop",bead,0.18398119474747693,0.0,0.9078085605798748,hood,30.006690858059557,12,0,0,0,0,0,0,0,0,12,0,0,0.0,10.0,True,0
"hood|backstop=None,clearance_mm=0.1,funnel=True,gate=True,plate=0.002,retreat=0,solimp_width_mm=0.0001|v10|stop",coin_1yen,0.18398119474747693,0.0,9.997946788273541,hood,30.012319578537472,12,0,0,0,0,0,0,0,0,12,0,0,0.0,10.0,True,0
"hood|backstop=None,clearance_mm=0.1,funnel=True,gate=True,plate=0.002,retreat=0,solimp_width_mm=0.0001|v10|stop",crumb_cube,0.18398119474747693,0.0,4.997747151542139,hood,30.017922142893994,12,0,0,0,0,0,0,0,0,12,0,0,0.0,10.0,True,0
"hood|backstop=None,clearance_mm=0.1,funnel=True,gate=True,plate=0.002,retreat=0,solimp_width_mm=0.005|v10|stop",battery_cr2032,0.18398119474747693,0.0,9.997653194931837,hood,30.01176857024127,12,0,0,0,0,0,0,0,0,12,0,0,0.0,10.0,True,0
"hood|backstop=None,clearance_mm=0.1,funnel=True,gate=True,plate=0.002,retreat=0,solimp_width_mm=0.005|v10|stop",bead,0.18398119474747693,0.0,0.9031730740059462,hood,30.005161804081197,12,0,0,0,0,0,0,0,0,12,0,0,0.0,10.0,True,0
"hood|backstop=None,clearance_mm=0.1,funnel=True,gate=True,plate=0.002,retreat=0,solimp_width_mm=0.005|v10|stop",coin_1yen,0.18398119474747693,0.0,9.99790815504405,hood,30.013280723205668,12,0,0,0,0,0,0,0,0,12,0,0,0.0,10.0,True,0
"hood|backstop=None,clearance_mm=0.1,funnel=True,gate=True,plate=0.002,retreat=0,solimp_width_mm=0.005|v10|stop",crumb_cube,0.18398119474747693,0.0,4.9980715569579885,hood,30.02434604638258,12,0,0,0,0,0,0,0,0,12,0,0,0.0,10.0,True,0
"hood|backstop=None,clearance_mm=0.1,funnel=True,gate=True,plate=0.002,retreat=0,solref_s=0.001|v10|stop",battery_cr2032,0.18398119474747693,0.0,9.997932405999313,hood,30.01337749972178,12,0,0,0,0,0,0,0,0,12,0,0,0.0,10.0,True,0
"hood|backstop=None,clearance_mm=0.1,funnel=True,gate=True,plate=0.002,retreat=0,solref_s=0.001|v10|stop",bead,0.18398119474747693,0.0,0.898188719541726,hood,30.003317684830204,12,0,0,0,0,0,0,0,0,12,0,0,0.0,10.0,True,0
"hood|backstop=None,clearance_mm=0.1,funnel=True,gate=True,plate=0.002,retreat=0,solref_s=0.001|v10|stop",coin_1yen,0.18398119474747693,0.0,9.997922876223031,hood,30.012961136422934,12,0,0,0,0,0,0,0,0,12,0,0,0.0,10.0,True,0
"hood|backstop=None,clearance_mm=0.1,funnel=True,gate=True,plate=0.002,retreat=0,solref_s=0.001|v10|stop",crumb_cube,0.18398119474747693,0.0,4.997334128526968,hood,30.028559092440407,12,0,0,0,0,0,0,0,0,12,0,0,0.0,10.0,True,0
"hood|backstop=None,clearance_mm=0.1,funnel=True,gate=True,plate=0.002,retreat=0,solref_s=0.004|v10|stop",battery_cr2032,0.18398119474747693,0.0,9.997476611893818,hood,30.011989048051266,12,0,0,0,0,0,0,0,0,12,0,0,0.0,10.0,True,0
"hood|backstop=None,clearance_mm=0.1,funnel=True,gate=True,plate=0.002,retreat=0,solref_s=0.004|v10|stop",bead,0.18398119474747693,0.0,0.9318795327236801,hood,30.005266804359277,12,0,0,0,0,0,0,0,0,12,0,0,0.0,10.0,True,0
"hood|backstop=None,clearance_mm=0.1,funnel=True,gate=True,plate=0.002,retreat=0,solref_s=0.004|v10|stop",coin_1yen,0.18398119474747693,0.0,9.997130479726424,hood,30.012401036411774,12,0,0,0,0,0,0,0,0,12,0,0,0.0,10.0,True,0
"hood|backstop=None,clearance_mm=0.1,funnel=True,gate=True,plate=0.002,retreat=0,solref_s=0.004|v10|stop",crumb_cube,0.18398119474747693,0.0,4.996477692889379,hood,30.021199109763632,12,0,0,0,0,0,0,0,0,12,0,0,0.0,10.0,True,0
"hood|backstop=None,clearance_mm=0.1,funnel=True,gate=True,plate=0.002,retreat=0,solref_s=0.01|v10|stop",battery_cr2032,0.18398119474747693,0.0,9.997056871419622,hood,30.01112314859361,12,0,0,0,0,0,0,0,0,12,0,0,0.0,10.0,True,0
"hood|backstop=None,clearance_mm=0.1,funnel=True,gate=True,plate=0.002,retreat=0,solref_s=0.01|v10|stop",bead,0.18398119474747693,0.0,1.098976360935821,hood,30.003595980220997,12,0,0,0,0,0,0,0,0,12,0,0,0.0,10.0,True,0
"hood|backstop=None,clearance_mm=0.1,funnel=True,gate=True,plate=0.002,retreat=0,solref_s=0.01|v10|stop",coin_1yen,0.18398119474747693,0.0,9.997333947272006,hood,30.012532976304765,12,0,0,0,0,0,0,0,0,12,0,0,0.0,10.0,True,0
"hood|backstop=None,clearance_mm=0.1,funnel=True,gate=True,plate=0.002,retreat=0,solref_s=0.01|v10|stop",crumb_cube,0.18398119474747693,0.0,4.993630124528692,hood,30.022551139004488,12,0,0,0,0,0,0,0,0,12,0,0,0.0,10.0,True,0
"hood|backstop=None,clearance_mm=0.1,funnel=True,gate=True,plate=0.002,retreat=0,timestep_s=0.0001|v10|stop",battery_cr2032,0.18398119474747693,0.0,9.998717719909108,hood,30.00973007545453,12,0,0,0,0,0,0,0,0,12,0,0,0.0,10.0,True,0
"hood|backstop=None,clearance_mm=0.1,funnel=True,gate=True,plate=0.002,retreat=0,timestep_s=0.0001|v10|stop",bead,0.18398119474747693,0.0,0.9055043693524493,hood,30.002135213005616,12,0,0,0,0,0,0,0,0,12,0,0,0.0,10.0,True,0
"hood|backstop=None,clearance_mm=0.1,funnel=True,gate=True,plate=0.002,retreat=0,timestep_s=0.0001|v10|stop",coin_1yen,0.18398119474747693,0.0,9.998873688562641,hood,30.009901351080313,12,0,0,0,0,0,0,0,0,12,0,0,0.0,10.0,True,0
"hood|backstop=None,clearance_mm=0.1,funnel=True,gate=True,plate=0.002,retreat=0,timestep_s=0.0001|v10|stop",crumb_cube,0.18398119474747693,0.0,4.9986838147833135,hood,30.01906499772576,12,0,0,0,0,0,0,0,0,12,0,0,0.0,10.0,True,0
"hood|backstop=None,clearance_mm=0.1,funnel=True,gate=True,plate=0.002,retreat=0,timestep_s=5e-05|v10|stop",battery_cr2032,0.18398119474747693,0.0,9.999347976306618,hood,30.00915969284847,12,0,0,0,0,0,0,0,0,12,0,0,0.0,10.0,True,0
"hood|backstop=None,clearance_mm=0.1,funnel=True,gate=True,plate=0.002,retreat=0,timestep_s=5e-05|v10|stop",bead,0.18398119474747693,0.0,0.9058273653686894,hood,30.001416808795735,12,0,0,0,0,0,0,0,0,12,0,0,0.0,10.0,True,0
"hood|backstop=None,clearance_mm=0.1,funnel=True,gate=True,plate=0.002,retreat=0,timestep_s=5e-05|v10|stop",coin_1yen,0.18398119474747693,0.0,9.99931515187639,hood,30.009090191649875,12,0,0,0,0,0,0,0,0,12,0,0,0.0,10.0,True,0
"hood|backstop=None,clearance_mm=0.1,funnel=True,gate=True,plate=0.002,retreat=0,timestep_s=5e-05|v10|stop",crumb_cube,0.18398119474747693,0.0,4.998797699079471,hood,30.01774698928034,12,0,0,0,0,0,0,0,0,12,0,0,0.0,10.0,True,0
"hood|backstop=None,clearance_mm=0.1,funnel=True,gate=True,plate=0.002,retreat=0|v10|stop",battery_cr2032,0.18398119474747693,0.0,9.997905109138367,hood,30.012390038699646,12,0,0,0,0,0,0,0,0,12,0,0,0.0,10.0,True,0
"hood|backstop=None,clearance_mm=0.1,funnel=True,gate=True,plate=0.002,retreat=0|v10|stop",bead,0.18398119474747693,0.0,0.9048948985121706,hood,30.00611142870756,12,0,0,0,0,0,0,0,0,12,0,0,0.0,10.0,True,0
"hood|backstop=None,clearance_mm=0.1,funnel=True,gate=True,plate=0.002,retreat=0|v10|stop",coin_1yen,0.18398119474747693,0.0,9.998009059475688,hood,30.01340523918606,12,0,0,0,0,0,0,0,0,12,0,0,0.0,10.0,True,0
"hood|backstop=None,clearance_mm=0.1,funnel=True,gate=True,plate=0.002,retreat=0|v10|stop",crumb_cube,0.18398119474747693,0.0,4.99815302994559,hood,30.026342986407474,12,0,0,0,0,0,0,0,0,12,0,0,0.0,10.0,True,0
"hood|backstop=None,clearance_mm=0.1,funnel=True,gate=True,plate=0.1,retreat=0,solimp_width_mm=0.0001|v10|stop",battery_cr2032,0.18398119474747693,0.0,9.997626480023223,hood,30.011050441688884,12,0,0,0,0,0,0,0,0,12,0,0,0.0,10.0,True,0
"hood|backstop=None,clearance_mm=0.1,funnel=True,gate=True,plate=0.1,retreat=0,solimp_width_mm=0.0001|v10|stop",bead,0.18398119474747693,0.0,1.2546819248911214,hood,30.00468928842867,12,0,0,0,0,0,0,0,0,12,0,0,0.0,10.0,True,0
"hood|backstop=None,clearance_mm=0.1,funnel=True,gate=True,plate=0.1,retreat=0,solimp_width_mm=0.0001|v10|stop",coin_1yen,0.18398119474747693,0.0,9.997835439181145,hood,30.012285748431726,12,0,0,0,0,0,0,0,0,12,0,0,0.0,10.0,True,0
"hood|backstop=None,clearance_mm=0.1,funnel=True,gate=True,plate=0.1,retreat=0,solimp_width_mm=0.0001|v10|stop",crumb_cube,0.18398119474747693,0.0,4.9979905034712635,hood,30.017068438204813,12,0,0,0,0,0,0,0,0,12,0,0,0.0,10.0,True,0
"hood|backstop=None,clearance_mm=0.1,funnel=True,gate=True,plate=0.1,retreat=0,solimp_width_mm=0.005|v10|stop",battery_cr2032,0.18398119474747693,0.0,9.997645503786169,hood,30.011248629199546,12,0,0,0,0,0,0,0,0,12,0,0,0.0,10.0,True,0
"hood|backstop=None,clearance_mm=0.1,funnel=True,gate=True,plate=0.1,retreat=0,solimp_width_mm=0.005|v10|stop",bead,0.18398119474747693,0.0,1.252503023447636,hood,30.004689644936096,12,0,0,0,0,0,0,0,0,12,0,0,0.0,10.0,True,0
"hood|backstop=None,clearance_mm=0.1,funnel=True,gate=True,plate=0.1,retreat=0,solimp_width_mm=0.005|v10|stop",coin_1yen,0.18398119474747693,0.0,9.997707623896721,hood,30.01245154565912,12,0,0,0,0,0,0,0,0,12,0,0,0.0,10.0,True,0
"hood|backstop=None,clearance_mm=0.1,funnel=True,gate=True,plate=0.1,retreat=0,solimp_width_mm=0.005|v10|stop",crumb_cube,0.18398119474747693,0.0,4.997867004051695,hood,30.022386111529116,12,0,0,0,0,0,0,0,0,12,0,0,0.0,10.0,True,0
"hood|backstop=None,clearance_mm=0.1,funnel=True,gate=True,plate=0.1,retreat=0,solref_s=0.001|v10|stop",battery_cr2032,0.18398119474747693,0.0,9.998033895363365,hood,30.013592507546132,12,0,0,0,0,0,0,0,0,12,0,0,0.0,10.0,True,0
"hood|backstop=None,clearance_mm=0.1,funnel=True,gate=True,plate=0.1,retreat=0,solref_s=0.001|v10|stop",bead,0.18398119474747693,0.0,1.2494403343497582,hood,30.00479293727594,12,0,0,0,0,0,0,0,0,12,0,0,0.0,10.0,True,0
"hood|backstop=None,clearance_mm=0.1,funnel=True,gate=True,plate=0.1,retreat=0,solref_s=0.001|v10|stop",coin_1yen,0.18398119474747693,0.0,9.99791701381485,hood,30.01212174271369,12,0,0,0,0,0,0,0,0,12,0,0,0.0,10.0,True,0
"hood|backstop=None,clearance_mm=0.1,funnel=True,gate=True,plate=0.1,retreat=0,solref_s=0.001|v10|stop",crumb_cube,0.18398119474747693,0.0,4.997660605739106,hood,30.02658660216721,12,0,0,0,0,0,0,0,0,12,0,0,0.0,10.0,True,0
"hood|backstop=None,clearance_mm=0.1,funnel=True,gate=True,plate=0.1,retreat=0,solref_s=0.004|v10|stop",battery_cr2032,0.18398119474747693,0.0,9.997475977343734,hood,30.01284082142375,12,0,0,0,0,0,0,0,0,12,0,0,0.0,10.0,True,0
"hood|backstop=None,clearance_mm=0.1,funnel=True,gate=True,plate=0.1,retreat=0,solref_s=0.004|v10|stop",bead,0.18398119474747693,0.0,1.2734870825479478,hood,30.006160586742848,12,0,0,0,0,0,0,0,0,12,0,0,0.0,10.0,True,0
"hood|backstop=None,clearance_mm=0.1,funnel=True,gate=True,plate=0.1,retreat=0,solref_s=0.004|v10|stop",coin_1yen,0.18398119474747693,0.0,9.99738504492795,hood,30.013578810160197,12,0,0,0,0,0,0,0,0,12,0,0,0.0,10.0,True,0
"hood|backstop=None,clearance_mm=0.1,funnel=True,gate=True,plate=0.1,retreat=0,solref_s=0.004|v10|stop",crumb_cube,0.18398119474747693,0.0,4.995860899287799,hood,30.019029210106286,12,0,0,0,0,0,0,0,0,12,0,0,0.0,10.0,True,0
"hood|backstop=None,clearance_mm=0.1,funnel=True,gate=True,plate=0.1,retreat=0,solref_s=0.01|v10|stop",battery_cr2032,0.18398119474747693,0.0,9.997322097259538,hood,30.010807489508935,12,0,0,0,0,0,0,0,0,12,0,0,0.0,10.0,True,0
"hood|backstop=None,clearance_mm=0.1,funnel=True,gate=True,plate=0.1,retreat=0,solref_s=0.01|v10|stop",bead,0.18398119474747693,0.0,2.4255898834144376,hood,30.0044415958849,12,0,0,0,0,0,0,0,0,12,0,0,0.0,10.0,True,0
"hood|backstop=None,clearance_mm=0.1,funnel=True,gate=True,plate=0.1,retreat=0,solref_s=0.01|v10|stop",coin_1yen,0.18398119474747693,0.0,9.997183107656126,hood,30.0125852380866,12,0,0,0,0,0,0,0,0,12,0,0,0.0,10.0,True,0
"hood|backstop=None,clearance_mm=0.1,funnel=True,gate=True,plate=0.1,retreat=0,solref_s=0.01|v10|stop",crumb_cube,0.18398119474747693,0.0,4.991179669790522,hood,30.03163759759627,12,0,0,0,0,0,0,0,0,12,0,0,0.0,10.0,True,0
"hood|backstop=None,clearance_mm=0.1,funnel=True,gate=True,plate=0.1,retreat=0,timestep_s=0.0001|v10|stop",battery_cr2032,0.18398119474747693,0.0,9.998788459021222,hood,30.010213855661622,12,0,0,0,0,0,0,0,0,12,0,0,0.0,10.0,True,0
"hood|backstop=None,clearance_mm=0.1,funnel=True,gate=True,plate=0.1,retreat=0,timestep_s=0.0001|v10|stop",bead,0.18398119474747693,0.0,1.2544000354431395,hood,30.002054394251786,12,0,0,0,0,0,0,0,0,12,0,0,0.0,10.0,True,0
"hood|backstop=None,clearance_mm=0.1,funnel=True,gate=True,plate=0.1,retreat=0,timestep_s=0.0001|v10|stop",coin_1yen,0.18398119474747693,0.0,9.998849075075862,hood,30.010293025747362,12,0,0,0,0,0,0,0,0,12,0,0,0.0,10.0,True,0
"hood|backstop=None,clearance_mm=0.1,funnel=True,gate=True,plate=0.1,retreat=0,timestep_s=0.0001|v10|stop",crumb_cube,0.18398119474747693,0.0,4.998767616940842,hood,30.019777801598234,12,0,0,0,0,0,0,0,0,12,0,0,0.0,10.0,True,0
"hood|backstop=None,clearance_mm=0.1,funnel=True,gate=True,plate=0.1,retreat=0,timestep_s=5e-05|v10|stop",battery_cr2032,0.18398119474747693,0.0,9.999333896894216,hood,30.009103821937988,12,0,0,0,0,0,0,0,0,12,0,0,0.0,10.0,True,0
"hood|backstop=None,clearance_mm=0.1,funnel=True,gate=True,plate=0.1,retreat=0,timestep_s=5e-05|v10|stop",bead,0.18398119474747693,0.0,1.2548088247145068,hood,30.0014210365979,12,0,0,0,0,0,0,0,0,12,0,0,0.0,10.0,True,0
"hood|backstop=None,clearance_mm=0.1,funnel=True,gate=True,plate=0.1,retreat=0,timestep_s=5e-05|v10|stop",coin_1yen,0.18398119474747693,0.0,9.999366857269024,hood,30.00901316664247,12,0,0,0,0,0,0,0,0,12,0,0,0.0,10.0,True,0
"hood|backstop=None,clearance_mm=0.1,funnel=True,gate=True,plate=0.1,retreat=0,timestep_s=5e-05|v10|stop",crumb_cube,0.18398119474747693,0.0,4.998981538973724,hood,30.01565381618313,12,0,0,0,0,0,0,0,0,12,0,0,0.0,10.0,True,0
"hood|backstop=None,clearance_mm=0.1,funnel=True,gate=True,plate=0.1,retreat=0|v10|stop",battery_cr2032,0.18398119474747693,0.0,9.997767683415084,hood,30.01211614647518,12,0,0,0,0,0,0,0,0,12,0,0,0.0,10.0,True,0
"hood|backstop=None,clearance_mm=0.1,funnel=True,gate=True,plate=0.1,retreat=0|v10|stop",bead,0.18398119474747693,0.0,1.254399553134568,hood,30.005802498695118,12,0,0,0,0,0,0,0,0,12,0,0,0.0,10.0,True,0
"hood|backstop=None,clearance_mm=0.1,funnel=True,gate=True,plate=0.1,retreat=0|v10|stop",coin_1yen,0.18398119474747693,0.0,9.997430408166787,hood,30.01211563408636,12,0,0,0,0,0,0,0,0,12,0,0,0.0,10.0,True,0
"hood|backstop=None,clearance_mm=0.1,funnel=True,gate=True,plate=0.1,retreat=0|v10|stop",crumb_cube,0.18398119474747693,0.0,4.9970894534755175,hood,30.0258204204015,12,0,0,0,0,0,0,0,0,12,0,0,0.0,10.0,True,0
"hood|backstop=None,clearance_mm=0.1,funnel=True,gate=True,retreat=0,solref_s=0.01|v10|stop",battery_cr2032,1.0,0.816018805252523,0.0,hood,2.2923837703436027,12,12,12,0,12,0,0,0,0,0,0,12,1.0,10.0,True,12
"hood|backstop=None,clearance_mm=0.1,funnel=True,gate=True,retreat=0,solref_s=0.01|v10|stop",bead,1.0,0.816018805252523,0.0,hood,0.0,12,12,12,0,12,0,0,0,0,0,0,12,1.0,10.0,True,12
"hood|backstop=None,clearance_mm=0.1,funnel=True,gate=True,retreat=0,solref_s=0.01|v10|stop",coin_1yen,0.9811839504836382,0.6988317205601311,0.3067365502185289,hood,4.418312314539473,12,11,11,0,11,0,0,0,0,1,0,11,0.9166666666666666,10.0,True,11
"hood|backstop=None,clearance_mm=0.1,funnel=True,gate=True,retreat=0,solref_s=0.01|v10|stop",crumb_cube,1.0,0.816018805252523,0.0,hood,0.430654498478152,12,12,12,0,12,0,0,0,0,0,0,12,1.0,10.0,True,12
"hood|backstop=None,clearance_mm=0.1,funnel=True,gate=True,retreat=0,timestep_s=5e-05|v10|stop",battery_cr2032,0.9432194472505557,0.6007930895844598,0.4199277241455357,hood,6.505255525230332,12,10,10,0,10,0,0,0,0,2,0,10,0.8333333333333334,10.0,True,10
"hood|backstop=None,clearance_mm=0.1,funnel=True,gate=True,retreat=0,timestep_s=5e-05|v10|stop",bead,1.0,0.816018805252523,0.0,hood,0.0,12,12,12,0,12,0,0,0,0,0,0,12,1.0,10.0,True,12
"hood|backstop=None,clearance_mm=0.1,funnel=True,gate=True,retreat=0,timestep_s=5e-05|v10|stop",coin_1yen,0.8953474344295108,0.5126619681967507,0.8940572638496448,hood,8.752077144283051,12,9,9,0,9,0,0,0,0,3,0,9,0.75,10.0,True,9
"hood|backstop=None,clearance_mm=0.1,funnel=True,gate=True,retreat=0,timestep_s=5e-05|v10|stop",crumb_cube,1.0,0.816018805252523,0.0,hood,0.43000823235791197,12,12,12,0,12,0,0,0,0,0,0,12,1.0,10.0,True,12
